00,INDIA,000,INDIA,00000,INDIA,000000,0000,INDIA,Total,100,53.11,41.54,5.35,96.55,51.5,39.85,5.21,3.45,1.6,1.7,0.15,15.05,0.63,14.46,9.31,6.64,8.56,15.93,29.04,0.38,8.96,0.33,23.69,0.69,3.35,10.76,0.58,47.53,3.49,0.61,46.53,0.62,2.31,8.1,31.14,10.83,0.48,3.91,37.08,31.67,14.52,7.45,2.59,2.78,3.67,9.72,13.64,22.69,18.75,24.9,6.63,86.56,11.09,2.35,11.61,70.12,14.14,3.21,0.7,0.23,31.97,11.57,1.58,9.44,33.48,8.48,0.54,0.63,0.84,1.48,46.58,35.84,17.58,67.25,31.43,0.44,0.2,0.2,0.47,46.92,11.95,22.2,2.28,7.63,1.81,0.53,0.32,0.2,53.08,3.24,49.84,42.03,16.4,41.58,18.13,33.01,48.86,48.99,8.85,7.95,1.45,2.9,28.54,0.1,0.41,0.48,0.32,100,87.32,55.78,31.54,12.36,5.51,6.84,0.32,58.69,19.87,47.22,3.12,6.35,4.02,53.18,5.98,44.81,21.02,4.65,4.62,17.82,61.89,25.13,12.02,7.2,4.81,0.96
00,INDIA,000,INDIA,00000,INDIA,000000,0000,INDIA,Rural,100,45.9,47.59,6.51,96.31,44.38,45.6,6.33,3.69,1.53,1.99,0.18,19.95,0.63,18.33,10.39,7.21,8.85,15.95,18.32,0.37,11.9,0.33,30.46,0.76,3.64,10.04,0.46,40.03,1.73,0.64,62.65,0.75,2.25,6.15,24.24,3.73,0.24,4.3,39.41,32.17,12.7,6.6,2.29,2.53,3.69,9.8,12.58,20.96,18.87,26.91,7.19,94.73,3.36,1.91,11.1,69.63,14.86,3.38,0.77,0.27,17.86,12.96,1.54,11.76,43.63,8.28,0.71,0.84,1.06,1.36,35,42.94,22.06,55.31,43.15,0.55,0.24,0.22,0.54,30.74,2.2,14.7,2.53,8.19,2.35,0.22,0.35,0.19,69.26,1.94,67.32,25.35,19.66,54.99,5.75,31.01,63.25,62.55,12.33,10.87,0.77,0.73,11.4,0.07,0.41,0.62,0.24,100,83.33,45.44,37.9,16.43,7.33,9.1,0.24,54.43,17.32,33.37,0.71,4.44,3.12,47.94,3.28,46.16,14.34,2.26,1.05,22.9,51.37,31.49,16.17,9.68,6.49,0.98
00,INDIA,000,INDIA,00000,INDIA,000000,0000,INDIA,Urban,100,68.44,28.67,2.88,97.07,66.67,27.6,2.81,2.93,1.77,1.08,0.08,4.61,0.64,6.21,7.01,5.41,7.95,15.9,51.88,0.4,2.7,0.33,9.28,0.52,2.75,12.28,0.85,63.48,7.25,0.56,12.23,0.36,2.42,12.25,45.83,25.94,0.97,3.08,32.13,30.6,18.38,9.26,3.24,3.31,3.61,9.55,15.92,26.37,18.5,20.61,5.45,69.16,27.55,3.3,12.69,71.15,12.6,2.85,0.56,0.15,62.01,8.62,1.65,4.5,11.86,8.9,0.16,0.17,0.38,1.74,71.22,20.74,8.05,92.68,6.48,0.22,0.12,0.17,0.34,81.36,32.68,38.15,1.74,6.42,0.67,1.2,0.26,0.23,18.64,6.02,12.63,77.52,9.46,13.02,44.5,37.26,18.23,20.12,1.45,1.72,2.89,7.53,65.03,0.15,0.41,0.2,0.51,100,95.81,77.8,18.01,3.68,1.64,2.04,0.51,67.77,25.31,76.7,8.27,10.4,5.93,64.33,11.74,41.94,35.24,9.75,12.23,7.02,84.28,11.61,3.18,1.92,1.26,0.92
01,JAMMU & KASHMIR,000,JAMMU & KASHMIR,00000,JAMMU & KASHMIR,000000,0000,State - JAMMU & KASHMIR,Total,100,54.11,42,3.89,95.39,52.8,39.01,3.58,4.61,1.31,3,0.31,25.33,0.47,0.94,0.21,0.4,0.91,46.61,24.01,1.11,0.51,0.3,13.19,2.92,15.65,8.25,0.3,55.93,2.15,0.8,48.5,1.53,0.41,1.58,46,1.85,0.14,3.48,22.27,27.56,21.54,13,4.66,7.51,1.63,5.56,9.86,18.38,20.23,34.12,10.2,96.73,2.19,1.08,9.88,73.51,13.49,2.62,0.41,0.08,34.7,29.24,1.86,4.65,11.36,1.46,6.21,6.72,0.66,3.14,48.17,28.7,23.13,85.14,9.69,1.03,0.21,1.97,1.95,51.18,9.95,17.73,5.32,3.29,2.19,3.2,8.86,0.65,48.82,2.74,46.08,52.43,8.03,39.53,12.57,35.27,52.16,58.91,2.53,4.19,0.04,1.27,31.56,0.35,0.77,0.18,0.2,100,88.39,78.1,10.3,11.41,7.58,3.83,0.2,70,47.17,51.02,2.88,5.48,3.61,59.3,6.58,10.33,12.92,7.47,3.8,17.33,62.31,29.49,6.47,5.87,0.6,1.74
01,JAMMU & KASHMIR,000,JAMMU & KASHMIR,00000,JAMMU & KASHMIR,000000,0000,State - JAMMU & KASHMIR,Rural,100,48.33,47.43,4.24,94.32,46.85,43.62,3.85,5.68,1.48,3.81,0.39,32.39,0.34,0.94,0.21,0.39,0.89,44.87,18.78,1.18,0.55,0.31,14.7,3.59,20.32,10.67,0.25,47.55,1.29,0.76,60.32,1.66,0.35,1.17,35.7,0.71,0.09,3.68,24.75,29.3,20.99,12.08,3.88,5.31,1.56,5.85,9.8,16.77,19.45,36.05,10.5,98.63,0.7,0.66,9.47,74.61,13.21,2.29,0.35,0.07,22.29,33.38,2.26,6.08,13.06,1.37,8.21,8.68,0.78,3.88,35.54,35.11,29.35,80.68,12.63,1.35,0.26,2.52,2.56,38.65,4.66,10.76,5.31,3.35,2.53,0.69,10.73,0.61,61.35,3.06,58.29,40.72,9.08,50.21,5.61,30.05,64.34,73.81,3.03,5.21,0.04,0.5,16.32,0.11,0.6,0.23,0.15,100,85.52,73.43,12.09,14.32,9.49,4.83,0.15,65.42,44.13,39.39,1,3.84,2.64,56.37,3.51,7.36,7.86,3.61,0.93,22.02,54.25,36.43,7.55,6.9,0.65,1.76
01,JAMMU & KASHMIR,000,JAMMU & KASHMIR,00000,JAMMU & KASHMIR,000000,0000,State - JAMMU & KASHMIR,Urban,100,70.86,26.28,2.86,98.47,70.02,25.65,2.8,1.53,0.84,0.64,0.05,4.87,0.85,0.95,0.23,0.41,0.96,51.64,39.18,0.91,0.4,0.3,8.81,0.96,2.12,1.25,0.43,80.19,4.63,0.9,14.27,1.15,0.59,2.74,75.81,5.14,0.3,2.88,15.08,22.49,23.13,15.65,6.91,13.87,1.83,4.72,10.04,23.05,22.48,28.54,9.33,91.23,6.48,2.28,11.06,70.34,14.31,3.57,0.6,0.12,70.65,17.25,0.69,0.52,6.45,1.71,0.41,1.03,0.32,0.98,84.75,10.15,5.1,98.04,1.19,0.11,0.06,0.4,0.2,87.47,25.28,37.92,5.33,3.1,1.19,10.47,3.42,0.76,12.53,1.79,10.74,86.37,5.02,8.62,32.73,50.39,16.88,15.75,1.11,1.25,0.04,3.53,75.69,1.02,1.26,0.04,0.32,100,96.71,91.62,5.09,2.97,2.06,0.91,0.32,83.27,55.97,84.73,8.33,10.23,6.44,67.76,15.45,18.94,27.56,18.65,12.11,3.72,85.64,9.38,3.33,2.86,0.46,1.65
02,HIMACHAL PRADESH,000,HIMACHAL PRADESH,00000,HIMACHAL PRADESH,000000,0000,State - HIMACHAL PRADESH,Total,100,72.39,25.97,1.64,98.07,71.17,25.3,1.6,1.93,1.21,0.67,0.04,4.17,0.35,0.2,0.17,0.86,37.43,11.99,44.73,0.11,0.43,0.19,18.01,1.22,8.78,25.92,0.27,44.08,1,0.1,29.29,9.46,0.42,2.58,52.45,5.56,0.25,1.13,19.51,28.7,17.16,16.63,6.33,10.54,5.7,8.94,13.14,25.19,19.74,22.74,4.55,87.22,10.31,2.47,16.03,63.97,16.38,3.13,0.42,0.07,83.93,5.56,1.55,1.33,3.6,0.65,0.7,0.33,0.48,1.87,55.54,34.97,9.48,96.76,2.82,0.12,0.08,0.09,0.13,69.11,7.41,51.61,1.7,7.1,1.02,0.21,0.02,0.04,30.89,1.22,29.66,67.46,7.37,25.17,24.84,40.37,34.8,57.54,1.07,0.16,0.02,2.09,38.57,0.15,0.09,0.02,0.29,100,87.69,79.21,8.48,12.02,9.01,3.01,0.29,89.12,25.66,74.4,2.79,5.56,7.43,61.47,13.39,9.45,15.51,8.3,4.14,8.85,76.94,21.37,1.49,1.03,0.46,0.2
02,HIMACHAL PRADESH,000,HIMACHAL PRADESH,00000,HIMACHAL PRADESH,000000,0000,State - HIMACHAL PRADESH,Rural,100,71.41,26.92,1.67,98.08,70.22,26.23,1.63,1.92,1.19,0.69,0.04,4.57,0.27,0.2,0.16,0.85,41.3,10.33,42.21,0.1,0.42,0.15,19.65,1.29,9.62,28.29,0.24,39.32,0.93,0.09,32.25,10.44,0.42,2.45,49.76,4.48,0.19,1.05,18.5,28.48,17.24,17.25,6.49,11,5.07,8.51,12.57,24.8,20.28,23.96,4.81,92.01,5.89,2.11,14.87,64.07,17.26,3.28,0.45,0.07,82.75,5.98,1.66,1.46,3.88,0.61,0.73,0.37,0.51,2.04,51.85,37.93,10.23,96.59,2.97,0.13,0.08,0.09,0.14,66.58,3.19,52.4,1.8,7.91,1.14,0.08,0.02,0.03,33.42,0.87,32.55,64.57,7.98,27.45,19.75,41.86,38.39,63.98,1.11,0.17,0.03,1.6,32.68,0.1,0.08,0.02,0.24,100,86.45,77.86,8.6,13.31,10.02,3.29,0.24,89.1,25.29,73.15,1.76,4.44,7.68,60.93,12.38,9.3,14.43,6.66,2.74,9.58,75,23.31,1.51,1.1,0.41,0.19
02,HIMACHAL PRADESH,000,HIMACHAL PRADESH,00000,HIMACHAL PRADESH,000000,0000,State - HIMACHAL PRADESH,Urban,100,80.12,18.47,1.41,98.06,78.73,17.95,1.38,1.94,1.39,0.52,0.03,0.98,0.99,0.22,0.23,0.9,6.89,25.06,64.6,0.14,0.52,0.51,5.07,0.71,2.11,7.19,0.52,81.67,1.55,0.16,5.89,1.66,0.39,3.64,73.63,14.11,0.67,1.76,27.44,30.44,16.55,11.79,5.04,6.97,10.66,12.34,17.65,28.21,15.48,13.11,2.55,49.48,45.19,5.34,25.17,63.21,9.41,1.93,0.23,0.04,93.3,2.22,0.7,0.28,1.34,0.95,0.41,0.05,0.2,0.56,84.73,11.65,3.62,98.1,1.62,0.04,0.09,0.08,0.07,89.12,40.74,45.31,0.94,0.72,0.11,1.23,0,0.07,10.88,4,6.88,90.26,2.54,7.2,65,28.56,6.44,6.75,0.72,0.08,0.02,5.94,85.11,0.53,0.1,0.05,0.69,100,97.47,89.93,7.53,1.84,1.08,0.76,0.69,89.25,28.61,84.23,10.89,14.41,5.45,65.71,21.38,10.62,24.05,21.21,15.2,3.11,92.31,6.04,1.35,0.44,0.92,0.3
03,PUNJAB,000,PUNJAB,00000,PUNJAB,000000,0000,State - PUNJAB,Total,100,49.87,43.48,6.65,95.56,47.7,41.42,6.44,4.44,2.18,2.06,0.2,7.9,0.33,12.75,1.74,25.33,0.95,1.45,49.09,0.45,0.66,0.19,4.72,0.06,0.89,0.97,0.05,87.08,5.2,0.19,25.64,0.13,12.49,18.55,39.93,2.99,0.26,1.08,23.01,31.01,21.8,12.95,5.47,4.68,2.56,6.3,11.5,23.69,22.46,27.31,6.18,88.88,8.77,2.36,10.47,65.66,18.78,4.32,0.65,0.12,41.1,9.88,0.24,0.21,24.7,21.87,0.03,0.22,0.09,1.66,85.92,9.95,4.12,96.6,2.17,0.11,0.16,0.27,0.69,79.29,28.3,27.69,3.3,16.03,3.2,0.52,0.06,0.17,20.71,1.24,19.47,71.46,17.46,11.08,27.85,56.98,15.17,13.35,6.52,20.4,0.19,3.21,54.53,0.03,1.39,0.06,0.33,100,94.81,70.35,24.46,4.86,1.69,3.17,0.33,65.21,16.48,82.6,5.4,7.36,6.67,62.27,13.18,66.36,47.45,13.12,10.04,4.4,88.32,8.32,2.74,2.07,0.66,0.63
03,PUNJAB,000,PUNJAB,00000,PUNJAB,000000,0000,State - PUNJAB,Rural,100,45.17,47.29,7.53,95.04,42.87,44.89,7.28,4.96,2.3,2.4,0.25,9.78,0.2,17.97,2.23,32.37,0.91,1.45,34.63,0.47,0.78,0.13,6.05,0.06,0.91,1,0.04,86.51,4.31,0.22,36.04,0.13,14.45,10.93,36.28,2.02,0.15,0.94,21.58,32.14,21.97,12.97,5.58,4.8,2.23,5.83,10.63,22.09,22.83,29.55,6.83,95.55,2.53,1.91,9.85,64.11,20.35,4.79,0.75,0.15,25.32,9.58,0.29,0.29,33.8,27.97,0.03,0.32,0.12,2.28,81.65,12.65,5.7,95.5,2.9,0.13,0.21,0.34,0.92,70.39,5.92,32.58,4.17,22.47,4.62,0.35,0.08,0.21,29.61,1.5,28.11,61.46,23.74,14.81,9.04,71.96,19,17.03,9.83,30.46,0.13,1.52,38.85,0.03,1.76,0.07,0.32,100,92.89,62.88,30.01,6.79,2.34,4.45,0.32,62.84,15.45,79.35,2.15,4.65,6.59,61.7,11.32,72.25,44.77,9.99,4.59,5.17,85.76,10.22,3.35,2.69,0.66,0.67
03,PUNJAB,000,PUNJAB,00000,PUNJAB,000000,0000,State - PUNJAB,Urban,100,57.32,37.44,5.24,96.39,55.34,35.93,5.12,3.61,1.98,1.51,0.12,4.92,0.55,4.5,0.98,14.19,1.01,1.45,71.99,0.42,0.47,0.29,2.6,0.06,0.84,0.93,0.06,87.99,6.6,0.15,9.18,0.15,9.38,30.63,45.72,4.51,0.44,1.29,25.27,29.23,21.54,12.91,5.28,4.48,3.07,7.03,12.88,26.22,21.87,23.77,5.15,78.3,18.63,3.06,11.44,68.12,16.29,3.58,0.49,0.08,66.08,10.37,0.16,0.08,10.29,12.2,0.04,0.07,0.04,0.67,92.7,5.67,1.63,98.34,1.01,0.06,0.09,0.17,0.32,93.37,63.75,19.93,1.93,5.84,0.95,0.8,0.04,0.12,6.63,0.84,5.8,87.3,7.52,5.18,57.63,33.27,9.1,7.52,1.29,4.47,0.28,5.88,79.35,0.02,0.8,0.05,0.34,100,97.85,82.18,15.68,1.8,0.66,1.14,0.34,68.97,18.11,87.73,10.55,11.64,6.8,63.17,16.14,57.03,51.68,18.07,18.68,3.2,92.35,5.31,1.77,1.1,0.67,0.56
04,CHANDIGARH,000,CHANDIGARH,00000,CHANDIGARH,000000,0000,State - CHANDIGARH,Total,100,69.3,27.19,3.51,98.27,68.37,26.5,3.4,1.73,0.92,0.69,0.11,2.41,0.83,0.37,0.21,1.92,0.79,10.09,83.15,0.24,0.22,0.35,2.94,0.08,0.53,0.84,0.82,89.37,4.7,0.15,4.66,0.1,0.91,10.46,71.53,11.41,0.93,1.42,39.27,25.44,18.67,8.55,3.17,3.48,6.47,10.38,15.33,27.24,18.89,18.29,3.4,47.67,46.96,5.38,18.23,69.12,10.24,2.07,0.29,0.05,93.7,3.02,0.05,0.02,1.77,0.85,0.02,0.01,0.09,0.48,86.15,11.65,2.2,98.36,1.18,0.08,0.06,0.1,0.23,87.64,85.86,0.97,0.23,0.41,0.09,0.07,0,0.01,12.36,9.13,3.22,86.61,3.07,10.32,87.24,8.72,4.05,4.64,0.26,0.2,0.08,21.91,71.62,0.03,0.06,0.11,1.08,100,96.26,73.21,23.04,2.66,0.42,2.24,1.08,80.11,28.05,82.5,18.84,14.39,5.97,63.14,20.14,57.46,46.67,25.74,28.64,2.31,94.19,4.06,1.37,0.87,0.5,0.38
04,CHANDIGARH,000,CHANDIGARH,00000,CHANDIGARH,000000,0000,State - CHANDIGARH,Rural,100,50.36,46.87,2.77,97.57,49.26,46.1,2.21,2.43,1.11,0.77,0.56,3.43,0.31,0.49,0.72,0.59,1.15,6.53,86.56,0.22,1.25,0.16,0.24,0.07,0.27,2.06,0.46,83.88,11.54,0.07,5.73,0.16,1.93,9.31,79.68,2.89,0.29,1.13,66.94,15.37,7.18,4.39,2.17,2.82,10.98,14.16,15.4,23.02,17.16,16.06,3.21,23.04,73.99,2.98,29.57,61.06,7.13,1.75,0.43,0.06,88.8,6.44,0.01,0.01,1.33,2.12,0,0.01,0.31,0.96,85.44,13,1.56,97.32,2.39,0.01,0.09,0.09,0.1,87.99,82.96,4.66,0.25,0.06,0.01,0.01,0,0.03,12.01,6.32,5.69,85.13,3.11,11.76,83.58,10.67,5.75,11.05,0.12,0.97,0.04,18.01,67.1,0.03,0.09,0.06,2.52,100,90.1,49.95,40.15,7.38,0.4,6.99,2.52,66.56,16.46,71.64,3.55,7.77,1.84,81.92,4.54,60.85,34.5,7.65,7.34,2.86,95.8,2.36,1.55,0.15,1.4,0.29
04,CHANDIGARH,000,CHANDIGARH,00000,CHANDIGARH,000000,0000,State - CHANDIGARH,Urban,100,69.86,26.6,3.53,98.3,68.94,25.91,3.44,1.7,0.92,0.69,0.09,2.38,0.84,0.36,0.2,1.96,0.78,10.2,83.04,0.24,0.18,0.35,3.02,0.08,0.54,0.81,0.83,89.54,4.5,0.15,4.63,0.1,0.88,10.5,71.28,11.66,0.95,1.43,38.45,25.74,19.01,8.67,3.2,3.5,6.34,10.27,15.32,27.37,18.94,18.36,3.4,48.4,46.15,5.45,17.89,69.36,10.33,2.08,0.28,0.05,93.85,2.92,0.05,0.02,1.79,0.81,0.02,0,0.08,0.46,86.17,11.61,2.22,98.39,1.15,0.08,0.05,0.1,0.23,87.63,85.95,0.86,0.23,0.42,0.09,0.07,0,0.01,12.37,9.22,3.15,86.66,3.07,10.28,87.35,8.66,4,4.45,0.26,0.18,0.08,22.03,71.75,0.03,0.06,0.11,1.04,100,96.44,73.9,22.54,2.52,0.42,2.1,1.04,80.51,28.4,82.83,19.29,14.59,6.09,62.58,20.61,57.35,47.03,26.27,29.27,2.29,94.14,4.11,1.37,0.89,0.47,0.38
05,UTTARAKHAND,000,UTTARAKHAND,00000,UTTARAKHAND,000000,0000,State - UTTARAKHAND,Total,100,66.82,29.73,3.44,95.34,63.99,28.05,3.31,4.66,2.84,1.68,0.14,4.37,0.74,0.68,0.24,21.32,20.94,7.88,43.67,0.16,1.98,0.19,4.5,0.72,10.44,24.78,0.26,55.12,1.85,0.17,39.22,1.93,1.43,5.72,47.15,4.35,0.2,1.05,26.2,33.19,16.1,14.22,3.86,5.39,5.54,8.28,11.76,20.14,19.6,28.31,6.36,82.89,12.39,4.71,16.06,66.74,13.81,2.76,0.5,0.12,53.93,14.29,0.69,0.44,22.02,1.97,1.07,0.89,0.73,3.97,58.25,26.59,15.15,87.04,11.08,1.22,0.16,0.19,0.32,65.77,11.79,40,1.42,11.29,0.58,0.34,0.24,0.13,34.23,1.14,33.08,60.5,8.83,30.67,19.02,42.1,38.88,48.68,1.27,3.16,0.06,1.79,44.23,0.04,0.47,0.04,0.26,100,87.98,63.87,24.11,11.76,6.26,5.49,0.26,80.71,14.56,61.98,3.16,7.78,3.17,64.8,6.62,31.29,22.89,6.21,6.27,13.82,90.71,5.48,3.49,1.83,1.66,0.32
05,UTTARAKHAND,000,UTTARAKHAND,00000,UTTARAKHAND,000000,0000,State - UTTARAKHAND,Rural,100,63.63,32.54,3.83,95.09,60.78,30.64,3.66,4.91,2.84,1.9,0.17,5.19,0.57,0.82,0.23,19.86,28.92,6.64,37.61,0.15,2.39,0.12,5.03,0.89,14.13,33.61,0.15,42.14,1.39,0.15,51.91,2.66,1.27,3.6,38.8,1.66,0.11,1.04,24.91,34.18,15.01,15.22,3.7,5.94,5.96,8.44,11.13,18.62,19.57,29.8,6.49,89.68,6.39,3.93,16.91,65.43,14.33,2.71,0.49,0.13,46.01,17.91,0.93,0.61,24.07,1.5,1.49,1.23,0.96,5.29,45.42,34.53,20.05,83.05,14.53,1.69,0.19,0.2,0.34,54.06,3.4,34.49,1.52,13.45,0.67,0.13,0.25,0.15,45.94,0.91,45.04,49.04,10.27,40.69,9.22,38.5,52.27,63.29,1.52,3.91,0.06,0.92,29.4,0.04,0.63,0.03,0.2,100,84.46,56.04,28.41,15.34,8.3,7.04,0.2,80.26,15.9,53.3,1.25,5.13,2.51,62.43,3.88,27.49,15.06,3.3,2.36,17.89,89.6,6.05,4.06,2.12,1.94,0.29
05,UTTARAKHAND,000,UTTARAKHAND,00000,UTTARAKHAND,000000,0000,State - UTTARAKHAND,Urban,100,74.41,23.06,2.53,95.94,71.58,21.9,2.46,4.06,2.82,1.16,0.07,2.44,1.14,0.35,0.28,24.77,2,10.82,58.03,0.17,0.99,0.34,3.24,0.32,1.68,3.82,0.51,85.91,2.96,0.24,9.14,0.2,1.8,10.74,66.95,10.75,0.42,1.07,29.25,30.82,18.68,11.86,4.24,4.08,4.53,7.92,13.27,23.76,19.68,24.78,6.06,66.79,26.63,6.58,14.05,69.86,12.56,2.89,0.53,0.11,72.72,5.7,0.14,0.04,17.14,3.11,0.06,0.07,0.16,0.85,88.69,7.77,3.54,96.49,2.88,0.08,0.08,0.19,0.28,93.57,31.67,53.07,1.18,6.17,0.37,0.82,0.21,0.08,6.43,1.7,4.72,87.68,5.42,6.9,42.26,50.65,7.1,14.02,0.68,1.39,0.07,3.84,79.42,0.04,0.1,0.06,0.4,100,96.34,82.45,13.9,3.25,1.44,1.81,0.4,81.8,11.4,82.55,7.68,14.07,4.73,70.4,13.13,40.32,41.46,13.12,15.53,4.15,93.33,4.13,2.14,1.14,1,0.4
06,HARYANA,000,HARYANA,00000,HARYANA,000000,0000,State - HARYANA,Total,100,53.67,41.89,4.45,89.75,48.84,36.86,4.06,10.25,4.83,5.03,0.39,20.23,0.4,4.44,1.25,14.57,23.94,2.3,32.54,0.32,0.64,0.22,4.3,0.08,1.57,4.06,0.08,87.06,1.85,0.13,27.63,0.09,11.17,11.45,43.88,5.43,0.36,1.57,24.67,32.1,20.22,12.4,4.68,4.37,2.26,6.15,10.54,23.23,21.82,28.43,7.57,88.36,9.55,2.09,9.91,65.57,18.37,5.09,0.88,0.19,55.86,12.93,0.73,2.29,12.04,12.94,0.03,0.31,0.93,1.94,66.53,21.4,12.07,90.51,8.13,0.16,0.25,0.47,0.49,68.63,21.93,25.43,3.06,14.54,2.85,0.69,0.03,0.1,31.37,1.53,29.84,68.11,14.37,17.52,21.12,65.2,13.67,26.05,14.1,14.21,0.11,1,44,0.03,0.25,0.06,0.2,100,90.86,63.77,27.09,8.94,2.7,6.24,0.2,68.13,17.41,67.89,5.26,7.95,4.47,66.92,7.95,44.77,33.34,10.51,8.87,9.36,77.11,19.08,3.37,2.63,0.74,0.44
06,HARYANA,000,HARYANA,00000,HARYANA,000000,0000,State - HARYANA,Rural,100,48.2,46.72,5.08,86.44,42.04,39.87,4.53,13.56,6.17,6.85,0.54,26.99,0.22,6.14,1.26,18.44,27.06,1.65,17.92,0.32,0.69,0.11,4.68,0.06,1.31,4.21,0.03,87.69,1.12,0.09,38.4,0.08,13.81,5.46,39,3.06,0.19,1.45,23.75,33.62,19.59,12.11,4.85,4.64,1.81,5.35,9.31,21.6,22.09,31.05,8.78,96.09,2.37,1.54,9.14,63.95,19.89,5.79,1.01,0.23,47.39,16.26,0.95,3.55,14.17,14.2,0.03,0.41,1.15,1.89,56.27,27.53,16.2,87.16,11.32,0.19,0.31,0.49,0.52,56.07,2.53,26.42,3.7,19.12,3.98,0.21,0.02,0.09,43.93,1.64,42.29,57.47,19.02,23.51,4.41,78.42,17.17,34.23,21.01,19.63,0.08,0.39,24.15,0.03,0.28,0.04,0.16,100,87.57,54.89,32.67,12.27,3.66,8.62,0.16,65.92,16.56,59.43,1.21,5.16,3.43,67.71,4.25,43.01,27.94,5.77,2.59,11.93,70.89,24.7,4,3.31,0.69,0.41
06,HARYANA,000,HARYANA,00000,HARYANA,000000,0000,State - HARYANA,Urban,100,62.92,33.7,3.38,95.37,60.35,31.76,3.25,4.63,2.57,1.94,0.13,8.79,0.7,1.58,1.23,8.03,18.64,3.4,57.3,0.34,0.54,0.4,3.67,0.11,2.02,3.82,0.17,86.01,3.08,0.18,9.39,0.1,6.72,21.59,52.14,9.43,0.63,1.76,26.24,29.52,21.28,12.89,4.39,3.92,3.02,7.51,12.63,25.98,21.37,23.99,5.51,75.26,21.71,3.04,11.21,68.31,15.79,3.91,0.66,0.13,70.2,7.3,0.38,0.16,8.42,10.81,0.03,0.14,0.55,2.03,83.9,11.04,5.06,96.18,2.71,0.11,0.16,0.42,0.42,89.89,54.78,23.76,1.98,6.78,0.93,1.49,0.04,0.12,10.11,1.33,8.78,86.13,6.5,7.37,49.42,42.82,7.75,12.18,2.4,5.02,0.15,2.04,77.61,0.03,0.19,0.11,0.27,100,96.44,78.79,17.65,3.29,1.08,2.21,0.27,71.87,18.85,82.23,12.11,12.66,6.23,65.59,14.22,47.76,42.47,18.52,19.49,5.02,87.63,9.56,2.3,1.46,0.84,0.51
07,NCT OF DELHI,000,NCT OF DELHI,00000,NCT OF DELHI,000000,0000,State - NCT OF DELHI,Total,100,65.76,31.44,2.8,95.89,63.37,29.85,2.67,4.11,2.4,1.59,0.13,1.16,0.8,0.3,0.62,4.17,23.41,5.56,63.84,0.13,0.34,0.27,2.2,0.15,1.11,3.73,0.19,86.31,5.54,0.15,2.21,0.06,2.64,14.47,64.58,15.61,0.44,1.31,32.18,29.63,19.95,10.44,3.03,3.47,3.69,7.55,12.82,24.04,20.39,25.56,5.95,68.23,28.18,3.59,12.12,69.49,14.18,3.45,0.62,0.13,75.19,6.14,0.08,0.02,5.34,8.37,0.01,0.01,1.23,3.61,78.43,15.4,6.17,99.11,0.65,0.05,0.03,0.09,0.07,89.53,59.27,25.47,0.93,1.62,0.16,2.05,0.02,0.02,10.47,7.2,3.27,87.02,4.05,8.93,59.21,36.64,4.16,3.36,0.27,0.58,0.13,5.25,89.93,0.04,0.09,0.06,0.29,100,98.32,78.83,19.49,1.39,0.29,1.1,0.29,77.69,33.38,87.99,17.63,11.5,5.13,68.25,17.38,30.6,38.87,20.72,22.96,2.91,96.06,2.43,1.24,0.68,0.56,0.27
07,NCT OF DELHI,000,NCT OF DELHI,00000,NCT OF DELHI,000000,0000,State - NCT OF DELHI,Rural,100,55.24,40.99,3.77,95.64,53.14,38.85,3.64,4.36,2.1,2.14,0.12,2.99,0.72,0.57,0.71,7.1,44.45,11.43,31.6,0.42,1.18,0.26,2.6,0.13,1.74,4.26,0.19,85.15,4.35,0.14,7.14,0.1,7.46,11.01,66.58,7.24,0.48,1.05,29.01,28.04,19.9,12.63,4.92,4.45,3.02,5.63,9.71,21.81,21.98,29.94,7.9,81.76,15.61,2.64,9.92,66.95,17.08,4.84,1,0.21,49.56,9.85,0.21,0.1,14.85,13.67,0.01,0.02,2.77,8.95,64.12,25.52,10.35,97.79,1.44,0.08,0.17,0.31,0.21,76.29,10.43,58.59,1,5.01,0.19,0.98,0,0.09,23.71,10.21,13.5,74.84,7.58,17.58,13.63,74.05,12.32,11.28,1.57,3.67,0.13,7.74,75.22,0.07,0.08,0.03,0.2,100,95.93,66.96,28.97,3.87,0.77,3.1,0.2,73.54,24.55,82.98,4.44,8.96,4.26,72.97,5.98,44.22,38.48,10.82,8.88,5.27,93.62,3.78,2.04,0.7,1.34,0.56
07,NCT OF DELHI,000,NCT OF DELHI,00000,NCT OF DELHI,000000,0000,State - NCT OF DELHI,Urban,100,66.02,31.21,2.77,95.9,63.61,29.63,2.65,4.1,2.4,1.57,0.13,1.11,0.8,0.3,0.62,4.1,22.9,5.41,64.63,0.12,0.32,0.27,2.19,0.15,1.1,3.71,0.19,86.34,5.57,0.15,2.09,0.06,2.53,14.55,64.53,15.82,0.43,1.32,32.25,29.67,19.95,10.38,2.98,3.44,3.7,7.6,12.9,24.09,20.35,25.45,5.9,67.9,28.49,3.61,12.18,69.55,14.11,3.42,0.61,0.13,75.81,6.05,0.07,0.02,5.11,8.24,0.01,0.01,1.19,3.48,78.78,15.15,6.07,99.14,0.63,0.05,0.02,0.09,0.07,89.85,60.45,24.67,0.93,1.54,0.15,2.07,0.02,0.02,10.15,7.12,3.03,87.32,3.96,8.72,60.31,35.73,3.96,3.17,0.24,0.51,0.13,5.19,90.28,0.04,0.09,0.06,0.29,100,98.38,79.12,19.26,1.33,0.28,1.05,0.29,77.79,33.59,88.11,17.95,11.56,5.15,68.13,17.66,30.27,38.88,20.96,23.3,2.86,96.12,2.39,1.22,0.68,0.54,0.27
08,RAJASTHAN,000,RAJASTHAN,00000,RAJASTHAN,000000,0000,State - RAJASTHAN,Total,100,50.97,45.15,3.89,97.13,49.56,43.76,3.8,2.87,1.4,1.38,0.09,13.74,0.37,12.14,2.3,4.16,50.64,5.05,11.12,0.48,2.69,0.15,22.08,0.46,6.89,38.37,0.07,28.53,0.37,0.38,39.99,0.11,1.93,13.11,39.13,5.31,0.43,3.12,35.16,30.5,14.31,9.07,3.7,4.14,2.77,7.7,9.59,18.02,19.48,32.77,9.67,93.22,5.36,1.43,8.35,66.73,17.71,5.57,1.26,0.38,32.04,8.54,1.21,9.62,25.26,12.22,0.07,0.84,5.86,4.33,35.04,39.02,25.94,67,30.91,0.62,0.32,0.3,0.84,34.97,7.19,18.6,1.85,4.02,2.47,0.75,0.02,0.07,65.03,0.69,64.34,36.81,18.72,44.48,10.7,30.83,58.46,61.81,10.98,2.96,0.11,0.89,22.84,0.03,0.1,0.06,0.22,100,86.34,46.33,40.01,13.44,4.49,8.95,0.22,68.02,16.17,37.58,1.8,5.11,2.49,62.49,5.63,28.6,24.06,4.66,3.56,21.16,71.46,16.09,11.63,9.31,2.32,0.82
08,RAJASTHAN,000,RAJASTHAN,00000,RAJASTHAN,000000,0000,State - RAJASTHAN,Rural,100,45.12,50.31,4.57,97.27,43.98,48.82,4.46,2.73,1.14,1.48,0.1,17.21,0.36,15.62,2.81,3.94,48.9,5.18,5.49,0.49,3.41,0.15,27.69,0.54,7.11,39.3,0.04,21.23,0.2,0.33,50.59,0.12,1.89,8.45,36.25,2.37,0.34,3.6,38.18,30.97,12.82,7.72,3.17,3.55,2.66,7.9,9.33,16.98,19.3,34.23,9.61,97.24,1.59,1.17,8.09,66.81,18.02,5.5,1.21,0.36,17.92,8.99,1.43,12.43,31.49,14.39,0.08,1.08,7.24,4.95,20.99,47.13,31.88,58.25,39.3,0.8,0.38,0.31,0.96,19.65,1.19,9.81,1.66,3.94,2.89,0.11,0.01,0.05,80.35,0.49,79.87,22.98,21.59,55.44,2.97,24.07,72.96,74.36,13.94,3.39,0.06,0.25,7.68,0.03,0.07,0.06,0.16,100,83.3,37.15,46.14,16.54,5.58,10.96,0.16,68.21,13.95,25.56,0.4,3.6,1.82,61.28,3.15,24.2,17.26,2.87,0.79,25.58,64.77,19.75,14.72,11.77,2.95,0.77
08,RAJASTHAN,000,RAJASTHAN,00000,RAJASTHAN,000000,0000,State - RAJASTHAN,Urban,100,68.9,29.29,1.81,96.69,66.7,28.23,1.77,3.31,2.21,1.06,0.04,3.1,0.42,1.46,0.74,4.87,55.95,4.64,28.4,0.43,0.48,0.15,4.88,0.23,6.23,35.5,0.14,50.94,0.89,0.56,7.43,0.09,2.05,27.42,47.98,14.35,0.68,1.65,25.87,29.06,18.9,13.2,5.33,5.98,3.11,7.08,10.38,21.24,20.04,28.29,9.86,80.86,16.93,2.22,9.16,66.48,16.74,5.76,1.42,0.43,75.4,7.16,0.53,0.99,6.13,5.58,0.04,0.12,1.63,2.43,78.18,14.11,7.71,93.88,5.15,0.09,0.15,0.28,0.45,82.02,25.63,45.62,2.42,4.27,1.17,2.72,0.06,0.13,17.98,1.31,16.67,79.28,9.9,10.82,34.44,51.6,13.96,23.29,1.9,1.64,0.27,2.86,69.37,0.03,0.17,0.07,0.4,100,95.68,74.51,21.17,3.91,1.14,2.77,0.4,67.42,23.01,74.48,6.09,9.75,4.54,66.2,13.26,42.12,44.91,10.14,12.06,7.57,92.02,4.85,2.16,1.77,0.39,0.96
09,UTTAR PRADESH,000,UTTAR PRADESH,00000,UTTAR PRADESH,000000,0000,State - UTTAR PRADESH,Total,100,42.84,50.56,6.59,94.62,40.58,47.68,6.36,5.38,2.27,2.89,0.23,23.26,0.45,8.08,0.63,32.75,13.86,2.89,17.64,0.44,5.03,0.31,19.96,0.09,1.2,2.01,0.07,68.35,0.61,2.36,69.51,0.25,5.52,1.8,21.06,1.77,0.09,3.78,32.55,31.16,14.78,9.25,3.76,4.72,2.6,6.45,8.11,13.64,16.77,36.83,15.6,94.7,4.11,1.19,8.96,64.03,18.67,5.86,1.74,0.74,20.21,7.05,0.58,3.39,64.93,2.93,0.04,0.08,0.11,0.68,51.92,36.01,12.06,36.81,61.94,0.48,0.28,0.29,0.2,35.65,8.1,19.91,1.77,3.44,0.74,0.46,0.99,0.24,64.35,1.32,63.04,29.05,26.12,44.83,12.87,56.07,31.06,47.71,8.7,23.12,0.25,0.72,18.91,0.09,0.16,0.12,0.22,100,90.93,37.11,53.82,8.85,3.56,5.29,0.22,72.02,24.71,33.21,1.85,6.24,3.33,61.2,2.4,67.82,19.61,3.8,2.83,11.35,64.9,15.95,16.39,11.73,4.66,2.76
09,UTTAR PRADESH,000,UTTAR PRADESH,00000,UTTAR PRADESH,000000,0000,State - UTTAR PRADESH,Rural,100,38.71,53.9,7.39,94.85,36.78,50.94,7.13,5.15,1.93,2.97,0.26,27.56,0.37,9.77,0.6,31.48,13.22,2.73,13.82,0.44,6.14,0.31,23.89,0.08,0.98,1.55,0.06,64.2,0.44,2.35,83.47,0.25,4.29,0.55,11.05,0.32,0.07,4.18,32.93,31.34,14.24,8.84,3.73,4.75,2.66,6.57,7.65,12.43,16.29,37.94,16.46,98.35,0.94,0.71,8.77,62.82,19.44,6.24,1.9,0.83,13.06,7.11,0.64,4.24,73.18,0.98,0.04,0.09,0.08,0.59,44.06,41.88,14.06,23.77,75.02,0.55,0.28,0.23,0.14,21.77,2.19,12.03,1.69,3.74,0.8,0.22,0.86,0.23,78.23,1.1,77.13,17.15,29.4,53.44,7.23,54.57,38.2,54.4,10.5,27.86,0.12,0.23,6.39,0.08,0.13,0.12,0.18,100,89.19,28.41,60.78,10.63,4.24,6.39,0.18,73.58,24.98,23.54,0.64,5.3,2.69,59.44,1.48,71.54,15.26,2.33,0.84,12.14,59.22,18.11,19.91,14.22,5.69,2.75
09,UTTAR PRADESH,000,UTTAR PRADESH,00000,UTTAR PRADESH,000000,0000,State - UTTAR PRADESH,Urban,100,56.98,39.15,3.88,93.83,53.57,36.53,3.73,6.17,3.41,2.61,0.15,8.54,0.7,2.33,0.72,37.1,16.04,3.45,30.68,0.45,1.26,0.32,6.53,0.12,1.95,3.55,0.13,82.55,1.19,2.4,21.76,0.22,9.7,6.1,55.3,6.74,0.17,2.4,31.27,30.55,16.64,10.64,3.85,4.64,2.41,6.06,9.68,17.77,18.39,33.03,12.67,82.2,14.97,2.83,9.62,68.17,16.06,4.55,1.18,0.42,44.68,6.86,0.36,0.46,36.75,9.59,0.04,0.05,0.23,0.97,78.81,15.96,5.23,81.42,17.22,0.21,0.24,0.48,0.42,83.11,28.29,46.86,2.01,2.41,0.53,1.28,1.43,0.29,16.89,2.07,14.82,69.72,14.89,15.39,32.18,61.18,6.64,24.82,2.55,6.91,0.71,2.43,61.75,0.12,0.24,0.13,0.34,100,96.89,66.88,30.01,2.77,1.25,1.52,0.34,66.68,23.8,66.3,5.99,9.45,5.54,67.22,5.55,55.11,34.48,8.83,9.63,8.65,84.29,8.55,4.36,3.21,1.15,2.8
10,BIHAR,000,BIHAR,00000,BIHAR,000000,0000,State - BIHAR,Total,100,36.06,56.59,7.35,96.23,34.78,54.35,7.1,3.77,1.28,2.24,0.25,31.12,1.09,18.84,0.94,7.77,5.61,10.45,23.77,0.41,27.9,0.48,18.97,0.23,0.89,1.16,0.1,49.21,0.77,0.3,79.89,0.58,3.84,0.4,14.59,0.61,0.09,2.76,44.91,30.07,10.5,5.73,2.51,3.52,2.14,9.43,10.54,15.52,17.89,33.67,10.81,96.79,2.09,1.12,8.01,71.04,15.01,4.14,1.26,0.54,3.07,1.33,0.66,3.68,86.6,2.99,0.03,0.15,0.12,1.36,50.11,37.92,11.97,16.36,82.43,0.58,0.3,0.26,0.08,23.06,1.81,15.97,2.31,1.72,0.78,0.21,0.07,0.18,76.94,1.13,75.81,11.26,26.18,62.56,6.69,35.64,57.68,34.73,32.49,21.68,1.01,0.27,8.07,0.12,0.25,1.2,0.18,100,81.44,23.99,57.45,18.38,9.48,8.9,0.18,44.4,25.79,14.53,0.87,6.17,2.25,51.6,1.65,48.73,8.1,1.71,0.95,25.59,48.07,22.91,28.34,7.64,20.69,0.68
10,BIHAR,000,BIHAR,00000,BIHAR,000000,0000,State - BIHAR,Rural,100,34.04,58.55,7.41,96.33,32.91,56.27,7.15,3.67,1.13,2.28,0.26,33.24,1.09,19.68,0.91,7.89,5.59,10.78,20.42,0.4,30.04,0.49,19.76,0.23,0.82,0.95,0.1,46.69,0.62,0.29,84.88,0.6,3.53,0.34,10.42,0.14,0.09,2.82,46.39,29.99,9.87,5.28,2.38,3.27,2.14,9.77,10.67,15.29,17.74,33.76,10.64,98.43,0.72,0.85,7.88,71.32,14.92,4.08,1.25,0.54,1.64,0.91,0.65,3.82,89.24,2.12,0.03,0.16,0.12,1.31,47.08,40.36,12.56,10.37,88.4,0.62,0.3,0.25,0.06,17.6,1.17,11.6,2.17,1.53,0.72,0.17,0.06,0.18,82.4,1.01,81.39,7.16,26.57,66.27,3.92,34.95,61.14,35.46,35.44,23.31,0.45,0.18,3.39,0.12,0.23,1.27,0.16,100,80.2,20.94,59.25,19.64,10.25,9.39,0.16,42.26,25.81,10.2,0.52,5.82,2.04,50.07,1.35,48.78,6.59,1.36,0.39,26.76,45.04,23.95,30.34,8.03,22.31,0.67
10,BIHAR,000,BIHAR,00000,BIHAR,000000,0000,State - BIHAR,Urban,100,53.05,40.04,6.91,95.41,50.5,38.21,6.7,4.59,2.55,1.83,0.21,13.29,1.14,11.79,1.19,6.75,5.83,7.64,51.9,0.47,9.88,0.42,12.36,0.19,1.42,2.9,0.16,70.34,1.98,0.36,37.93,0.46,6.44,0.86,49.62,4.57,0.13,2.27,32.45,30.76,15.72,9.59,3.61,5.59,2.17,6.63,9.5,17.42,19.12,32.89,12.28,83.01,13.66,3.34,9.13,68.7,15.7,4.65,1.32,0.5,15.09,4.86,0.8,2.47,64.37,10.37,0.05,0.12,0.16,1.72,75.52,17.45,7.04,66.73,32.22,0.26,0.29,0.3,0.2,68.96,7.21,52.72,3.5,3.33,1.23,0.51,0.19,0.26,31.04,2.16,28.88,45.73,22.91,31.37,29.95,41.44,28.61,28.58,7.7,8.02,5.72,1.03,47.44,0.13,0.39,0.67,0.32,100,91.87,49.57,42.3,7.81,3.03,4.78,0.32,62.4,25.62,50.87,3.84,9.13,3.96,64.43,4.12,48.35,20.85,4.65,5.69,15.76,73.56,14.17,11.47,4.38,7.09,0.8
11,SIKKIM,000,SIKKIM,00000,SIKKIM,000000,0000,State - SIKKIM,Total,100,56.54,38.04,5.42,96.64,54.08,37.21,5.35,3.36,2.46,0.83,0.07,5.75,0.98,0.24,0.07,0.37,1.14,68.23,23.11,0.11,14.7,1.11,10.69,24.59,4.64,2.88,1.57,24.58,13.84,1.41,26.99,14.93,0.29,1.24,54.77,1.7,0.09,1.67,21.51,31.78,21.86,12.23,5.01,5.94,5.18,8.74,15.94,21.96,17.93,25.12,5.13,64.48,30.55,4.97,15.97,71.38,10.94,1.46,0.2,0.05,29.2,56.08,0.45,0.17,0.02,0.04,11.05,0.42,0.63,1.95,52.6,29.66,17.73,92.54,6.55,0.24,0.1,0.06,0.51,87.2,11.78,59.84,3.42,6.55,5.45,0.07,0,0.1,12.8,1.47,11.33,65.06,3.52,31.43,14.62,38.11,47.27,52.53,0.6,0.17,0.08,4.4,41.26,0.26,0.09,0.03,0.58,100,73.42,65.66,7.76,26,24.53,1.47,0.58,67.48,22.98,54.71,3.34,8.23,1.76,67.66,3.55,0.89,2.83,8.27,3.92,18.19,47.04,45.23,6.23,2.25,3.98,1.5
11,SIKKIM,000,SIKKIM,00000,SIKKIM,000000,0000,State - SIKKIM,Rural,100,47.34,45.81,6.84,97.14,45.37,45.01,6.77,2.86,1.97,0.81,0.08,7.59,1.17,0.28,0.06,0.18,0.97,78.88,10.75,0.13,18.39,1.38,13.41,31.49,5.95,3.58,1.74,10.75,11.7,1.6,35.72,19.06,0.27,1.19,43.35,0.31,0.1,1.46,17.83,32.38,24.37,13.32,5.2,5.44,4.59,7.8,14.44,21.21,18.51,27.75,5.69,76.71,17.75,5.54,14.52,71.62,12.15,1.49,0.18,0.04,13.39,69.26,0.26,0.22,0.02,0.02,12.87,0.56,0.82,2.59,42.07,35.09,22.84,90.16,8.74,0.32,0.13,0.09,0.57,84.11,3.04,61.45,4.04,8.4,6.96,0.08,0,0.13,15.89,1.02,14.86,55.58,3.93,40.49,4.98,32.5,62.52,70.82,0.74,0.21,0.04,2.88,24.29,0.33,0.09,0.03,0.57,100,64.46,57.22,7.24,34.98,33.04,1.94,0.57,63.54,22.49,44.92,1.17,5.52,1.31,62.42,1.86,0.55,2.42,5.33,1.57,23.72,33.22,56.87,8.2,2.92,5.28,1.71
11,SIKKIM,000,SIKKIM,00000,SIKKIM,000000,0000,State - SIKKIM,Urban,100,80.29,17.95,1.76,95.35,76.57,17.07,1.71,4.65,3.72,0.88,0.05,1,0.48,0.14,0.1,0.88,1.58,40.72,55.03,0.07,5.15,0.4,3.66,6.77,1.23,1.07,1.14,60.28,19.39,0.9,4.43,4.26,0.33,1.38,84.25,5.3,0.05,2.22,31.02,30.23,15.38,9.42,4.51,7.23,6.69,11.17,19.81,23.89,16.44,18.32,3.67,32.88,63.62,3.49,19.71,70.76,7.8,1.4,0.27,0.06,70.03,22.05,0.93,0.03,0.02,0.1,6.37,0.04,0.13,0.3,79.81,15.65,4.54,98.71,0.88,0.03,0.03,0,0.34,95.19,34.35,55.68,1.81,1.76,1.52,0.04,0,0.02,4.81,2.63,2.19,89.54,2.46,8.01,39.53,52.59,7.88,5.29,0.23,0.06,0.18,8.32,85.1,0.07,0.09,0.03,0.62,100,96.57,87.46,9.1,2.82,2.56,0.25,0.62,77.63,24.24,80,8.95,15.25,2.92,81.2,7.91,1.74,3.89,15.88,9.99,3.93,82.76,15.14,1.13,0.51,0.62,0.96
12,ARUNACHAL PRADESH,000,ARUNACHAL PRADESH,00000,ARUNACHAL PRADESH,000000,0000,State - ARUNACHAL PRADESH,Total,100,51.78,44.93,3.29,97.41,50.31,43.85,3.25,2.59,1.47,1.08,0.04,46.7,0.47,0.39,0.11,0.19,0.89,46.18,3.93,1.14,64.39,1.51,1.87,8.9,2.87,2.17,0.63,5.57,8.08,4.01,22.55,51.05,0.27,0.22,25.49,0.28,0.15,3.77,30.23,36.12,19.12,6.55,2.27,1.94,5.86,8.25,11.87,16.63,16.5,33.08,7.82,68.27,22.63,9.1,16.13,72.1,9.93,1.49,0.27,0.08,26.42,39.12,1.36,4.33,10.65,2.41,5.7,5.95,0.88,3.18,41.06,37.37,21.57,65.68,18.46,2.9,0.32,2.1,10.53,61.97,5.96,22.39,10.04,4.42,14.37,0.71,0.4,3.66,38.03,3.23,34.8,29.02,13.55,57.43,5.95,27.12,66.92,68.65,0.68,0.08,0.02,0.74,29.22,0.12,0.13,0.05,0.3,100,95.32,85.84,9.47,4.38,3.4,0.98,0.3,53.03,22.01,41.14,1.96,6.16,2.9,39.79,5.61,19.49,14.02,7.92,3.63,30.68,18.73,29.7,46.52,3.3,43.22,5.06
12,ARUNACHAL PRADESH,000,ARUNACHAL PRADESH,00000,ARUNACHAL PRADESH,000000,0000,State - ARUNACHAL PRADESH,Rural,100,49.51,47.03,3.46,97.87,48.39,46.07,3.41,2.13,1.12,0.96,0.05,56.45,0.5,0.36,0.05,0.07,0.61,39.59,1.2,1.17,72.68,1.62,1.48,9.71,2.9,1.65,0.54,3.15,3.92,2.33,22.36,63.13,0.17,0.17,13.89,0.11,0.16,4.51,33.33,34.97,17.27,6.19,2.09,1.65,4.74,7.33,10.76,15.29,16.48,36.44,8.96,81.39,11.25,7.36,14.23,72.26,11.36,1.74,0.32,0.1,19.67,39.61,1.14,4.76,12.33,2.71,7.1,7.61,1.08,3.98,31.44,42.18,26.38,55.46,23.59,3.86,0.39,2.74,13.96,52.7,3.33,11.88,10.91,4.11,16.31,0.84,0.49,4.82,47.3,3.05,44.25,16.15,13.6,70.25,2.68,19.24,78.08,85.31,0.75,0.08,0.02,0.47,12.96,0.09,0.09,0.04,0.2,100,94.99,84.43,10.56,4.81,3.59,1.22,0.2,43.14,23.22,29.01,0.84,4.54,2.29,30.76,3.12,20.11,11.31,5.29,1.57,38.6,11.57,28.77,56.25,4.04,52.21,3.41
12,ARUNACHAL PRADESH,000,ARUNACHAL PRADESH,00000,ARUNACHAL PRADESH,000000,0000,State - ARUNACHAL PRADESH,Urban,100,58.52,38.69,2.8,96.05,56.03,37.26,2.76,3.95,2.48,1.43,0.04,17.74,0.39,0.48,0.28,0.57,1.7,65.77,12.05,1.03,39.76,1.16,3.02,6.5,2.76,3.72,0.89,12.77,20.43,8.98,23.11,15.14,0.56,0.36,59.94,0.79,0.1,1.58,21.03,39.53,24.61,7.63,2.81,2.81,9.2,10.96,15.16,20.59,16.55,23.1,4.44,29.3,56.44,14.27,21.78,71.65,5.65,0.76,0.12,0.05,46.5,37.66,1.99,3.06,5.66,1.5,1.53,1.02,0.29,0.79,69.65,23.06,7.28,96.02,3.23,0.07,0.11,0.22,0.36,89.51,13.77,53.62,7.47,5.34,8.59,0.35,0.15,0.21,10.49,3.76,6.73,67.24,13.41,19.35,15.66,50.55,33.79,19.17,0.48,0.08,0.03,1.54,77.53,0.2,0.27,0.08,0.62,100,96.28,90.04,6.24,3.1,2.83,0.27,0.62,82.4,18.4,77.17,5.3,10.99,4.71,66.6,13.02,17.65,22.08,15.74,9.73,7.13,39.97,32.46,17.62,1.08,16.53,9.95
13,NAGALAND,000,NAGALAND,00000,NAGALAND,000000,0000,State - NAGALAND,Total,100,52.43,45.76,1.81,98.85,51.78,45.28,1.79,1.15,0.65,0.49,0.02,18.94,0.36,0.22,0.22,0.22,1.54,72.6,5.6,0.3,49.51,1.24,3.24,22.68,0.5,0.53,2.29,13.78,5.62,0.61,50.76,20.73,0.33,0.54,26.96,0.62,0.06,1.83,22.72,34.63,23.57,10.8,3.66,2.79,5.6,9.38,12.24,15.67,15.99,36.04,5.08,73.81,21.35,4.84,18.58,77.7,3.25,0.4,0.06,0.01,6.08,41.07,6.55,19.1,2.17,4.48,5.62,1.99,10.27,2.67,29.29,42.37,28.34,81.61,15.62,0.31,0.22,1.11,1.12,76.52,3.31,34.41,10.01,11.24,16.43,0.3,0.2,0.62,23.48,6.95,16.53,52.37,30.1,17.53,4.81,45.36,49.83,77.93,0.78,0.1,0.04,0.64,19.96,0.12,0.1,0.09,0.24,100,91.54,88.62,2.92,8.22,7.33,0.89,0.24,34.88,24.98,37.92,1.73,7.2,1.33,48.57,3.16,7.86,6.32,7.78,3.32,32.31,22.33,57.84,18.93,1.49,17.44,0.9
13,NAGALAND,000,NAGALAND,00000,NAGALAND,000000,0000,State - NAGALAND,Rural,100,48.54,49.68,1.77,99.18,48.11,49.3,1.77,0.82,0.43,0.38,0.01,24.07,0.33,0.2,0.22,0.08,0.83,72.48,1.5,0.28,56.14,1.26,3.85,26.56,0.32,0.31,1.36,7.74,2.25,0.2,61.25,22.45,0.24,0.49,15.27,0.25,0.05,2.18,22.93,36.56,24.05,9.78,2.79,1.7,5.11,9.11,11.65,14.75,15.58,38.82,4.98,87.25,7.78,4.97,16.82,79.57,3.19,0.37,0.05,0.01,6.1,45.68,5.03,19.54,1.43,1.39,5.8,1.88,11.41,1.73,20.09,48.49,31.42,75.22,21.1,0.41,0.27,1.51,1.49,69.22,2.83,21.14,11.08,13.12,19.69,0.28,0.24,0.85,30.78,8.47,22.31,40.9,36.76,22.34,3.26,36.27,60.48,91.8,0.81,0.09,0.03,0.14,6.72,0.13,0.07,0.04,0.18,100,91.08,88.49,2.59,8.73,7.61,1.12,0.18,23.08,25.53,25.8,0.67,4.93,0.97,37.95,1.87,7.22,5.01,5.04,1.25,41.53,11.75,63.61,24.16,1.88,22.28,0.48
13,NAGALAND,000,NAGALAND,00000,NAGALAND,000000,0000,State - NAGALAND,Urban,100,62.04,36.07,1.89,98.02,60.84,35.32,1.86,1.98,1.2,0.74,0.04,6.24,0.45,0.27,0.2,0.55,3.32,72.88,15.74,0.35,33.07,1.19,1.71,13.09,0.94,1.06,4.6,28.73,13.97,1.62,24.8,16.47,0.53,0.67,55.92,1.53,0.08,0.98,22.19,29.84,22.4,13.3,5.83,5.47,6.83,10.03,13.7,17.94,16.99,29.18,5.33,40.54,54.95,4.5,22.95,73.09,3.38,0.49,0.08,0.02,6.02,29.66,10.32,18.01,4,12.13,5.17,2.26,7.44,5,52.08,27.2,20.72,97.42,2.07,0.08,0.09,0.12,0.22,94.6,4.52,67.27,7.36,6.59,8.37,0.35,0.09,0.05,5.4,3.18,2.22,80.76,13.62,5.62,8.64,67.88,23.48,43.61,0.71,0.13,0.05,1.89,52.75,0.1,0.19,0.21,0.37,100,92.68,88.96,3.72,6.95,6.64,0.31,0.37,64.12,23.65,67.94,4.36,12.83,2.22,74.85,6.37,9.46,9.57,14.58,8.44,9.47,48.53,43.56,5.98,0.54,5.43,1.93
14,MANIPUR,000,MANIPUR,00000,MANIPUR,000000,0000,State - MANIPUR,Total,100,52.64,42.98,4.37,98.29,51.74,42.25,4.29,1.71,0.9,0.73,0.08,16.76,0.21,0.67,0.24,0.43,1.89,75.27,4.42,0.12,20.88,0.71,51.85,12.48,0.72,0.53,0.44,11.18,1.02,0.19,70.24,11.18,1.04,0.69,15.88,0.91,0.06,1.61,13.44,30.8,31.07,14,5.43,3.66,1.58,7.39,14.09,20.05,19.56,32.45,4.88,93.73,4.76,1.5,9.99,77.78,10.79,1.23,0.18,0.03,24.71,14.1,2.68,4.94,5.95,0.35,7.43,13.92,22.82,3.11,15.48,47.35,37.17,69.32,24.33,1.81,0.4,3.51,0.64,87.03,5.86,23.57,15.21,15.5,19.31,5.03,1.97,0.59,12.97,2.23,10.74,31.12,20.86,48.02,3.98,47.9,48.12,68.04,1.13,0.21,1.94,0.15,27.6,0.06,0.22,0.56,0.09,100,91.4,85.68,5.72,8.51,7.28,1.23,0.09,28.64,51.82,44.86,2.03,6.67,2.9,50.38,2.1,40.93,18.23,5.73,3.56,20,13.65,69.33,16.71,9.59,7.12,0.31
14,MANIPUR,000,MANIPUR,00000,MANIPUR,000000,0000,State - MANIPUR,Rural,100,47.84,47.83,4.33,98.73,47.2,47.25,4.28,1.27,0.64,0.58,0.05,22.17,0.24,0.66,0.31,0.25,1.21,73.5,1.58,0.11,24.52,0.82,51.8,15.45,0.53,0.28,0.39,5.51,0.5,0.19,75.63,14.57,0.61,0.42,8.43,0.31,0.04,1.7,13.42,31.79,31.4,13.87,4.94,2.88,1.48,7.36,13.4,18.67,19.07,34.77,5.24,95.9,2.81,1.29,9.38,79.05,10.25,1.13,0.16,0.03,13.01,17.98,2.85,5.72,6.7,0.37,10.2,16.22,25.43,1.52,8.19,52.34,39.47,63.48,30.18,2.43,0.44,2.75,0.72,83.12,5.16,14.83,16.12,16.48,23.48,4.49,1.82,0.73,16.88,2.39,14.49,23.27,22.55,54.18,3.06,40.53,56.4,81.81,1.24,0.22,1.19,0.11,14.72,0.06,0.18,0.4,0.07,100,89.48,82.48,7,10.45,8.77,1.68,0.07,22.87,46.79,34.34,1.07,5.45,2.31,42.88,1.7,35.92,11.44,3.52,1.54,26.09,6.97,70.6,22.13,12.34,9.79,0.3
14,MANIPUR,000,MANIPUR,00000,MANIPUR,000000,0000,State - MANIPUR,Urban,100,63.38,32.14,4.48,97.29,61.88,31.09,4.32,2.71,1.49,1.05,0.16,4.66,0.15,0.69,0.1,0.83,3.42,79.24,10.78,0.14,12.73,0.45,51.98,5.83,1.14,1.1,0.56,23.84,2.19,0.19,58.21,3.61,1.99,1.29,32.56,2.24,0.11,1.42,13.48,28.57,30.32,14.28,6.54,5.4,1.79,7.44,15.64,23.16,20.67,27.24,4.07,88.9,9.13,1.97,11.36,74.92,12,1.45,0.22,0.05,50.85,5.42,2.33,3.17,4.27,0.3,1.22,8.79,16.99,6.65,31.76,36.19,32.05,82.38,11.24,0.41,0.31,5.2,0.46,95.77,7.41,43.1,13.19,13.29,9.97,6.24,2.31,0.26,4.23,1.88,2.35,48.65,17.09,34.26,6.04,64.36,29.6,37.27,0.88,0.17,3.59,0.26,56.4,0.08,0.31,0.92,0.13,100,95.69,92.85,2.84,4.17,3.96,0.22,0.13,41.54,63.07,68.4,4.17,9.41,4.21,67.16,2.99,52.13,33.41,10.65,8.08,6.38,28.59,66.48,4.6,3.45,1.15,0.32
15,MIZORAM,000,MIZORAM,00000,MIZORAM,000000,0000,State - MIZORAM,Total,100,62.32,34.86,2.82,98.46,61.37,34.3,2.8,1.54,0.96,0.56,0.02,17.61,0.51,0.06,0.13,0.12,0.95,66.84,13.65,0.12,28.98,0.84,0.21,2.68,0.17,0.28,48.21,7.19,10.2,1.23,5.34,69.86,0.1,0.09,23.64,0.83,0.13,2.8,18.84,42.55,22.2,8.32,2.99,2.3,4.96,8.45,12.9,18.02,19.74,29.89,6.03,65.83,31.8,2.37,20.02,69.97,9.04,0.89,0.07,0.01,39.44,19.28,1.96,2.74,0.82,0.89,18.41,7.71,1.82,6.93,31.16,46.66,22.18,84.2,13.53,1.33,0.34,0.32,0.28,91.91,5.7,48.41,6.65,15.11,15.47,0.26,0.05,0.25,8.09,1.51,6.58,65.18,9.89,24.93,13.12,46.5,40.38,44.49,0.28,0.05,0.44,1.76,52.55,0.15,0.1,0.05,0.14,100,98.59,83.13,15.46,1.27,0.66,0.61,0.14,54.86,33.52,55.06,2.54,12.69,1.67,63.89,7.15,4.26,13.83,7.27,7.71,18.96,64.23,18.17,16.29,0.14,16.15,1.31
15,MIZORAM,000,MIZORAM,00000,MIZORAM,000000,0000,State - MIZORAM,Rural,100,49.78,45.94,4.28,98.48,48.92,45.31,4.26,1.52,0.87,0.63,0.02,31.25,0.72,0.08,0.08,0.04,0.63,65.59,1.43,0.19,49.16,1.2,0.15,3.96,0.07,0.2,40.48,1.49,1.56,1.72,5.79,86.74,0.09,0.08,7.08,0.13,0.09,4.05,25.52,44.16,19.35,5,1.25,0.66,4.82,8.23,12.69,17.19,18.85,31.88,6.35,85.66,12.62,1.73,16.49,73.44,9.14,0.84,0.08,0.01,14.61,26.77,1.72,3.44,0.79,1.22,25.55,14.5,2.34,9.06,6.37,61.56,32.07,68.79,26.85,2.74,0.61,0.53,0.48,84.58,6.37,23.01,9.1,21.7,23.71,0.07,0.1,0.52,15.42,2.52,12.9,44.71,14.12,41.16,5.01,32.6,62.39,80.78,0.34,0.07,0.26,0.29,17.93,0.09,0.07,0.08,0.08,100,97.87,78.76,19.12,2.05,0.94,1.11,0.08,35.93,28.41,34.44,0.43,4.3,1.38,48.42,4.3,2.81,7.19,2.49,1.27,32.78,43.33,23.36,31.49,0.2,31.28,1.83
15,MIZORAM,000,MIZORAM,00000,MIZORAM,000000,0000,State - MIZORAM,Urban,100,73.64,24.86,1.5,98.45,72.6,24.37,1.48,1.55,1.04,0.49,0.02,5.31,0.32,0.05,0.18,0.2,1.23,67.97,24.68,0.06,10.77,0.51,0.26,1.53,0.27,0.36,55.18,12.33,18,0.8,4.94,54.64,0.11,0.1,38.59,1.46,0.16,1.67,12.8,41.1,24.78,11.32,4.56,3.78,5.1,8.66,13.08,18.78,20.53,28.09,5.75,47.94,49.1,2.96,23.2,66.85,8.95,0.92,0.07,0.01,61.84,12.52,2.17,2.11,0.85,0.59,11.97,1.58,1.35,5.01,53.53,33.21,13.26,98.12,1.5,0.06,0.09,0.12,0.11,98.52,5.09,71.33,4.44,9.16,8.04,0.44,0.01,0.01,1.48,0.6,0.88,83.66,6.07,10.28,20.43,59.05,20.52,11.75,0.22,0.03,0.59,3.07,83.79,0.21,0.11,0.02,0.2,100,99.24,87.08,12.16,0.56,0.4,0.16,0.2,71.94,38.14,73.67,4.43,20.25,1.93,77.86,9.72,5.57,19.82,11.59,13.52,6.5,83.09,13.49,2.57,0.09,2.49,0.85
16,TRIPURA,000,TRIPURA,00000,TRIPURA,000000,0000,State - TRIPURA,Total,100,54.24,40.69,5.07,98.42,53.65,39.83,4.94,1.58,0.59,0.87,0.12,11.78,0.52,0.34,0.16,0.63,0.77,81.42,4.21,0.17,29.57,0.45,50.41,0.23,0.43,0.54,5.52,12.2,0.5,0.16,76.94,2.5,1.97,0.2,17.76,0.58,0.04,3.58,71.42,19.62,3.86,1.01,0.25,0.26,3.14,9.02,21.44,28.3,18.56,17.78,1.76,91.86,5.54,2.6,11.75,76.83,10.16,1.11,0.12,0.02,20.31,12.89,2.89,24.47,18.08,16.25,1.89,1.83,0.48,0.9,37.08,30.53,32.39,68.44,29.11,1.88,0.21,0.04,0.31,86.04,3.53,14.17,7.15,44.78,15.42,0.45,0.1,0.44,13.96,2.5,11.46,18.91,13.22,67.87,3.68,22.88,73.44,80.47,0.78,0.14,0.08,0.63,17.64,0.04,0.07,0.08,0.08,100,90.62,77.83,12.79,9.31,8.03,1.28,0.08,79.23,12.81,44.85,1.02,6.33,2.08,42.73,3.26,39.34,8.24,2.19,1.52,27.84,19.03,68.49,12.16,2.94,9.21,0.32
16,TRIPURA,000,TRIPURA,00000,TRIPURA,000000,0000,State - TRIPURA,Rural,100,50.61,44,5.39,98.4,50.09,43.06,5.25,1.6,0.52,0.94,0.14,15.75,0.55,0.4,0.2,0.2,0.48,81.61,0.64,0.17,31.17,0.47,58.58,0.23,0.27,0.33,3.53,5.08,0.21,0.15,86.85,3.41,1.17,0.15,8.3,0.09,0.03,3.54,75.03,18.08,2.67,0.47,0.09,0.13,2.96,8.76,19.43,27.43,19.73,19.87,1.81,95.69,1.82,2.49,11.36,77.27,10.27,1,0.1,0.01,11.35,13.8,3.49,31.92,16.79,16.17,2.59,2.46,0.62,0.8,24.5,35.88,39.62,59.49,37.67,2.2,0.24,0.04,0.35,81.45,2.32,5.11,7.71,47.71,17.61,0.32,0.12,0.57,18.55,3.14,15.41,8.22,11.6,80.18,2.3,13.87,83.84,93.29,0.84,0.13,0.09,0.18,5.25,0.04,0.04,0.09,0.06,100,87.69,72.88,14.81,12.26,10.57,1.69,0.06,78.19,13.29,33.84,0.41,5.26,1.64,35.21,1.64,36.83,4.68,1.29,0.42,34.5,9.31,74.2,16.18,3.93,12.25,0.31
16,TRIPURA,000,TRIPURA,00000,TRIPURA,000000,0000,State - TRIPURA,Urban,100,63.63,32.14,4.23,98.48,62.86,31.46,4.16,1.52,0.77,0.68,0.07,1.52,0.44,0.19,0.06,1.72,1.5,80.93,13.46,0.18,25.44,0.4,29.29,0.21,0.85,1.08,10.68,30.6,1.27,0.19,51.31,0.16,4.04,0.35,42.21,1.87,0.06,3.66,62.09,23.61,6.95,2.43,0.67,0.59,3.61,9.7,26.66,30.52,15.53,12.36,1.63,81.96,15.16,2.88,12.77,75.72,9.88,1.41,0.18,0.03,43.47,10.53,1.34,5.2,21.4,16.47,0.08,0.2,0.13,1.19,69.61,16.7,13.68,91.58,6.99,1.06,0.14,0.03,0.2,97.89,6.68,37.59,5.7,37.2,9.77,0.77,0.05,0.12,2.11,0.85,1.27,46.55,17.41,36.04,7.25,46.19,46.55,47.32,0.62,0.17,0.07,1.78,49.67,0.03,0.14,0.06,0.13,100,98.19,90.63,7.56,1.68,1.47,0.21,0.13,81.93,11.6,73.32,2.61,9.09,3.2,62.18,7.46,45.82,17.45,4.51,4.36,10.61,44.19,53.73,1.75,0.39,1.36,0.33
17,MEGHALAYA,000,MEGHALAYA,00000,MEGHALAYA,000000,0000,State - MEGHALAYA,Total,100,48.07,45.94,6,98.95,47.58,45.43,5.94,1.05,0.49,0.51,0.05,16.02,1.03,0.32,0.43,0.41,1.74,69.14,10.25,0.67,40.05,1.43,6.91,19.81,1.78,3.85,2.64,9.37,12.95,1.22,33.73,34.09,0.53,0.52,30.45,0.57,0.11,2.14,21.59,33.6,21.91,10.32,4.89,5.56,3.62,7.44,12.46,16.08,15.93,33.75,10.73,81.95,15.62,2.44,16.9,71.29,10.3,1.23,0.23,0.05,27.81,11.45,6.93,18.45,2.81,2.63,18.96,2.63,5.72,2.62,24.06,43.23,32.71,60.92,36.98,0.8,0.29,0.24,0.77,62.91,5.81,23.72,8.63,6.94,16.35,0.33,0.36,0.77,37.09,2.8,34.29,33.27,6.34,60.4,5.7,29.58,64.73,79.02,0.85,0.25,2.3,3.72,11.85,1.56,0.18,0.09,0.18,100,79.05,71.71,7.34,20.77,18.95,1.82,0.18,37.49,25.16,33.66,1.5,6.09,1.53,39.1,2.36,13.33,5.36,5.36,2.52,35.76,29.94,51.71,16.51,2.17,14.33,1.84
17,MEGHALAYA,000,MEGHALAYA,00000,MEGHALAYA,000000,0000,State - MEGHALAYA,Rural,100,42.16,50.94,6.89,99.07,41.78,50.45,6.84,0.93,0.39,0.49,0.05,19.72,1.19,0.35,0.51,0.36,1.54,71.74,4.06,0.53,47.46,1.63,7.75,20.72,1.71,3.52,2.84,7.42,6.43,0.53,40.43,36.81,0.58,0.49,21.4,0.19,0.1,2.49,21.59,35.13,22.18,9.86,4.41,4.33,3.26,7.12,11.99,15.29,15.64,35.27,11.43,92.33,5.99,1.67,15.29,72.31,10.9,1.21,0.23,0.05,16.72,12,7.87,22.29,3.46,2.96,21.75,3.28,6.9,2.76,14.82,47.3,37.87,51.57,45.94,1,0.33,0.26,0.89,53.88,4.75,11.35,9.76,7.26,19.05,0.37,0.39,0.94,46.12,3.06,43.06,22,6.52,71.48,2.35,20.54,77.12,93.66,0.97,0.29,0.7,0.68,2.55,0.76,0.13,0.09,0.16,100,75.48,67.47,8.01,24.35,22.12,2.24,0.16,28.2,23.25,22.94,0.48,3.96,1.25,29.86,1.45,14.92,3.86,2.85,0.59,42.88,21.49,57,20.5,2.57,17.93,1.01
17,MEGHALAYA,000,MEGHALAYA,00000,MEGHALAYA,000000,0000,State - MEGHALAYA,Urban,100,69.53,27.73,2.74,98.5,68.66,27.16,2.68,1.5,0.87,0.57,0.06,2.58,0.44,0.18,0.13,0.59,2.45,59.67,32.75,1.2,13.08,0.7,3.86,16.53,2.05,5.07,1.9,16.45,36.65,3.72,9.36,24.2,0.35,0.63,63.37,1.94,0.15,0.84,21.56,28,20.93,11.97,6.66,10.03,4.94,8.6,14.16,18.95,16.95,28.22,8.17,44.18,50.61,5.21,22.76,67.58,8.09,1.29,0.23,0.05,68.15,9.44,3.49,4.46,0.45,1.46,8.82,0.25,1.4,2.09,57.66,28.43,13.92,94.93,4.39,0.07,0.12,0.16,0.33,95.75,9.68,68.72,4.51,5.77,6.51,0.19,0.26,0.12,4.25,1.85,2.4,74.22,5.68,20.1,17.89,62.45,19.66,25.79,0.42,0.09,8.11,14.79,45.64,4.48,0.38,0.07,0.22,100,92.04,87.12,4.92,7.74,7.44,0.29,0.22,71.26,32.11,72.65,5.2,13.83,2.55,72.7,5.68,7.55,10.84,14.47,9.52,9.88,60.66,32.5,1.99,0.74,1.25,4.85
18,ASSAM,000,ASSAM,00000,ASSAM,000000,0000,State - ASSAM,Total,100,32.77,56.38,10.85,98.51,32.32,55.45,10.74,1.49,0.45,0.93,0.12,18.63,2.1,0.73,0.26,0.14,0.83,74.23,2.86,0.21,66.36,0.62,3.63,1.57,0.73,1.45,1.13,21.17,2.85,0.49,78.6,2.11,1.23,0.36,16.63,1.01,0.06,3.31,33.16,29.97,17.6,8.63,3.9,3.43,3.11,7.81,14.88,22.26,19.42,26.89,5.63,87.92,6.84,5.24,12.58,74.13,10.97,1.89,0.34,0.08,9.15,1.31,1.67,17.21,50.16,9.24,1.26,3.4,4.63,1.97,54.81,26.7,18.5,37.05,61.77,0.77,0.13,0.07,0.21,64.89,5.16,14.88,8.42,10.48,24.2,0.85,0.35,0.56,35.11,1.87,33.24,24.47,17.29,58.24,3.61,16.79,79.59,72.12,6.44,0.85,0.11,0.62,18.95,0.05,0.12,0.35,0.39,100,78.1,70.27,7.83,21.52,18.04,3.47,0.39,44.09,22.06,27.5,1.57,7.75,2.16,43.45,2.26,55.04,10.15,3.77,2.58,23.55,27.01,51.93,20.38,0.87,19.5,0.68
18,ASSAM,000,ASSAM,00000,ASSAM,000000,0000,State - ASSAM,Rural,100,27.93,60.25,11.81,98.6,27.59,59.32,11.69,1.4,0.34,0.93,0.12,21.45,2.34,0.73,0.26,0.11,0.55,73.75,0.6,0.21,72.18,0.6,3.82,1.56,0.54,0.9,1.18,17.09,1.65,0.48,86.24,2.39,0.98,0.26,9.89,0.2,0.04,3.53,34.82,30.34,17.21,7.86,3.39,2.84,2.8,7.59,14.13,21.39,19.79,28.47,5.83,92.33,2.4,5.27,12,74.67,11.13,1.83,0.31,0.07,5.78,1.04,1.1,17.97,53.33,8.18,1.31,3.88,5.26,2.15,50.37,29.26,20.37,28.36,70.38,0.87,0.14,0.06,0.19,59.57,3.34,8.34,8.91,10.25,26.96,0.88,0.3,0.6,40.43,1.97,38.46,15.75,18.11,66.14,1.43,12.34,86.23,80.59,7.41,0.97,0.07,0.16,9.89,0.04,0.11,0.4,0.36,100,75.2,67.31,7.89,24.44,20.48,3.96,0.36,38.34,21.83,20.07,0.68,6.48,1.73,38.67,1.4,56.93,7.58,2.13,0.98,26.19,21.07,54.82,23.45,0.99,22.45,0.67
18,ASSAM,000,ASSAM,00000,ASSAM,000000,0000,State - ASSAM,Urban,100,58.92,35.42,5.66,98.01,57.89,34.54,5.57,1.99,1.03,0.88,0.08,3.34,0.81,0.75,0.27,0.31,2.36,76.86,15.09,0.21,34.86,0.7,2.57,1.63,1.78,4.4,0.9,43.21,9.39,0.56,37.26,0.58,2.61,0.93,53.1,5.37,0.16,2.13,24.19,27.93,19.7,12.81,6.64,6.61,4.77,8.98,18.99,27.01,17.4,18.31,4.54,64.02,30.9,5.08,15.75,71.23,10.12,2.24,0.5,0.15,27.4,2.76,4.76,13.07,32.97,15.03,1,0.81,1.17,1.02,78.82,12.82,8.36,84.08,15.18,0.27,0.1,0.08,0.29,93.71,15,50.26,5.78,11.73,9.27,0.71,0.62,0.34,6.29,1.3,4.99,71.68,12.86,15.46,15.44,40.91,43.65,26.23,1.21,0.19,0.3,3.16,67.97,0.1,0.19,0.1,0.54,100,93.78,86.27,7.5,5.68,4.84,0.85,0.54,75.18,23.34,67.75,6.43,14.6,4.48,69.3,6.92,44.78,24.06,12.65,11.24,9.31,59.2,36.3,3.75,0.21,3.55,0.75
19,WEST BENGAL,000,WEST BENGAL,00000,WEST BENGAL,000000,0000,State - WEST BENGAL,Total,100,40.89,47.36,11.75,97.15,39.83,45.84,11.47,2.85,1.06,1.52,0.28,13.36,1.19,20.29,8.55,0.62,1.7,28.39,25.58,0.32,18.09,0.58,29.09,0.72,0.53,0.71,2.15,44.09,3.76,0.27,59.32,0.55,1.94,0.68,35.1,2.32,0.08,3.53,52.18,29.24,8.45,4.33,0.97,1.3,3.42,9.42,19.05,26.76,18.36,19.04,3.95,89.28,7.33,3.39,11.51,72.98,12.64,2.36,0.41,0.1,21.04,4.38,0.66,5.37,50.14,16.67,0.52,0.26,0.19,0.78,38.64,34.72,26.64,54.49,43.53,1.19,0.21,0.09,0.49,58.85,5.55,20.72,5.62,22.32,3.24,0.39,0.65,0.36,41.15,2.52,38.63,27.14,8.73,64.13,9.24,22.37,68.39,33.08,25.55,10.02,7.9,2.14,17.96,0.08,0.26,2.74,0.28,100,87.32,54.08,33.24,12.4,6.86,5.54,0.28,48.75,18.34,35.34,2.21,6.11,2.27,42.94,4.02,57.18,8.52,2.23,2,22.78,50.51,35.01,13.92,9.11,4.81,0.56
19,WEST BENGAL,000,WEST BENGAL,00000,WEST BENGAL,000000,0000,State - WEST BENGAL,Rural,100,33.19,52.68,14.13,97.24,32.32,51.1,13.82,2.76,0.87,1.58,0.31,18.51,1.38,20.45,8.3,0.45,1.52,34.05,15.01,0.33,22.83,0.61,38.76,0.79,0.36,0.4,2.57,31.3,2.1,0.27,76.91,0.6,1.88,0.26,20.12,0.17,0.06,3.79,57.04,28.1,6.1,3.5,0.61,0.86,3.17,8.96,17.25,27.34,19.55,19.92,3.79,95.62,1.3,3.08,10.24,74.19,12.76,2.32,0.4,0.1,7.64,3.79,0.56,6.17,62.88,17.11,0.58,0.32,0.18,0.76,30.54,37.93,31.53,40.31,57.79,1.17,0.22,0.07,0.43,46.74,1.83,9.27,7.05,22.72,4.25,0.41,0.85,0.36,53.26,1.96,51.3,11.94,7.82,80.24,2.22,13.09,84.7,39.19,35.72,13.6,3.3,0.2,3.96,0.06,0.17,3.6,0.2,100,83.94,49.03,34.91,15.86,8.8,7.06,0.2,39.77,14,20.19,0.44,4.71,1.43,34.44,1.49,58.17,5.74,1.24,0.42,28.5,36.03,44.15,19.25,12.8,6.45,0.57
19,WEST BENGAL,000,WEST BENGAL,00000,WEST BENGAL,000000,0000,State - WEST BENGAL,Urban,100,57.52,35.87,6.6,96.95,56.06,34.49,6.4,3.05,1.46,1.39,0.21,2.23,0.79,19.93,9.1,0.99,2.08,16.17,48.43,0.29,7.85,0.51,8.2,0.58,0.9,1.37,1.23,71.73,7.36,0.28,21.33,0.44,2.08,1.59,67.47,6.97,0.12,2.97,41.69,31.7,13.52,6.12,1.74,2.26,3.95,10.4,22.92,25.5,15.8,17.14,4.28,75.57,20.35,4.08,14.26,70.37,12.37,2.45,0.43,0.11,49.97,5.66,0.9,3.64,22.6,15.69,0.38,0.13,0.21,0.82,56.15,27.78,16.06,85.13,12.72,1.23,0.2,0.13,0.6,85.01,13.58,45.44,2.54,21.46,1.05,0.35,0.23,0.37,14.99,3.74,11.25,59.97,10.69,29.34,24.4,42.43,33.17,19.87,3.59,2.28,17.84,6.33,48.19,0.11,0.44,0.88,0.47,100,94.62,64.99,29.63,4.91,2.67,2.24,0.47,68.17,27.7,68.06,6.03,9.11,4.07,61.3,9.5,55.05,14.52,4.37,5.4,10.42,81.78,15.26,2.41,1.16,1.25,0.55
20,JHARKHAND,000,JHARKHAND,00000,JHARKHAND,000000,0000,State - JHARKHAND,Total,100,43.37,52.17,4.46,93.96,41.09,48.62,4.25,6.04,2.28,3.56,0.21,11.6,0.31,49.66,3.68,0.82,1.13,6.6,25.99,0.22,1.85,0.21,58.48,0.16,0.97,1.16,0.07,36.19,0.83,0.08,68.5,0.14,2.35,0.25,27.34,1.38,0.04,2.55,26.62,38.99,16.09,9.42,2.8,3.55,2.69,8.07,11.27,18.29,19.51,31.92,8.26,89.29,7.67,3.05,10.82,68.4,15.88,3.75,0.9,0.25,9.97,2.9,1.91,34.61,43.79,3.47,0.82,1.61,0.18,0.75,23.18,44.94,31.87,45.78,53.13,0.73,0.22,0.09,0.06,22.03,3.74,15.66,0.97,1.06,0.33,0.15,0.03,0.1,77.97,0.98,76.99,16.48,8.96,74.56,7.2,22.29,70.51,57.55,4.03,7.18,18.14,0.24,11.66,0.34,0.11,0.63,0.13,100,93.95,37.07,56.88,5.92,2.36,3.56,0.13,53.95,17.45,26.81,1.47,5.42,1.98,44.1,1.94,58.83,16.05,2.78,2.86,21.02,38.22,50.49,10.99,9.83,1.16,0.29
20,JHARKHAND,000,JHARKHAND,00000,JHARKHAND,000000,0000,State - JHARKHAND,Rural,100,38.08,57.23,4.69,93.03,35.68,52.89,4.45,6.97,2.4,4.33,0.24,14.23,0.25,59.42,3.97,0.5,0.86,3.51,17.06,0.2,2.16,0.21,70.41,0.17,0.93,0.83,0.06,24.75,0.4,0.06,82.97,0.14,2,0.14,14.6,0.12,0.03,2.46,28.05,39.14,15.39,9.04,2.61,3.31,2.54,8.43,11.11,17.32,19.31,33.01,8.28,97.62,1.4,0.97,10.19,68.56,16.36,3.76,0.89,0.25,2.1,1.62,1.68,40.33,49.09,1.48,1.04,1.93,0.17,0.57,11.72,51.92,36.37,32.31,66.44,0.89,0.24,0.08,0.04,7.62,0.45,4.95,0.8,0.95,0.31,0.08,0.02,0.06,92.38,0.7,91.67,4.07,7.2,88.72,1.56,14.74,83.69,71.62,4.84,8.82,11.77,0.1,1.94,0.08,0.09,0.65,0.09,100,93.6,30.1,63.5,6.31,2.62,3.7,0.09,47.39,17.35,13.74,0.3,3.84,1.33,36.57,0.84,60.78,9.45,1.1,0.45,24.65,25.99,60.21,13.55,12.19,1.36,0.26
20,JHARKHAND,000,JHARKHAND,00000,JHARKHAND,000000,0000,State - JHARKHAND,Urban,100,59.94,36.33,3.73,96.89,58.05,35.21,3.63,3.11,1.89,1.12,0.11,3.36,0.5,19.06,2.76,1.83,1.97,16.27,53.95,0.29,0.87,0.19,21.08,0.13,1.1,2.21,0.1,72.03,2.16,0.11,23.17,0.15,3.45,0.58,67.23,5.35,0.07,2.84,22.13,38.5,18.26,10.61,3.38,4.28,3.16,6.94,11.78,21.31,20.12,28.5,8.18,63.18,27.29,9.53,12.8,67.93,14.36,3.73,0.93,0.27,34.65,6.91,2.64,16.67,27.16,9.71,0.11,0.63,0.21,1.31,59.12,23.09,17.79,87.98,11.42,0.21,0.16,0.11,0.12,67.17,14.03,49.2,1.49,1.41,0.41,0.38,0.05,0.21,32.83,1.84,30.99,55.34,14.46,30.2,24.87,45.93,29.2,13.46,1.5,2.01,38.08,0.67,42.11,1.16,0.15,0.6,0.26,100,95.05,58.9,36.15,4.69,1.54,3.15,0.26,74.48,17.76,67.77,5.15,10.38,4.01,67.68,5.39,52.71,36.74,8.04,10.41,9.63,76.55,20.06,2.98,2.44,0.54,0.4
21,ODISHA,000,ODISHA,00000,ODISHA,000000,0000,State - ODISHA,Total,100,29.53,62.13,8.33,97.36,28.83,60.4,8.13,2.64,0.7,1.74,0.2,33.94,0.37,22.81,5.03,0.21,1.12,12.84,23.51,0.17,6.01,0.26,46.99,1.19,1.56,5.52,0.11,36.68,1.59,0.11,62.39,0.14,0.8,0.39,34.77,1.43,0.08,1.83,36.99,38.16,13.94,5.56,1.73,1.78,4.18,11.9,16.84,23.79,19.13,20.91,3.25,90.35,6.68,2.97,12.69,75.07,10.27,1.58,0.3,0.08,9.98,3.86,2.24,17.3,41.45,19.97,1.82,1.72,0.89,0.78,22.38,42.24,35.38,43.02,55.33,0.35,0.1,0.11,1.08,22.04,2.54,13.61,1.55,2.11,1.38,0.32,0.27,0.25,77.96,1.37,76.59,14.07,5.61,80.31,4.32,14.97,80.7,65,10.17,9.42,1.58,1.11,9.83,0.44,0.15,2.01,0.29,100,81.11,52.59,28.52,18.6,10.27,8.33,0.29,45.04,11.39,26.72,1.4,3.68,1.82,35.63,2.37,61.02,14.5,1.79,2.1,25.48,42.39,26.03,31.3,26.41,4.89,0.28
21,ODISHA,000,ODISHA,00000,ODISHA,000000,0000,State - ODISHA,Rural,100,25.44,65.76,8.8,97.29,24.81,63.9,8.58,2.71,0.63,1.87,0.22,37.8,0.25,25.03,5.51,0.18,1.01,10.93,19.15,0.14,6.55,0.24,51.96,1.35,1.58,5,0.09,32.05,1.08,0.1,69.82,0.13,0.81,0.25,28.66,0.28,0.04,1.85,38.61,39.02,12.91,4.81,1.39,1.41,4.11,12.37,16.72,23.21,19.29,21.3,3.01,96.01,2.08,1.92,12.48,75.58,10.19,1.43,0.26,0.06,4,3.47,1.67,18.08,46.79,20.16,2.11,1.95,1.02,0.76,15.95,45.51,38.54,35.55,62.79,0.39,0.1,0.11,1.05,14.08,0.87,7.76,1.42,1.93,1.44,0.22,0.23,0.21,85.92,1.24,84.68,6.54,4.83,88.63,1.43,10.47,88.11,70.62,11.66,10.69,0.83,0.27,3.06,0.21,0.14,2.29,0.24,100,79.32,49.35,29.97,20.44,11.4,9.04,0.24,41.02,10.64,19.37,0.47,2.8,1.53,30.9,1.2,60.03,9.81,0.92,0.49,28.19,36.69,28.1,34.97,29.64,5.33,0.24
21,ODISHA,000,ODISHA,00000,ODISHA,000000,0000,State - ODISHA,Urban,100,51.54,42.65,5.81,97.78,50.46,41.61,5.71,2.22,1.08,1.05,0.1,13.25,1.02,10.86,2.45,0.38,1.67,23.12,46.92,0.33,3.12,0.31,20.26,0.32,1.42,8.31,0.22,61.54,4.33,0.17,22.46,0.16,0.77,1.13,67.57,7.62,0.28,1.69,28.29,33.57,19.49,9.58,3.57,3.8,4.55,9.41,17.53,26.91,18.28,18.8,4.53,59.96,31.4,8.64,13.79,72.33,10.74,2.44,0.55,0.15,42.11,5.93,5.3,13.09,12.79,18.95,0.25,0.53,0.21,0.86,56.85,24.71,18.45,83.1,15.28,0.15,0.11,0.13,1.24,64.78,11.46,45.05,2.3,3.08,1.1,0.85,0.5,0.45,35.22,2.05,33.17,54.5,9.83,35.67,19.86,39.18,40.96,34.84,2.21,2.61,5.64,5.63,46.15,1.69,0.22,0.49,0.53,100,90.74,70,20.73,8.74,4.19,4.55,0.53,66.58,15.43,66.19,6.41,8.39,3.4,60.98,8.63,66.33,39.71,6.43,10.78,10.98,72.99,14.93,11.6,9.05,2.55,0.49
22,CHHATTISGARH,000,CHHATTISGARH,00000,CHHATTISGARH,000000,0000,State - CHHATTISGARH,Total,100,46.56,49.51,3.93,96.53,44.67,47.99,3.86,3.47,1.89,1.52,0.07,7.81,0.63,68.01,1.2,0.28,1.64,3.63,16.66,0.14,1.28,0.17,66.01,0.46,2.05,1.41,0.03,27.84,0.66,0.1,74.36,0.09,0.48,5.62,16.61,2.8,0.05,1.64,35.28,34.88,15.55,7.36,2.6,2.69,5.56,12.71,13.6,20.17,19.45,24.33,4.19,90.21,6.52,3.27,12.8,72.21,12.17,2.28,0.43,0.11,12.28,8.37,0.82,10.56,58.44,7.19,0.7,0.89,0.24,0.51,19,54.51,26.49,75.26,23.23,0.89,0.19,0.14,0.3,24.59,2.49,16.61,1.87,2.12,1.34,0.09,0.01,0.06,75.41,1.43,73.98,14.76,5.38,79.86,5.26,18.89,75.84,80.83,0.89,3.72,2.3,0.51,11.18,0.11,0.19,0.09,0.2,100,94.81,54.16,40.66,4.99,1.98,3.01,0.2,48.8,11,31.32,1.21,3.44,1.54,27.19,1.98,60.98,15.61,2.25,2.6,27.09,30.82,61.64,7.31,6.49,0.81,0.23
22,CHHATTISGARH,000,CHHATTISGARH,00000,CHHATTISGARH,000000,0000,State - CHHATTISGARH,Rural,100,41.56,54.14,4.29,96.69,39.96,52.51,4.22,3.31,1.6,1.64,0.08,8.39,0.56,77.56,1.08,0.21,1.71,1.6,8.79,0.11,1.3,0.16,75.87,0.49,2.33,1.4,0.02,18.01,0.37,0.06,86.83,0.1,0.4,4.17,8.13,0.35,0.03,1.7,37.54,35.28,14.43,6.61,2.27,2.18,5.75,13.48,13.47,19.1,19.22,25.02,3.95,95.92,1.67,2.41,12.68,72.48,12.25,2.12,0.37,0.09,3.26,5.58,0.79,12.36,69.82,5.48,0.87,1.1,0.24,0.51,10.34,59.34,30.32,70.05,28.18,1.12,0.2,0.15,0.31,14.53,0.62,7.57,2.13,2.47,1.65,0.03,0.01,0.05,85.47,0.32,85.15,3.55,3.25,93.2,1.81,9.7,88.49,92.15,0.87,4.41,0.34,0.14,1.62,0.05,0.21,0.04,0.16,100,94.25,49.26,44.98,5.59,2.22,3.38,0.16,46.15,9.48,21.12,0.24,1.85,1,19.48,0.75,60.62,9.25,0.75,0.38,31.36,21.14,70.71,7.98,7.18,0.8,0.17
22,CHHATTISGARH,000,CHHATTISGARH,00000,CHHATTISGARH,000000,0000,State - CHHATTISGARH,Urban,100,64.24,33.13,2.64,95.96,61.34,32.03,2.59,4.04,2.89,1.1,0.05,5.75,0.89,34.21,1.64,0.55,1.37,10.83,44.51,0.26,1.21,0.22,31.1,0.33,1.07,1.47,0.08,62.64,1.68,0.21,30.23,0.08,0.79,10.72,46.62,11.47,0.1,1.45,27.27,33.48,19.52,10.04,3.75,4.5,4.87,9.96,14.08,23.94,20.24,21.89,5.01,70.01,23.7,6.29,13.23,71.27,11.85,2.84,0.62,0.19,44.21,18.25,0.95,4.19,18.18,13.24,0.11,0.14,0.25,0.49,49.67,37.42,12.9,93.73,5.71,0.07,0.15,0.1,0.24,60.2,9.1,48.6,0.96,0.9,0.25,0.27,0.01,0.1,39.8,5.36,34.44,54.43,12.93,32.64,17.48,51.42,31.1,40.78,0.95,1.27,9.21,1.79,45,0.32,0.09,0.26,0.34,100,96.82,71.48,25.34,2.84,1.13,1.71,0.34,58.2,16.38,67.38,4.64,9.03,3.43,54.46,6.31,62.23,38.14,7.54,10.46,11.99,65.08,29.56,4.9,4.05,0.85,0.46
23,MADHYA PRADESH,000,MADHYA PRADESH,00000,MADHYA PRADESH,000000,0000,State - MADHYA PRADESH,Total,100,52.3,43.68,4.03,94.25,49.53,40.87,3.84,5.75,2.76,2.81,0.18,9.18,1.05,41.82,7.3,0.75,12.79,9.93,16.86,0.32,3.63,0.31,49.39,0.7,2.85,4.93,0.13,36.88,0.92,0.26,69.98,0.14,0.91,4.22,17.88,6.76,0.11,2.46,39.56,32.54,13.47,7.04,2.2,2.72,4.31,10.84,11.9,20.17,20.12,27.37,5.3,90.88,6.7,2.43,10.71,71.76,13.96,2.85,0.56,0.15,16.45,6.91,1.06,18.93,47.07,7.58,0.3,0.74,0.39,0.58,23.9,45.58,30.52,67.11,32.08,0.27,0.21,0.11,0.23,28.82,5.77,19.06,1.25,1.65,0.67,0.28,0.04,0.09,71.18,1.19,69.99,25.8,21.4,52.81,9.78,30.14,60.08,66.4,5.63,7.67,0.22,1.3,18.16,0.05,0.35,0.05,0.18,100,95.8,45.37,50.43,4.02,1.43,2.59,0.18,46.6,14.54,32.14,1.42,4.48,2.4,40.59,3.02,39.74,18.81,2.68,2.85,32.61,44.23,46.33,8.87,7.06,1.82,0.56
23,MADHYA PRADESH,000,MADHYA PRADESH,00000,MADHYA PRADESH,000000,0000,State - MADHYA PRADESH,Rural,100,47.01,48.51,4.48,93.98,44.5,45.22,4.26,6.02,2.51,3.29,0.22,10.93,1,52.25,8.59,0.57,11.38,7.69,7.29,0.29,4.42,0.29,59.35,0.82,3.31,5.46,0.06,25.74,0.37,0.2,85.59,0.14,0.86,2.01,9.87,1.48,0.05,2.85,44.52,32.62,11.49,5.38,1.49,1.66,4.56,11.83,11.84,19.34,19.97,27.82,4.65,96.56,1.71,1.73,10.61,72.71,13.66,2.45,0.45,0.12,4.66,5.28,0.98,24.03,58.29,4.91,0.38,0.95,0.26,0.27,13.01,50.93,36.06,58.25,40.88,0.33,0.22,0.09,0.22,13.12,0.8,8.32,1.26,1.79,0.76,0.1,0.03,0.07,86.88,0.46,86.42,10.54,23.47,66,2.12,23.13,74.75,78.64,7.14,9.88,0.04,0.18,3.52,0.04,0.42,0.04,0.1,100,95.23,37.11,58.12,4.67,1.63,3.04,0.1,40.75,12.97,18.61,0.21,2.96,1.66,33.52,1.19,36.43,11.96,1.1,0.38,40.24,33.4,55.6,10.51,8.38,2.12,0.49
23,MADHYA PRADESH,000,MADHYA PRADESH,00000,MADHYA PRADESH,000000,0000,State - MADHYA PRADESH,Urban,100,67.6,29.7,2.7,95.01,64.11,28.29,2.62,4.99,3.5,1.41,0.08,4.12,1.19,11.63,3.55,1.27,16.89,16.42,44.55,0.39,1.37,0.35,20.58,0.36,1.54,3.41,0.34,69.11,2.53,0.42,24.82,0.15,1.06,10.6,41.07,22.03,0.28,1.35,25.23,32.3,19.22,11.82,4.28,5.8,3.59,7.99,12.07,22.57,20.55,26.08,7.16,74.45,21.11,4.44,11.01,69.02,14.82,4.01,0.89,0.26,50.55,11.64,1.28,4.18,14.62,15.32,0.06,0.13,0.74,1.47,55.41,30.09,14.5,92.73,6.63,0.1,0.16,0.14,0.24,74.22,20.16,50.14,1.24,1.22,0.44,0.79,0.07,0.16,25.78,3.3,22.48,69.94,15.41,14.65,31.92,50.43,17.66,31.02,1.23,1.29,0.75,4.52,60.49,0.08,0.13,0.08,0.41,100,97.44,69.25,28.19,2.15,0.83,1.32,0.41,63.54,19.1,71.3,4.92,8.89,4.54,61.03,8.33,49.31,38.63,7.28,9.98,10.52,75.57,19.5,4.15,3.22,0.93,0.79
24,GUJARAT,000,GUJARAT,00000,GUJARAT,000000,0000,State - GUJARAT,Total,100,67.26,31.21,1.54,96.6,65.45,29.64,1.5,3.4,1.8,1.56,0.04,1.53,0.49,8.94,22.55,0.52,3.1,18.89,43.89,0.1,5.15,0.3,18.16,0.67,2.67,7.76,0.29,61.28,3.62,0.1,28.24,0.1,0.53,7.13,27.57,36.15,0.28,2.72,41.67,35.34,13.24,4.59,1.32,1.12,3.65,9.16,12.11,22.12,19.78,26.95,6.22,83.92,13.54,2.54,11.18,65.95,18.18,4.01,0.57,0.11,39.85,29.18,2.3,4.79,11.62,9.6,0.09,0.34,0.22,2,64.04,23.54,12.42,90.41,8.08,0.13,0.21,0.21,0.96,57.35,28.98,22.8,0.82,4.18,0.29,0.21,0.02,0.04,42.65,2.25,40.41,56.46,10.97,32.57,37.29,9.44,53.27,44.02,5.69,2.57,0.45,7.57,38.31,0.04,0.91,0.05,0.38,100,85.59,64.44,21.15,14.03,7.9,6.13,0.38,57.87,19.38,53.77,3.13,5.71,3.31,58.59,7.06,34.82,34.14,6.1,6.29,18.73,75.12,23.11,1.58,0.68,0.89,0.19
24,GUJARAT,000,GUJARAT,00000,GUJARAT,000000,0000,State - GUJARAT,Rural,100,59.84,38.08,2.08,95.14,57.47,35.65,2.02,4.86,2.37,2.43,0.06,2.01,0.42,14.56,35.82,0.34,3.25,18.6,24.92,0.08,8.66,0.24,28.38,0.46,3.92,8.66,0.21,46.27,3.09,0.12,47.14,0.09,0.59,4.28,31.74,15.92,0.24,2.98,46.58,36.94,9.57,2.82,0.58,0.53,3.72,9.28,10.09,19.03,20.01,30.78,7.09,93.05,4.94,2.01,10.42,64.48,20.18,4.21,0.59,0.12,16.68,39.1,3.75,8.36,18.23,10.88,0.14,0.54,0.36,1.97,48.34,33.16,18.5,84.98,12.85,0.21,0.31,0.29,1.36,33.04,3.85,21.65,1.05,5.92,0.4,0.11,0.02,0.04,66.96,1.19,65.76,33.6,15.4,51,11.55,6.44,82.01,67.89,9.66,3.59,0.14,3.08,14.3,0.04,0.97,0.04,0.3,100,77.86,51.6,26.26,21.84,12.38,9.46,0.3,51.29,11.93,36.38,0.53,2.88,2.41,52.71,3.64,28.96,23.03,2.78,1.19,27.58,61.75,35.97,2.09,0.9,1.19,0.2
24,GUJARAT,000,GUJARAT,00000,GUJARAT,000000,0000,State - GUJARAT,Urban,100,76.52,22.62,0.86,98.42,75.43,22.14,0.85,1.58,1.09,0.48,0.01,0.94,0.56,1.91,5.98,0.73,2.92,19.25,67.59,0.12,0.77,0.37,5.39,0.93,1.11,6.64,0.39,80.02,4.27,0.09,4.64,0.11,0.47,10.69,22.35,61.41,0.33,2.41,35.54,33.34,17.81,6.79,2.26,1.85,3.56,9.01,14.64,25.98,19.49,22.17,5.14,72.52,24.28,3.2,12.14,67.78,15.67,3.76,0.54,0.1,68.78,16.8,0.49,0.34,3.37,8.01,0.03,0.09,0.05,2.04,83.65,11.52,4.83,97.19,2.12,0.04,0.1,0.11,0.45,87.7,60.38,24.25,0.54,2,0.14,0.33,0.02,0.04,12.3,3.56,8.74,85.01,5.44,9.55,69.44,13.2,17.36,14.22,0.73,1.29,0.84,13.19,68.32,0.03,0.84,0.06,0.49,100,95.24,80.47,14.77,4.27,2.3,1.97,0.49,66.09,28.69,75.49,6.38,9.25,4.43,65.92,11.33,42.13,48.01,10.25,12.66,7.67,91.81,7.06,0.94,0.42,0.52,0.19
25,DAMAN & DIU,000,DAMAN & DIU,00000,DAMAN & DIU,000000,0000,State - DAMAN & DIU,Total,100,68.15,31.29,0.56,98.68,67.41,30.75,0.52,1.32,0.73,0.54,0.04,0.37,0.25,2.24,7.85,0.25,1.91,48.35,38.74,0.04,0.83,0.28,1.24,0.17,0.82,16.73,0.34,75.95,3.6,0.04,3.37,0.05,1.12,1.93,57.6,35.81,0.13,4.1,57.9,19.41,10.01,4.82,1.51,2.26,7.05,15.37,19.22,23.62,15.67,15.68,3.4,38.26,58.65,3.09,37.22,55.37,5.65,1.4,0.31,0.06,54.6,20.6,0.49,0.24,5.46,18.07,0.02,0,0.02,0.5,76.4,22.13,1.46,99.08,0.77,0.01,0.01,0.05,0.09,78.22,5.29,71.49,0.36,0.82,0.16,0.05,0.03,0.02,21.78,11.31,10.47,70.65,11.85,17.5,39.04,26.13,34.83,10.81,1.45,0.16,0.19,30.81,53.03,0.11,0.93,0.14,2.37,100,93.78,63.13,30.65,3.85,2.81,1.04,2.37,65.44,20.97,61.01,2.79,6.48,4.13,75.97,6.3,30.44,31.45,5.9,6.05,7.61,97.2,2.34,0.39,0.04,0.36,0.06
25,DAMAN & DIU,000,DAMAN & DIU,00000,DAMAN & DIU,000000,0000,State - DAMAN & DIU,Rural,100,78.75,20.6,0.64,98.76,77.88,20.24,0.64,1.24,0.87,0.36,0.01,0.49,0.2,4.04,16.77,0.01,1.09,33.85,43.47,0.09,2.24,0.16,2.46,0.08,2.01,39.98,0.5,51.39,1.02,0.15,10.31,0.01,0.09,2.15,51.41,36,0.04,4.01,39.47,30.85,12.49,8.38,1.92,2.87,5.82,9.81,13.35,19.95,18.59,26.24,6.24,73.39,24.2,2.41,21.61,66.19,9.36,2.21,0.53,0.1,76.46,8.31,1.21,0.5,5.77,7.26,0.02,0,0.09,0.38,72.61,24.55,2.84,98.29,1.45,0.03,0.01,0.02,0.2,51.37,1.67,48.57,0.6,0.08,0.29,0.04,0.13,0,48.63,14.43,34.2,58.47,17.79,23.74,11.04,9.04,79.93,37.28,6.27,0.16,0.04,10.49,42.33,0.09,0.85,0.6,1.89,100,83.5,69.94,13.56,14.61,11,3.62,1.89,67.73,15.69,68.7,1.54,5.07,4.69,72.86,6.5,36.35,40.13,5.47,4.11,8.13,94.62,4.82,0.4,0.05,0.35,0.16
25,DAMAN & DIU,000,DAMAN & DIU,00000,DAMAN & DIU,000000,0000,State - DAMAN & DIU,Urban,100,65.31,34.16,0.54,98.66,64.61,33.57,0.48,1.34,0.7,0.59,0.05,0.34,0.26,1.76,5.46,0.32,2.12,52.23,37.48,0.03,0.45,0.32,0.91,0.2,0.5,10.51,0.3,82.52,4.29,0.01,1.51,0.06,1.39,1.88,59.26,35.76,0.15,4.13,62.83,16.34,9.34,3.87,1.4,2.09,7.38,16.85,20.79,24.6,14.88,12.85,2.64,28.85,67.88,3.27,41.4,52.47,4.65,1.18,0.25,0.05,48.74,23.89,0.3,0.17,5.38,20.96,0.02,0,0,0.54,77.42,21.48,1.1,99.29,0.58,0.01,0.01,0.05,0.06,85.41,6.26,77.63,0.3,1.02,0.13,0.05,0,0.03,14.59,10.47,4.11,73.91,10.26,15.83,46.54,30.7,22.76,3.73,0.16,0.16,0.23,36.26,55.9,0.11,0.95,0.01,2.5,100,96.53,61.3,35.23,0.97,0.61,0.35,2.5,64.83,22.39,58.95,3.12,6.86,3.98,76.8,6.25,28.86,29.12,6.01,6.57,7.47,97.89,1.68,0.39,0.03,0.36,0.04
26,DADRA & NAGAR HAVELI,000,DADRA & NAGAR HAVELI,00000,DADRA & NAGAR HAVELI,000000,0000,State - DADRA & NAGAR HAVELI,Total,100,66.75,32.75,0.5,98.4,65.8,32.12,0.48,1.6,0.95,0.63,0.02,1.1,0.84,5.47,29.52,0.19,1.24,35.62,25.98,0.03,25.44,0.28,9.04,0.39,0.34,0.32,0.52,60.28,3.35,0.05,38.92,0.08,0.84,1.39,32.29,26.21,0.27,6.39,47.43,30.29,11.26,3.34,0.67,0.62,5.9,13.04,16.26,21.69,16.33,22.19,4.6,55.58,42.78,1.64,23.36,63.11,11.39,1.87,0.23,0.04,26.02,20.52,1.45,5.71,24.45,20.59,0.6,0.26,0.04,0.37,52.64,36.41,10.95,95.2,4.39,0.03,0.01,0.04,0.33,54.75,4.91,48.16,0.59,0.65,0.09,0.08,0.23,0.04,45.25,5.26,40,51.73,14.4,33.88,27,10.92,62.08,40.38,0.37,0.21,0.13,17.83,39.83,0.02,0.38,0.02,0.83,100,96.97,83.29,13.69,2.2,1.13,1.06,0.83,56.68,15.54,47.17,2.76,5.48,2.33,57.26,3.33,24.39,25.52,5.66,5.02,24.85,64.63,33.51,1.79,0.26,1.53,0.08
26,DADRA & NAGAR HAVELI,000,DADRA & NAGAR HAVELI,00000,DADRA & NAGAR HAVELI,000000,0000,State - DADRA & NAGAR HAVELI,Rural,100,53.76,45.45,0.79,98.13,52.86,44.51,0.76,1.87,0.9,0.94,0.02,1.94,1.32,8.94,54.52,0.1,0.72,23.14,9.31,0.01,46.4,0.18,13.95,0.41,0.32,0.21,0.27,35.7,2.53,0.03,68.83,0.06,1.19,0.53,20.92,8.42,0.04,6.24,43.9,34.53,10.22,3.88,0.67,0.56,4.76,11.04,11.71,16.3,17.71,31.34,7.13,77.72,21.34,0.94,19.04,62.46,15.84,2.39,0.25,0.03,15.78,26.73,2.18,11.38,30.09,11.72,1.22,0.47,0.06,0.38,32.58,48.43,18.99,91.65,7.62,0.05,0.02,0.07,0.59,26.52,1.62,23.08,0.65,0.69,0.1,0.14,0.16,0.07,73.48,2.76,70.72,20.96,19.79,59.25,5.76,5.82,88.43,72.4,0.51,0.34,0.02,14.37,11.82,0.02,0.11,0.02,0.38,100,95.8,79.89,15.91,3.82,1.75,2.07,0.38,39.26,10.73,28.2,0.67,3.1,1.35,36.53,1.44,21.01,15.82,2.04,1.01,42.67,38.95,57.83,3.17,0.39,2.78,0.04
26,DADRA & NAGAR HAVELI,000,DADRA & NAGAR HAVELI,00000,DADRA & NAGAR HAVELI,000000,0000,State - DADRA & NAGAR HAVELI,Urban,100,78.96,20.8,0.24,98.64,77.96,20.46,0.22,1.36,1,0.34,0.02,0.32,0.4,2.2,6.02,0.28,1.73,47.35,41.66,0.05,5.73,0.37,4.43,0.38,0.36,0.42,0.75,83.4,4.11,0.06,10.8,0.09,0.52,2.19,42.98,42.93,0.49,6.54,50.75,26.29,12.25,2.83,0.68,0.67,6.98,14.91,20.53,26.75,15.03,13.58,2.23,34.76,62.93,2.31,27.41,63.73,7.21,1.39,0.21,0.05,35.65,14.68,0.75,0.37,19.16,28.92,0.03,0.06,0.02,0.36,71.5,25.12,3.38,98.54,1.36,0,0.01,0.01,0.08,81.29,8.02,71.74,0.54,0.6,0.08,0.01,0.3,0.01,18.71,7.6,11.11,80.66,9.33,10.01,46.98,15.72,37.3,10.27,0.24,0.09,0.23,21.08,66.17,0.03,0.63,0.01,1.25,100,98.08,86.48,11.6,0.67,0.55,0.12,1.25,73.06,20.06,65.02,4.71,7.72,3.26,76.75,5.1,27.58,34.64,9.07,8.8,8.09,88.77,10.63,0.49,0.13,0.36,0.11
27,MAHARASHTRA,000,MAHARASHTRA,00000,MAHARASHTRA,000000,0000,State - MAHARASHTRA,Total,100,64.07,31.63,4.3,97.75,62.73,30.79,4.23,2.25,1.34,0.84,0.07,6.14,0.63,7.47,14.07,0.63,2.87,37.33,30.15,0.71,5.32,0.43,21.69,0.9,3.38,9.98,1.86,45.89,10.2,0.34,36.13,0.26,1,8.27,16.43,36.82,1.09,4.23,42.07,32.2,13.43,5.18,1.47,1.42,4.11,10.15,14.07,25.27,19.85,21.58,4.97,81.12,15.77,3.12,13.25,69.17,14.01,2.99,0.48,0.1,56.34,11.55,2.21,12.23,9.86,5.67,0.35,0.36,0.4,1.03,59.39,27.55,13.06,83.94,14.46,0.24,0.17,0.28,0.9,53.1,18.36,23.46,1.63,8.3,0.47,0.65,0.04,0.19,46.9,12.93,33.97,64.27,21.13,14.6,33.24,34.24,32.52,42.56,4.54,1.23,0.22,6.47,43.37,0.06,0.67,0.12,0.76,100,91.56,69.26,22.3,7.69,3.48,4.21,0.76,68.88,19.47,56.76,5.79,7.53,6.27,53.71,9.08,30.49,24.93,5.91,7.24,18.97,68.41,26.3,4.3,2.57,1.73,0.99
27,MAHARASHTRA,000,MAHARASHTRA,00000,MAHARASHTRA,000000,0000,State - MAHARASHTRA,Rural,100,56.54,37.15,6.32,97.72,55.24,36.25,6.23,2.28,1.3,0.89,0.09,9.62,0.54,11.5,20.41,0.44,2.34,42.52,11.97,0.65,8.85,0.35,32.47,0.86,4.38,13.38,0.92,33.41,5.03,0.34,59.78,0.26,0.97,7.69,13.08,17.35,0.85,3.71,42.38,35.34,11.83,4.5,1.13,1.11,4.3,10.51,12.08,23.59,20.71,23.76,5.04,90.54,6.27,3.19,12.11,68.07,15.92,3.3,0.5,0.1,31.96,18.29,3.21,21.06,15.7,7.25,0.57,0.59,0.45,0.93,42.89,37.5,19.62,73.79,23.87,0.37,0.25,0.4,1.32,38,2.23,19.16,2.26,13.38,0.68,0.16,0.03,0.1,62,6.2,55.8,46.24,30.9,22.87,8.75,39.06,52.19,68.94,7.71,2.02,0.12,1.65,17.88,0.07,1.05,0.12,0.44,100,86.67,59.23,27.44,12.88,5.83,7.05,0.44,62.95,12.15,37.91,0.84,3.94,5.25,45.03,4.38,30.24,18.54,2.4,1.34,29.76,53.38,38.9,6.76,4.13,2.62,0.96
27,MAHARASHTRA,000,MAHARASHTRA,00000,MAHARASHTRA,000000,0000,State - MAHARASHTRA,Urban,100,73.13,24.99,1.87,97.79,71.76,24.21,1.83,2.21,1.38,0.78,0.05,1.95,0.74,2.62,6.44,0.86,3.5,31.08,52.03,0.78,1.07,0.53,8.72,0.95,2.18,5.89,3,60.9,16.42,0.33,7.67,0.25,1.03,8.96,20.46,60.26,1.37,4.85,41.69,28.41,15.36,5.99,1.89,1.8,3.88,9.72,16.46,27.3,18.8,18.95,4.89,69.78,27.19,3.03,14.62,70.5,11.71,2.61,0.45,0.11,85.69,3.44,1.01,1.59,2.83,3.77,0.08,0.1,0.34,1.15,79.26,15.57,5.17,96.16,3.14,0.08,0.07,0.15,0.4,71.27,37.77,28.64,0.87,2.18,0.22,1.23,0.05,0.3,28.73,21.04,7.69,85.98,9.38,4.64,62.7,28.45,8.85,10.81,0.73,0.28,0.34,12.26,74.06,0.04,0.22,0.13,1.13,100,97.44,81.33,16.11,1.43,0.65,0.78,1.13,76.02,28.28,79.45,11.74,11.86,7.51,64.16,14.74,30.77,32.63,10.13,14.35,5.98,86.5,11.14,1.34,0.69,0.64,1.03
28,ANDHRA PRADESH,000,ANDHRA PRADESH,00000,ANDHRA PRADESH,000000,0000,State - ANDHRA PRADESH,Total,100,69.73,26.77,3.5,98.04,68.38,26.2,3.46,1.96,1.36,0.57,0.04,15.32,0.33,6.49,11.32,0.31,5.12,11.89,48.77,0.45,5.27,0.29,15.21,0.58,4.59,22.71,0.2,48.61,1.98,0.57,21.79,0.19,0.45,38.3,32.34,6.04,0.88,2.93,41.23,34.76,13.38,5.58,1.17,0.97,4.98,13.68,17.24,30.92,17.89,13.62,1.67,78.47,19.72,1.81,13.44,75.82,9.47,1.11,0.14,0.03,48.98,20.9,0.49,5.86,13.72,6.9,0.48,0.31,0.26,2.09,43.23,37.26,19.5,92.16,6.9,0.26,0.21,0.08,0.38,49.58,12.44,29.65,0.97,4.95,0.48,0.79,0.05,0.25,50.42,2.45,47.97,50.6,16.53,32.87,21.55,35.35,43.09,56.84,1.39,0.56,0.34,3.85,35.79,0.05,0.71,0.12,0.34,100,71.22,48.02,23.2,28.44,6.2,22.23,0.34,53.1,9.27,58.78,2.61,5.78,4.08,54.93,4.07,32.13,18.62,2.68,3.89,19.43,72.96,15.34,10.71,6.28,4.43,0.98
28,ANDHRA PRADESH,000,ANDHRA PRADESH,00000,ANDHRA PRADESH,000000,0000,State - ANDHRA PRADESH,Rural,100,65.35,30.19,4.46,98.16,64.13,29.62,4.41,1.84,1.22,0.57,0.04,20.06,0.24,8.2,14.49,0.28,6.1,8.99,41.23,0.43,6.98,0.27,19.19,0.74,5.2,20.31,0.12,45.48,1.11,0.6,29.91,0.16,0.5,33.27,33.79,2.03,0.34,3.24,45.29,35.79,10.07,4.25,0.7,0.65,5.73,14.45,17.03,29.95,17.79,13.57,1.47,90.26,8.01,1.73,14.2,74.53,10.04,1.08,0.13,0.02,36.37,27.03,0.51,7.83,18.15,7.05,0.68,0.44,0.35,1.59,31.5,44.63,23.87,89.72,9.21,0.23,0.26,0.1,0.47,32.19,2.31,22.63,0.82,5.43,0.62,0.18,0.02,0.18,67.81,2.69,65.12,33.95,21.06,44.99,8.21,33.78,58.01,74.93,1.63,0.72,0.22,0.85,20.62,0.04,0.61,0.08,0.31,100,61.06,34.85,26.21,38.63,8.41,30.22,0.31,50.42,6.08,49.34,0.46,3.97,3.36,49.31,2.15,31.38,11.25,0.89,0.64,25.08,65.95,18.9,14.16,8.33,5.83,0.99
28,ANDHRA PRADESH,000,ANDHRA PRADESH,00000,ANDHRA PRADESH,000000,0000,State - ANDHRA PRADESH,Urban,100,78.95,19.57,1.48,97.77,77.31,19.01,1.45,2.23,1.64,0.56,0.03,5.37,0.52,2.91,4.65,0.37,3.06,18,64.62,0.49,1.67,0.32,6.84,0.25,3.32,27.75,0.36,55.18,3.81,0.51,4.72,0.24,0.35,48.87,29.3,14.48,2.03,2.26,32.68,32.59,20.34,8.37,2.14,1.63,3.4,12.05,17.68,32.96,18.09,13.72,2.1,53.7,44.33,1.97,11.82,78.53,8.25,1.18,0.17,0.04,75.48,8.01,0.47,1.71,4.43,6.59,0.06,0.05,0.07,3.15,67.9,21.77,10.32,97.29,2.04,0.32,0.1,0.06,0.19,86.13,33.73,44.41,1.3,3.93,0.21,2.07,0.1,0.39,13.87,1.95,11.91,85.62,6.99,7.39,49.61,38.65,11.74,18.83,0.88,0.23,0.61,10.16,67.68,0.08,0.93,0.19,0.42,100,92.56,75.7,16.86,7.02,1.56,5.45,0.42,58.71,15.98,78.61,7.14,9.57,5.59,66.75,8.1,33.68,34.1,6.43,10.7,7.55,87.7,7.88,3.47,1.98,1.49,0.96
29,KARNATAKA,000,KARNATAKA,00000,KARNATAKA,000000,0000,State - KARNATAKA,Total,100,60.07,35.99,3.94,97,58.67,34.51,3.81,3,1.4,1.48,0.13,11.4,0.47,9.6,25.16,0.46,8.47,16.47,27.63,0.33,3.96,0.23,21.65,0.62,12.59,19.46,0.42,33.86,6.94,0.27,21.79,0.15,0.41,21.61,36.12,19.49,0.42,13.4,32.78,28.54,14.41,6.62,2.27,1.99,3.98,9.64,15.39,26.19,18.91,20.7,5.2,74.25,23.02,2.73,13.77,70.06,12.7,2.77,0.54,0.15,41.22,24.84,1,7.98,5.54,15.95,0.32,0.82,0.95,1.4,44.46,37.33,18.21,90.63,8.56,0.19,0.14,0.07,0.41,51.21,22.72,12.99,1.18,13.24,0.33,0.47,0.06,0.22,48.79,3.83,44.96,74.81,11.48,13.72,26.09,34.62,39.29,57.48,2.92,0.21,0.08,5.36,32.49,0.13,0.9,0.09,0.34,100,95.35,87.64,7.71,4.31,1.68,2.63,0.34,61.11,22.34,60.03,4.84,8,6.98,56.53,8.06,33.88,25.6,6.32,6.96,14.25,66.8,27.06,5.58,3.4,2.17,0.56
29,KARNATAKA,000,KARNATAKA,00000,KARNATAKA,000000,0000,State - KARNATAKA,Rural,100,51.74,42.97,5.3,96.11,50.06,40.94,5.11,3.89,1.68,2.02,0.19,16.31,0.42,12.43,34.89,0.43,10.47,16.11,8.54,0.4,5.53,0.24,28.91,0.81,15.32,19.62,0.35,26.5,2.43,0.3,33.33,0.18,0.44,25.38,34.74,5.61,0.33,17.65,34.91,26.9,11.46,5.47,1.88,1.73,4.09,8.82,13.46,24.73,19.75,23.06,6.1,89.93,7.45,2.62,13.49,67.67,14.66,3.33,0.66,0.19,22.86,33.5,1.01,10.88,8.42,19.57,0.46,1.1,1.36,0.84,26.6,48.61,24.79,86.72,12.28,0.24,0.17,0.07,0.52,28.41,2.05,10.24,1.15,14.33,0.32,0.12,0.03,0.17,71.59,3.47,68.11,63.39,16.06,20.55,5.51,37.03,57.46,81.99,4.28,0.29,0.06,1.09,10.97,0.07,0.97,0.07,0.21,100,93.46,83.44,10.02,6.33,2.36,3.97,0.21,58.92,17.59,46.29,0.71,4.86,6.44,50.95,5.24,36.5,16.86,2.54,1.07,19.9,55.12,36.37,7.84,4.8,3.04,0.67
29,KARNATAKA,000,KARNATAKA,00000,KARNATAKA,000000,0000,State - KARNATAKA,Urban,100,72.4,25.67,1.93,98.31,71.42,25,1.89,1.69,0.98,0.67,0.04,4.14,0.55,5.42,10.77,0.52,5.52,17,55.86,0.22,1.65,0.23,10.9,0.33,8.56,19.22,0.53,44.75,13.62,0.21,4.73,0.12,0.38,16.04,38.16,40.01,0.56,7.1,29.62,30.96,18.77,8.32,2.86,2.37,3.81,10.87,18.25,28.35,17.66,17.2,3.86,51.05,46.05,2.9,14.19,73.6,9.8,1.95,0.36,0.09,68.39,12.03,0.97,3.69,1.27,10.58,0.12,0.4,0.34,2.22,70.87,20.64,8.49,96.42,3.07,0.11,0.09,0.07,0.24,84.93,53.31,17.05,1.22,11.63,0.35,0.99,0.11,0.29,15.07,4.35,10.72,91.7,4.69,3.61,56.54,31.06,12.4,21.23,0.91,0.1,0.11,11.67,64.33,0.21,0.8,0.11,0.52,100,98.15,93.84,4.3,1.33,0.67,0.65,0.52,64.35,29.38,80.35,10.96,12.63,7.78,64.79,12.23,30,38.53,11.91,15.68,5.89,84.09,13.28,2.22,1.33,0.89,0.4
30,GOA,000,GOA,00000,GOA,000000,0000,State - GOA,Total,100,76.14,22.34,1.52,98.39,74.97,21.91,1.51,1.61,1.17,0.43,0.02,1.23,0.44,3.53,52.59,0.71,1.71,6.38,33.16,0.23,1.16,0.32,12,0.68,11.05,63.24,0.74,1.75,8.73,0.35,15.86,0.09,0.23,2.8,36.52,43.6,0.88,3.4,19.31,25.17,24.56,14.75,6.51,6.31,5.26,11.26,18.55,27.05,17.83,16.02,4.04,78.85,17.41,3.75,19.37,68.03,10.02,2.1,0.39,0.09,82.05,3.35,3.98,7.11,0.08,0.26,1.23,0.33,0.35,1.25,79.72,15.47,4.81,96.89,2.42,0.18,0.05,0.08,0.39,79.72,14.45,56.45,3.25,3.66,0.73,0.21,0,0.98,20.28,3.86,16.42,81.35,8.21,10.44,43.65,25.12,31.23,20.74,0.89,0.22,0.12,4.13,72.74,0.05,0.37,0.05,0.69,100,96.38,91.66,4.72,2.92,1.19,1.73,0.69,86.82,31.13,81.11,12.72,18.43,12.08,53.76,23.28,24.63,56.94,24.59,22.23,4.62,84.5,14.13,0.82,0.37,0.45,0.55
30,GOA,000,GOA,00000,GOA,000000,0000,State - GOA,Rural,100,74.95,23.2,1.86,98.46,73.83,22.79,1.84,1.54,1.11,0.41,0.02,1.54,0.46,3.32,67.56,0.77,1.47,4.69,19.95,0.23,1.88,0.34,18.34,0.65,13.29,59.69,0.49,1.22,3.81,0.3,28.49,0.09,0.3,2.59,35.15,32.77,0.59,3.1,17.63,25.5,22.55,16.51,7.6,7.11,5.25,10.56,16.87,26.01,19.17,17.91,4.23,87.61,9.14,3.25,19.84,66.66,10.79,2.24,0.39,0.08,72.88,4.95,4.88,11.06,0.1,0.43,2.77,0.71,0.65,1.58,71.24,20.6,8.16,95.62,3.44,0.22,0.06,0.04,0.62,70.92,7.8,51.85,4.18,4.83,0.97,0.21,0,1.07,29.08,1.68,27.4,69.69,11.36,18.95,26,28.19,45.82,35.36,1.17,0.2,0.11,2.6,59.5,0.08,0.35,0.04,0.59,100,93.91,88.83,5.08,5.5,1.62,3.88,0.59,84.85,24.4,74.61,7.11,17.17,13.28,50.98,20.04,22.79,51.81,17.93,15.09,7.46,77.57,20.75,1.19,0.54,0.65,0.49
30,GOA,000,GOA,00000,GOA,000000,0000,State - GOA,Urban,100,76.89,21.8,1.31,98.34,75.68,21.36,1.3,1.66,1.2,0.44,0.01,1.04,0.43,3.66,43.18,0.67,1.87,7.44,41.48,0.24,0.7,0.31,8.01,0.69,9.64,65.48,0.89,2.09,11.82,0.38,7.91,0.09,0.19,2.93,37.38,50.42,1.07,3.59,20.36,24.96,25.82,13.64,5.82,5.81,5.27,11.7,19.6,27.7,16.99,14.83,3.92,73.33,22.61,4.06,19.08,68.9,9.53,2.02,0.38,0.09,87.82,2.35,3.41,4.63,0.07,0.16,0.26,0.1,0.16,1.04,85.06,12.25,2.69,97.69,1.77,0.15,0.04,0.1,0.25,85.25,18.63,59.34,2.66,2.92,0.58,0.2,0,0.92,14.75,5.24,9.51,88.69,6.22,5.09,54.76,23.19,22.04,11.53,0.7,0.23,0.13,5.09,81.06,0.04,0.38,0.06,0.76,100,97.94,93.44,4.5,1.3,0.92,0.38,0.76,88.05,35.37,85.21,16.25,19.23,11.33,55.51,25.31,25.79,60.17,28.78,26.73,2.84,88.86,9.97,0.59,0.26,0.33,0.58
31,LAKSHADWEEP,000,LAKSHADWEEP,00000,LAKSHADWEEP,000000,0000,State - LAKSHADWEEP,Total,100,78.65,20.57,0.78,99.51,78.35,20.39,0.78,0.49,0.3,0.19,0,1.79,0.12,0.27,44.71,0.09,0.26,7.7,44.88,0.17,1.66,0.11,0.21,0.15,7.27,38.25,0.19,51.35,0.69,0.12,3.7,0.04,0.08,0.43,74.17,21.33,0.25,0.51,7.51,19.61,27.52,22.08,11.64,11.12,6.08,6.26,9.02,14.67,13.65,28.66,21.66,83.47,14.78,1.75,28.95,59.15,8.04,2.53,0.78,0.53,9.12,11.14,6.88,64.86,2.49,0.05,0,0.01,0.36,5.11,83.68,14.33,1.99,99.68,0.21,0.04,0,0.05,0.03,97.8,2.36,94.61,0.42,0.36,0.04,0,0,0,2.2,0.38,1.82,96.02,1.09,2.89,11.4,12.96,75.64,54.82,10.74,0.12,0.06,13.73,16.62,1.22,0.17,0.02,2.5,100,68.44,67.63,0.81,29.06,27.91,1.15,2.5,85.28,20.23,64.05,3.06,10.97,8.13,46.5,39.02,84.34,38.39,2.29,7.87,1.89,96.89,1.71,1.11,0.06,1.06,0.29
31,LAKSHADWEEP,000,LAKSHADWEEP,00000,LAKSHADWEEP,000000,0000,State - LAKSHADWEEP,Rural,100,57.39,40.86,1.74,99.48,57.15,40.59,1.74,0.52,0.24,0.28,0,3.29,0.12,0.08,54.18,0.12,0.2,6.62,35.2,0.2,2.46,0.12,0.59,0,12.76,34.36,0,49.19,0.4,0.12,4.68,0,0.04,0.08,80.26,14.86,0.08,0.83,8.05,19.66,22.12,22.35,14.47,12.52,5.95,6.22,9.08,14.55,15.58,30.6,18.03,87.48,11.61,0.91,27.63,66.19,5.39,0.63,0.12,0.04,0.75,30.28,0.44,50.69,0.16,0.04,0,0,0.04,17.6,79.75,19.94,0.32,99.76,0.2,0,0,0.04,0,98.06,0.71,97.11,0.24,0,0,0,0,0,1.94,0.28,1.66,94.37,1.03,4.6,0.24,19.02,80.74,36.5,44.55,0.12,0.08,12.17,2.85,1.66,0.12,0,1.94,100,60.48,58.82,1.66,37.57,34.92,2.66,1.94,86.64,16.29,53.98,1.19,6.38,6.86,55.33,30.99,77.37,28.97,2.14,3.41,3.13,95.01,2.81,1.86,0.08,1.78,0.32
31,LAKSHADWEEP,000,LAKSHADWEEP,00000,LAKSHADWEEP,000000,0000,State - LAKSHADWEEP,Urban,100,85.21,14.32,0.48,99.52,84.89,14.16,0.48,0.48,0.32,0.16,0,1.33,0.12,0.33,41.78,0.09,0.28,8.03,47.87,0.16,1.42,0.11,0.09,0.2,5.57,39.45,0.24,52.02,0.78,0.12,3.4,0.05,0.1,0.54,72.29,23.33,0.31,0.42,7.35,19.6,29.19,21.99,10.77,10.68,6.12,6.27,9,14.71,13.06,28.07,22.78,82.24,15.76,2,29.36,56.98,8.86,3.12,0.99,0.68,11.7,5.23,8.86,69.23,3.2,0.05,0,0.01,0.45,1.26,84.89,12.6,2.51,99.66,0.21,0.05,0,0.05,0.04,97.71,2.87,93.84,0.48,0.48,0.05,0,0,0,2.29,0.42,1.87,96.53,1.11,2.36,14.84,11.09,74.07,60.46,0.31,0.12,0.05,14.22,20.87,1.09,0.18,0.02,2.68,100,70.89,70.34,0.55,26.43,25.75,0.68,2.68,84.85,21.44,67.15,3.63,12.38,8.52,43.78,41.49,86.49,41.3,2.33,9.24,1.5,97.47,1.37,0.88,0.05,0.83,0.28
32,KERALA,000,KERALA,00000,KERALA,000000,0000,State - KERALA,Total,100,66.32,28.41,5.27,99.5,66.05,28.21,5.24,0.5,0.27,0.2,0.03,2.66,0.68,3.49,34.84,0.31,0.81,9.04,47.97,0.19,1.69,0.5,11.53,0.91,9.42,47.44,0.17,24.5,2.86,0.98,9.69,0.06,0.35,3.73,61.36,22.92,1.89,1.09,7.27,25.1,32.2,20.61,7.89,5.83,3.69,10.56,17.35,29.99,18.56,16.18,3.67,90.67,7.31,2.02,15.01,68.45,13.77,2.34,0.36,0.06,23.36,5.98,14.64,47.4,0.5,3.7,1.41,0.2,0.72,2.11,77.74,14.08,8.18,94.41,5.24,0.18,0.09,0.05,0.04,95.2,11.95,50.3,4.43,27.56,0.74,0.16,0.04,0.02,4.8,1.05,3.75,81.22,4.56,14.22,25.25,21.18,53.57,61.92,0.8,0.06,0.05,0.35,35.84,0.04,0.63,0.04,0.27,100,96.18,94.65,1.53,3.55,2.07,1.49,0.27,74.24,29.65,76.84,6.27,9.47,11.58,46.77,31.33,20.45,24.07,10.22,8.62,4.83,83.54,12.74,2.57,1.07,1.5,1.15
32,KERALA,000,KERALA,00000,KERALA,000000,0000,State - KERALA,Rural,100,60.98,32.58,6.44,99.51,60.73,32.37,6.41,0.49,0.25,0.21,0.03,3.13,0.86,3.68,39.67,0.32,0.89,12.19,39.07,0.19,2.04,0.66,15.06,0.86,11.16,42.38,0.17,23.52,2.81,1.34,13.67,0.07,0.34,2.65,64.84,17.07,1.37,1.24,8.15,26.66,31.99,19.95,7.23,4.78,3.95,10.76,17.1,29.69,18.98,16.31,3.22,92.77,4.93,2.3,15.21,68.4,13.89,2.13,0.31,0.05,17.18,7.28,14.28,50.53,0.38,3.49,2.58,0.35,1.21,2.71,72.87,16.34,10.79,92.1,7.43,0.27,0.1,0.06,0.04,93.23,9.86,44.65,4.57,32.97,1.01,0.11,0.03,0.03,6.77,1.18,5.59,74.53,4.97,20.49,17.91,21.34,60.75,73.03,0.92,0.07,0.05,0.21,24.74,0.04,0.67,0.03,0.25,100,95.07,93.07,2,4.68,2.44,2.23,0.25,73.86,27.16,72.07,3.94,7.72,11.7,46.17,30.16,15.92,19.68,8.03,5.42,6.12,79.24,16.04,3.22,1.36,1.86,1.51
32,KERALA,000,KERALA,00000,KERALA,000000,0000,State - KERALA,Urban,100,72.37,23.69,3.94,99.49,72.07,23.5,3.91,0.51,0.3,0.2,0.02,2.14,0.49,3.27,29.38,0.3,0.72,5.48,58.03,0.19,1.29,0.32,7.54,0.97,7.45,53.17,0.17,25.6,2.91,0.58,5.18,0.06,0.36,4.95,57.43,29.54,2.48,0.91,6.28,23.34,32.44,21.36,8.63,7.02,3.39,10.33,17.62,30.33,18.1,16.04,4.18,88.3,10,1.7,14.78,68.51,13.65,2.57,0.42,0.08,30.35,4.5,15.04,43.86,0.63,3.93,0.08,0.02,0.17,1.42,83.26,11.52,5.23,97.01,2.77,0.07,0.07,0.04,0.03,97.43,14.32,56.69,4.27,21.44,0.43,0.21,0.05,0.01,2.57,0.9,1.67,88.79,4.08,7.13,33.54,21,45.45,49.35,0.67,0.05,0.05,0.52,48.41,0.05,0.58,0.04,0.28,100,97.43,96.44,1,2.28,1.65,0.64,0.28,74.68,32.48,82.24,8.9,11.46,11.44,47.45,32.65,25.57,29.05,12.7,12.25,3.37,88.41,9,1.83,0.74,1.09,0.75
33,TAMIL NADU,000,TAMIL NADU,00000,TAMIL NADU,000000,0000,State - TAMIL NADU,Total,100,70.2,27.96,1.85,98.02,68.94,27.26,1.82,1.98,1.26,0.69,0.03,15.76,0.14,9.16,20.5,1.3,1.27,7.86,43.67,0.35,4.21,0.11,20.84,0.21,3.06,17.04,0.19,45.28,8.57,0.49,16.52,0.07,1.09,1.09,62.57,17.17,1.49,8.44,39.69,30.49,13.79,5,1.54,1.04,5.28,13.91,18.99,30.77,17.69,12.25,1.12,74.55,23.37,2.08,14.35,74.38,10.12,1.02,0.11,0.02,55.83,23.95,1.23,3.84,4.61,8.15,0.22,0.22,0.5,1.45,34.88,58.1,7.02,93.36,5.92,0.07,0.15,0.05,0.44,48.29,14.37,25.73,1.13,5.71,0.25,0.81,0.15,0.14,51.71,5.99,45.72,49.94,14.23,35.83,25.36,24.89,49.75,43.48,0.61,0.19,0.1,6.85,47.94,0.06,0.3,0.05,0.43,100,81.3,67.59,13.7,18.28,8.91,9.37,0.43,52.52,22.67,86.95,4.18,6.4,5.69,62.09,7.11,45.24,32.32,4.3,6.35,5.08,70.71,15.81,12.66,9.27,3.38,0.82
33,TAMIL NADU,000,TAMIL NADU,00000,TAMIL NADU,000000,0000,State - TAMIL NADU,Rural,100,64.41,33.13,2.47,98.03,63.2,32.4,2.44,1.97,1.21,0.73,0.03,23.63,0.13,10.39,24.31,1.14,1.04,7.54,31.53,0.29,5.89,0.13,29.08,0.24,3.56,16.49,0.13,38.98,5.08,0.43,26.07,0.07,1.06,0.6,65.47,6.27,0.47,11.95,42.45,29.44,10.69,3.76,1.05,0.67,6.28,14.29,17.35,28.41,18.83,13.75,1.09,90.51,7.64,1.85,15.86,72.34,10.7,0.98,0.1,0.02,46.06,33.21,0.89,4.87,5.23,7.69,0.25,0.26,0.88,0.66,17,74.77,8.23,90.79,8.28,0.09,0.2,0.06,0.58,23.22,2.18,14.36,1.12,4.92,0.23,0.17,0.11,0.13,76.78,3.51,73.27,26.08,18.49,55.43,7.24,19.96,72.8,66.85,0.8,0.26,0.13,2.54,28.58,0.05,0.34,0.05,0.41,100,69.36,50.72,18.64,30.23,14.54,15.69,0.41,45.19,18.72,85.32,1.02,3.75,4.92,57.27,4.12,46.12,25.46,1.83,1.67,6.47,60.27,19.12,19.9,15.08,4.82,0.71
33,TAMIL NADU,000,TAMIL NADU,00000,TAMIL NADU,000000,0000,State - TAMIL NADU,Urban,100,76.4,22.42,1.18,98,75.08,21.76,1.16,2,1.32,0.66,0.02,7.34,0.15,7.85,16.41,1.47,1.51,8.2,56.66,0.41,2.42,0.09,12.01,0.18,2.52,17.62,0.27,52.03,12.31,0.56,6.29,0.06,1.13,1.62,59.47,28.85,2.58,4.68,36.74,31.62,17.11,6.33,2.08,1.44,4.21,13.5,20.75,33.29,16.47,10.65,1.14,57.45,40.21,2.34,12.72,76.56,9.51,1.06,0.12,0.02,66.29,14.03,1.6,2.74,3.96,8.65,0.19,0.17,0.08,2.29,54.03,40.24,5.72,96.11,3.4,0.06,0.1,0.04,0.29,75.15,27.41,37.91,1.15,6.55,0.28,1.5,0.2,0.15,24.85,8.65,16.21,75.5,9.67,14.83,44.76,30.18,25.06,18.45,0.4,0.11,0.07,11.47,68.67,0.09,0.25,0.05,0.44,100,94.08,85.66,8.42,5.47,2.88,2.6,0.44,60.37,26.9,88.7,7.55,9.25,6.51,67.26,10.33,44.29,39.67,6.95,11.36,3.59,81.89,12.27,4.9,3.05,1.85,0.94
34,PUDUCHERRY,000,PUDUCHERRY,00000,PUDUCHERRY,000000,0000,State - PUDUCHERRY,Total,100,75.01,23.4,1.59,98.66,74.1,22.99,1.57,1.34,0.92,0.4,0.02,19.43,0.38,3.09,6.02,0.87,0.8,6.52,62.43,0.46,6.14,0.12,7.51,0.14,1.62,10.1,0.18,72.01,2.03,0.14,9.7,0.03,0.23,4.07,57,28.17,0.8,5.22,42.22,31.66,14.47,4.28,1.24,0.91,3.73,10.99,18.19,32.98,18.39,13.69,2.02,64.93,31.14,3.94,13.53,75.1,9.7,1.41,0.21,0.06,90.8,4.47,0.12,1.77,1.16,1.38,0.02,0,0,0.28,77.39,21.47,1.14,97.65,2.05,0.01,0.07,0.01,0.21,68.45,14.02,53.06,0.31,0.71,0.06,0.21,0.04,0.03,31.55,4.41,27.14,70.02,13.46,16.52,24.29,43.79,31.92,17.99,0.27,0.09,0.04,10.31,70.54,0.09,0.06,0.01,0.59,100,89.25,72.67,16.58,10.17,4.82,5.34,0.59,63.96,26.54,81.83,6,7.59,5.12,62.69,13.05,51.53,46.59,5.6,10.56,6.15,77.71,9.82,11.88,5.88,6,0.59
34,PUDUCHERRY,000,PUDUCHERRY,00000,PUDUCHERRY,000000,0000,State - PUDUCHERRY,Rural,100,64.31,33.23,2.45,98.57,63.4,32.74,2.43,1.43,0.92,0.49,0.02,38.08,0.18,4.53,6.94,0.65,0.78,4.64,44,0.19,9.7,0.14,15.9,0.13,3.09,9.64,0.08,58.59,2.58,0.14,20.89,0.03,0.42,1.59,62.84,13.92,0.3,6.62,45.96,31.34,12.03,3.04,0.67,0.34,4.24,10.97,16.51,31.62,20.19,14.88,1.6,81.48,14.23,4.29,14.7,74.18,9.8,1.14,0.15,0.03,88.65,6.4,0.08,0.02,2.57,1.99,0.02,0,0,0.27,60.72,37.22,2.06,95.77,3.56,0.02,0.12,0.02,0.51,39.03,1.32,36.16,0.28,0.95,0.14,0.09,0.03,0.07,60.97,1.39,59.59,39.54,25.51,34.95,6.84,29.84,63.32,35.95,0.42,0.16,0.06,9.8,52.9,0.06,0.06,0.01,0.59,100,75.99,51.31,24.68,23.42,11.02,12.41,0.59,61.81,22.73,74.99,1.27,4.25,3.87,61.59,5.83,52.49,34.53,2.51,2.94,9.65,58.8,17.73,23.15,13.46,9.69,0.32
34,PUDUCHERRY,000,PUDUCHERRY,00000,PUDUCHERRY,000000,0000,State - PUDUCHERRY,Urban,100,79.95,18.86,1.19,98.7,79.03,18.5,1.17,1.3,0.92,0.36,0.02,10.82,0.48,2.42,5.6,0.96,0.81,7.39,70.94,0.59,4.5,0.12,3.64,0.14,0.95,10.32,0.22,78.2,1.78,0.15,4.54,0.03,0.13,5.21,54.31,34.75,1.04,4.58,40.5,31.81,15.59,4.85,1.5,1.18,3.49,11,18.97,33.62,17.56,13.14,2.22,57.29,38.94,3.77,12.99,75.52,9.65,1.54,0.23,0.07,91.8,3.57,0.13,2.58,0.5,1.1,0.02,0,0,0.28,85.08,14.2,0.71,98.52,1.35,0,0.04,0.01,0.07,82.03,19.88,60.86,0.32,0.6,0.02,0.27,0.05,0.01,17.97,5.8,12.17,84.08,7.9,8.02,32.34,50.24,17.42,9.7,0.2,0.05,0.04,10.55,78.68,0.1,0.06,0.02,0.59,100,95.36,82.52,12.84,4.05,1.97,2.08,0.59,64.95,28.31,84.98,8.19,9.13,5.7,63.2,16.38,51.09,52.15,7.03,14.07,4.54,86.44,6.17,6.68,2.39,4.29,0.71
35,ANDAMAN & NICOBAR ISLANDS,000,ANDAMAN & NICOBAR ISLANDS,00000,ANDAMAN & NICOBAR ISLANDS,000000,0000,State - ANDAMAN & NICOBAR ISLANDS,Total,100,66.51,31.25,2.24,98.2,65.46,30.54,2.2,1.8,1.05,0.71,0.04,5.91,0.31,0.08,0.08,0.03,0.43,81.17,11.35,0.64,25.4,0.43,0.86,21.79,0.6,1.62,5.47,5.23,38.43,0.18,24.1,5.56,0.08,0.16,63.41,6.61,0.07,2.54,26.21,40.77,20.69,6.04,2.12,1.63,7.26,11.33,18.6,28.35,16.86,14.43,3.16,57.32,32.26,10.42,17.8,72.88,7.78,1.32,0.19,0.03,68.85,16.16,0.69,6.63,0.02,0.52,1.17,2.58,1.47,1.92,60.63,26.99,12.38,86.13,12.91,0.15,0.28,0.08,0.45,70.09,2.59,62.5,1.9,0.51,2.36,0.16,0.01,0.06,29.91,2.45,27.46,63.54,12.65,23.81,7.38,44.51,48.11,33.82,0.41,0.04,0.01,19.75,44.49,0.04,0.04,0.05,1.35,100,86.95,83.48,3.47,11.7,10.6,1.1,1.35,89.28,26.14,68.5,3.46,5.31,3.04,72.06,8.54,18.28,24.71,6.88,5.46,8.12,50.8,42.66,5.72,0.57,5.15,0.82
35,ANDAMAN & NICOBAR ISLANDS,000,ANDAMAN & NICOBAR ISLANDS,00000,ANDAMAN & NICOBAR ISLANDS,000000,0000,State - ANDAMAN & NICOBAR ISLANDS,Rural,100,60.68,36.53,2.79,97.98,59.51,35.73,2.74,2.02,1.17,0.8,0.05,8.06,0.4,0.07,0.02,0.03,0.31,86.02,4.23,0.86,37.76,0.56,0.93,24.09,0.54,1.73,6.71,5.22,22.2,0.26,36.15,7.42,0.05,0.18,53.73,2.43,0.04,2.94,26.2,40.34,21,5.68,2.21,1.63,8.13,11.39,17.69,26.81,16.95,15.74,3.3,64.42,21.62,13.96,18.92,70.78,8.64,1.44,0.19,0.03,54.99,22.49,0.99,9.98,0.02,0.75,1.84,4.02,2.11,2.82,47.12,35.25,17.63,79.37,19.3,0.22,0.41,0.12,0.58,60.21,2.34,50.45,2.65,0.77,3.66,0.24,0.02,0.08,39.79,0.88,38.92,50.75,15.16,34.09,4.66,27.35,67.98,50.96,0.55,0.05,0.01,15.64,31.47,0.04,0.04,0.05,1.19,100,81.02,77.51,3.51,17.79,16.27,1.52,1.19,90.01,25.89,58.17,1.4,3.44,3.21,66.73,7.46,24.64,18.39,4.04,2.26,11.52,36.22,54.36,8.31,0.33,7.98,1.11
35,ANDAMAN & NICOBAR ISLANDS,000,ANDAMAN & NICOBAR ISLANDS,00000,ANDAMAN & NICOBAR ISLANDS,000000,0000,State - ANDAMAN & NICOBAR ISLANDS,Urban,100,76.52,22.19,1.29,98.59,75.69,21.63,1.28,1.41,0.84,0.56,0.01,2.22,0.15,0.1,0.19,0.03,0.65,72.83,23.57,0.27,4.15,0.22,0.72,17.82,0.7,1.42,3.34,5.24,66.34,0.05,3.39,2.37,0.14,0.12,80.05,13.79,0.13,1.85,26.22,41.52,20.16,6.66,1.96,1.64,5.77,11.24,20.17,31.01,16.72,12.17,2.92,45.12,50.55,4.33,15.86,76.51,6.32,1.1,0.18,0.03,92.66,5.28,0.19,0.87,0.01,0.12,0.01,0.1,0.38,0.38,83.86,12.78,3.37,97.74,1.93,0.01,0.06,0.03,0.23,87.08,3.01,83.22,0.61,0.06,0.13,0.03,0,0.02,12.92,5.15,7.77,85.53,8.34,6.13,12.06,73.98,13.96,4.36,0.16,0.01,0.02,26.82,66.85,0.04,0.04,0.05,1.63,100,97.14,93.74,3.4,1.23,0.85,0.38,1.63,88.02,26.56,86.26,7.02,8.53,2.75,81.22,10.39,7.33,35.58,11.77,10.97,2.27,75.87,22.56,1.26,0.98,0.28,0.32
