14,MANIPUR,000,MANIPUR,00000,MANIPUR,000000,0000,State - MANIPUR,Total,100,52.6,43,4.4,98.3,51.7,42.3,4.3,1.7,0.9,0.7,0.1,16.8,0.2,0.7,0.2,0.4,1.9,75.3,4.4,0.1,20.9,0.7,51.9,12.5,0.7,0.5,0.4,11.2,1,0.2,70.2,11.2,1,0.7,15.9,0.9,0.1,1.6,13.4,30.8,31.1,14,5.4,3.7,1.6,7.4,14.1,20.1,19.6,32.4,4.9,93.7,4.8,1.5,10,77.8,10.8,1.2,0.2,0,24.7,14.1,2.7,4.9,5.9,0.3,7.4,13.9,22.8,3.1,15.5,47.3,37.2,69.3,24.3,1.8,0.4,3.5,0.6,87,5.9,23.6,15.2,15.5,19.3,5,2,0.6,13,2.2,10.7,31.1,20.9,48,4,47.9,48.1,68,1.1,0.2,1.9,0.2,27.6,0.1,0.2,0.6,0.1,100,91.4,85.7,5.7,8.5,7.3,1.2,0.1,28.6,51.8,44.9,2,6.7,2.9,50.4,2.1,40.9,18.2,5.7,3.6,20,13.7,69.3,16.7,9.6,7.1,0.3
14,MANIPUR,000,MANIPUR,00000,MANIPUR,000000,0000,State - MANIPUR,Rural,100,47.8,47.8,4.3,98.7,47.2,47.2,4.3,1.3,0.6,0.6,0,22.2,0.2,0.7,0.3,0.2,1.2,73.5,1.6,0.1,24.5,0.8,51.8,15.5,0.5,0.3,0.4,5.5,0.5,0.2,75.6,14.6,0.6,0.4,8.4,0.3,0,1.7,13.4,31.8,31.4,13.9,4.9,2.9,1.5,7.4,13.4,18.7,19.1,34.8,5.2,95.9,2.8,1.3,9.4,79.1,10.3,1.1,0.2,0,13,18,2.8,5.7,6.7,0.4,10.2,16.2,25.4,1.5,8.2,52.3,39.5,63.5,30.2,2.4,0.4,2.7,0.7,83.1,5.2,14.8,16.1,16.5,23.5,4.5,1.8,0.7,16.9,2.4,14.5,23.3,22.5,54.2,3.1,40.5,56.4,81.8,1.2,0.2,1.2,0.1,14.7,0.1,0.2,0.4,0.1,100,89.5,82.5,7,10.5,8.8,1.7,0.1,22.9,46.8,34.3,1.1,5.4,2.3,42.9,1.7,35.9,11.4,3.5,1.5,26.1,7,70.6,22.1,12.3,9.8,0.3
14,MANIPUR,000,MANIPUR,00000,MANIPUR,000000,0000,State - MANIPUR,Urban,100,63.4,32.1,4.5,97.3,61.9,31.1,4.3,2.7,1.5,1.1,0.2,4.7,0.1,0.7,0.1,0.8,3.4,79.2,10.8,0.1,12.7,0.5,52,5.8,1.1,1.1,0.6,23.8,2.2,0.2,58.2,3.6,2,1.3,32.6,2.2,0.1,1.4,13.5,28.6,30.3,14.3,6.5,5.4,1.8,7.4,15.6,23.2,20.7,27.2,4.1,88.9,9.1,2,11.4,74.9,12,1.4,0.2,0,50.9,5.4,2.3,3.2,4.3,0.3,1.2,8.8,17,6.7,31.8,36.2,32.1,82.4,11.2,0.4,0.3,5.2,0.5,95.8,7.4,43.1,13.2,13.3,10,6.2,2.3,0.3,4.2,1.9,2.3,48.7,17.1,34.3,6,64.4,29.6,37.3,0.9,0.2,3.6,0.3,56.4,0.1,0.3,0.9,0.1,100,95.7,92.9,2.8,4.2,4,0.2,0.1,41.5,63.1,68.4,4.2,9.4,4.2,67.2,3,52.1,33.4,10.7,8.1,6.4,28.6,66.5,4.6,3.5,1.1,0.3
14,MANIPUR,272,Senapati,00000,Senapati,000000,0000,District - Senapati,Total,100,38.1,59.7,2.1,98.6,37.5,59,2.1,1.4,0.6,0.7,0,22.2,0.3,0.5,0.4,0.2,0.9,73.9,1.5,0.2,24.2,0.9,43.8,23.1,1.3,0.3,1,4.2,1,0.2,84.8,5.7,0.3,0.3,8.8,0.1,0,1.1,7.6,31,33.5,17.4,5.9,3.4,1,5.8,11.3,15.2,16.2,45,5.5,95.3,3.4,1.3,9.1,85.2,4.9,0.6,0.1,0,14.1,32.3,1.8,7.8,1.8,0.4,21,5.8,13.8,1.1,12.4,58.7,28.9,74,21.2,1.2,0.5,2.2,0.9,73,4.5,11.5,11.4,16.3,26.6,0.6,1.4,0.6,27,4.5,22.5,24.8,30.3,44.9,3.8,37.9,58.3,92,1,0.2,0.3,0.1,6.2,0,0,0.1,0,100,90.3,80.1,10.2,9.7,7.7,2,0,18.9,33,22.1,0.8,5,1.5,32.5,1.4,9.2,2.8,2.6,0.6,41,7.1,70.7,21.7,14.5,7.2,0.4
14,MANIPUR,272,Senapati,00000,Senapati,000000,0000,District - Senapati,Rural,100,38.2,59.7,2.2,98.7,37.6,59,2.1,1.3,0.6,0.7,0,22.5,0.3,0.5,0.4,0.1,0.9,73.7,1.3,0.2,24.5,0.9,43.8,23.1,1.3,0.3,1,3.9,1,0.2,85.4,5.5,0.3,0.3,8.3,0.1,0,1,7.6,31.1,33.6,17.4,5.9,3.3,1,5.8,11.3,15.1,16.1,45.2,5.5,95.7,3,1.3,9,85.4,4.8,0.6,0.1,0,14.1,32.3,1.8,7.9,1.9,0.4,20.8,5.7,13.9,1.1,12.1,58.8,29.1,73.5,21.6,1.2,0.5,2.3,0.9,72.5,4.5,11,11.5,16.1,26.8,0.6,1.4,0.6,27.5,4.6,22.9,24.6,30.1,45.3,3.8,37.3,58.9,93.1,1,0.2,0.2,0.1,5.2,0,0,0.1,0,100,90.2,79.8,10.3,9.8,7.7,2.1,0,18.3,32.9,21.2,0.7,5,1.5,31.8,1.4,9.2,2.7,2.6,0.6,41.5,6.8,70.7,22,14.7,7.3,0.4
14,MANIPUR,272,Senapati,00000,Senapati,000000,0000,District - Senapati,Urban,100,34.8,63.4,1.8,95.7,33.1,60.8,1.8,4.3,1.6,2.6,0.1,3.3,0.4,0.5,0,1.3,0.2,86.8,7.1,0.5,10.1,1.8,43.5,22,0.7,0.3,0.4,19.8,1.1,0.4,52.1,13.1,0,0.3,33.4,1.1,0,2.2,6.5,26.1,30.5,18.8,9.6,6.5,1.2,7.2,12.6,17.6,18.9,34.3,8.1,75.2,20.9,3.9,11.3,76.2,10.3,1.8,0.5,0,14.4,34.5,1.6,1.6,0.1,1.2,26.9,12.8,6.9,0,26.6,56,17.4,99.3,0.7,0.1,0,0,0,97.6,4.7,36.9,5.7,27.7,16.5,1,5.2,0,2.4,0.6,1.8,33.6,42.7,23.6,7,68.5,24.4,37.3,0.7,0.1,2.9,0,58.5,0,0.1,0.1,0.3,100,96,92.2,3.8,3.8,3.4,0.3,0.3,47.7,41.1,72.4,2.5,6.6,2.2,67.5,1.7,11.3,8.2,6.1,3.5,11.3,22.1,73.5,3.6,2.1,1.5,0.9
14,MANIPUR,272,Senapati,01858,Mao-Maram,000000,0000,Sub-Dist - Mao-Maram,Total,100,30.4,67.1,2.5,98.6,29.7,66.4,2.5,1.4,0.7,0.7,0,10.5,0.3,0.7,0.6,0.3,0.8,83.9,2.9,0.1,29.9,0.7,38.3,18.1,0.5,0.4,2.5,6.8,2.7,0.1,82.9,2,0.4,0.4,14.2,0.1,0,1.1,6.5,24.8,34.1,20.7,8,4.8,1.3,4.7,10.4,13.1,14.8,48.7,7,93.8,5,1.2,10.8,86.9,2.1,0.2,0,0,20.5,23.8,2,5.7,0.6,0.3,25.8,2.5,18.7,0.3,11,61.6,27.4,81.2,16,0.8,0.3,0.7,1,68.1,4.8,15.6,9.3,12.9,22.6,0.5,2,0.5,31.9,6.8,25.2,32.7,30.1,37.3,3.7,32.7,63.6,89,1.2,0.1,0.2,0.1,9.1,0.1,0,0,0.1,100,92,82.3,9.8,7.9,6.2,1.7,0.1,23.4,28.4,25,1.1,5.2,1.4,35.6,1.5,2.1,1.8,3.9,0.7,40.9,12.8,76.4,10.6,6.1,4.6,0.1
14,MANIPUR,272,Senapati,01858,Mao-Maram,000000,0000,Sub-Dist - Mao-Maram,Rural,100,30.4,67.1,2.5,98.6,29.7,66.4,2.5,1.4,0.7,0.7,0,10.5,0.3,0.7,0.6,0.3,0.8,83.9,2.9,0.1,29.9,0.7,38.3,18.1,0.5,0.4,2.5,6.8,2.7,0.1,82.9,2,0.4,0.4,14.2,0.1,0,1.1,6.5,24.8,34.1,20.7,8,4.8,1.3,4.7,10.4,13.1,14.8,48.7,7,93.8,5,1.2,10.8,86.9,2.1,0.2,0,0,20.5,23.8,2,5.7,0.6,0.3,25.8,2.5,18.7,0.3,11,61.6,27.4,81.2,16,0.8,0.3,0.7,1,68.1,4.8,15.6,9.3,12.9,22.6,0.5,2,0.5,31.9,6.8,25.2,32.7,30.1,37.3,3.7,32.7,63.6,89,1.2,0.1,0.2,0.1,9.1,0.1,0,0,0.1,100,92,82.3,9.8,7.9,6.2,1.7,0.1,23.4,28.4,25,1.1,5.2,1.4,35.6,1.5,2.1,1.8,3.9,0.7,40.9,12.8,76.4,10.6,6.1,4.6,0.1
14,MANIPUR,272,Senapati,01859,Paomata,000000,0000,Sub-Dist - Paomata,Total,100,51.6,48.2,0.2,99.3,51.2,47.9,0.2,0.7,0.4,0.4,0,1.4,0,0.3,0,0,0.4,96.9,0.3,0.7,31.8,1,19.5,44.8,0.1,0.3,0.2,2.1,0.1,0,95.5,1,0,0.1,3.4,0,0,0.3,5.2,39.8,35.2,14.5,3.4,1.7,0.8,6.4,10.9,17,16.3,44.8,3.8,95.1,2.4,2.5,8.5,88.3,3,0.2,0,0,9.1,33.8,0.6,9.6,0.2,0,32.8,0.6,12.3,1,7.6,63.8,28.6,79.3,10.1,0.1,0.2,8.8,1.5,38.6,1.2,5.3,3.2,11.8,16.6,0.2,0,0.2,61.4,10.3,51.1,18.5,22.6,59,2.6,26,71.4,98.2,1.1,0.1,0,0,0.6,0,0,0,0,100,95.4,83,12.4,4.6,2.4,2.2,0,17,13.8,7.4,0.4,3.1,0.8,17,1,0.6,0.6,1.1,0.1,68.7,2.7,95.2,1.4,0.7,0.7,0.7
14,MANIPUR,272,Senapati,01859,Paomata,000000,0000,Sub-Dist - Paomata,Rural,100,51.6,48.2,0.2,99.3,51.2,47.9,0.2,0.7,0.4,0.4,0,1.4,0,0.3,0,0,0.4,96.9,0.3,0.7,31.8,1,19.5,44.8,0.1,0.3,0.2,2.1,0.1,0,95.5,1,0,0.1,3.4,0,0,0.3,5.2,39.8,35.2,14.5,3.4,1.7,0.8,6.4,10.9,17,16.3,44.8,3.8,95.1,2.4,2.5,8.5,88.3,3,0.2,0,0,9.1,33.8,0.6,9.6,0.2,0,32.8,0.6,12.3,1,7.6,63.8,28.6,79.3,10.1,0.1,0.2,8.8,1.5,38.6,1.2,5.3,3.2,11.8,16.6,0.2,0,0.2,61.4,10.3,51.1,18.5,22.6,59,2.6,26,71.4,98.2,1.1,0.1,0,0,0.6,0,0,0,0,100,95.4,83,12.4,4.6,2.4,2.2,0,17,13.8,7.4,0.4,3.1,0.8,17,1,0.6,0.6,1.1,0.1,68.7,2.7,95.2,1.4,0.7,0.7,0.7
14,MANIPUR,272,Senapati,01860,Purul,000000,0000,Sub-Dist - Purul,Total,100,39.5,60.2,0.4,99.8,39.4,60,0.4,0.2,0.1,0.2,0,10.5,0.1,0.3,0.2,0,1.4,87,0.4,0,18.5,0.9,10.2,68.5,0.1,0.1,0.1,0.8,0.3,0.5,92.5,4.9,0.1,0.3,2.2,0,0,1.6,5,22.2,36.7,21.9,7.5,5.1,0.8,3.1,7,11.5,13.9,57.9,5.9,98.1,1.1,0.8,6.8,92.4,0.6,0.2,0,0,7.9,23.8,0.7,11.9,0,0,24.4,4.9,26.4,0,6.3,51.2,42.5,75.8,21,0.6,0.4,1.7,0.5,72.5,3.8,4.5,10.6,18.4,30.5,0.1,3.1,1.5,27.5,4.3,23.2,38.8,35.8,25.4,2.2,66.4,31.4,98.5,0.7,0,0,0.1,0.6,0,0,0,0,100,88.4,85.5,2.9,11.6,10.4,1.3,0,7,21.2,9,0.3,4.4,1.7,26.7,1.5,1.6,1.2,1.5,0.2,58.4,1.3,87.5,10.6,4.8,5.8,0.5
14,MANIPUR,272,Senapati,01860,Purul,000000,0000,Sub-Dist - Purul,Rural,100,39.5,60.2,0.4,99.8,39.4,60,0.4,0.2,0.1,0.2,0,10.5,0.1,0.3,0.2,0,1.4,87,0.4,0,18.5,0.9,10.2,68.5,0.1,0.1,0.1,0.8,0.3,0.5,92.5,4.9,0.1,0.3,2.2,0,0,1.6,5,22.2,36.7,21.9,7.5,5.1,0.8,3.1,7,11.5,13.9,57.9,5.9,98.1,1.1,0.8,6.8,92.4,0.6,0.2,0,0,7.9,23.8,0.7,11.9,0,0,24.4,4.9,26.4,0,6.3,51.2,42.5,75.8,21,0.6,0.4,1.7,0.5,72.5,3.8,4.5,10.6,18.4,30.5,0.1,3.1,1.5,27.5,4.3,23.2,38.8,35.8,25.4,2.2,66.4,31.4,98.5,0.7,0,0,0.1,0.6,0,0,0,0,100,88.4,85.5,2.9,11.6,10.4,1.3,0,7,21.2,9,0.3,4.4,1.7,26.7,1.5,1.6,1.2,1.5,0.2,58.4,1.3,87.5,10.6,4.8,5.8,0.5
14,MANIPUR,272,Senapati,01861,Sadar Hills West,000000,0000,Sub-Dist - Sadar Hills West,Total,100,31.3,65.9,2.8,97.4,30.4,64.2,2.8,2.6,0.9,1.6,0,45.9,0.2,0.6,0.2,0.2,0.7,50.6,1.2,0.6,23.4,1,51,12.5,6.2,0.4,0.3,4.8,0.2,0.1,77.7,10.9,0.5,0.7,10,0.2,0.1,1.4,7,34.9,33.1,15.3,5.5,2.9,0.8,5.2,10.4,15.9,17.9,43.3,6.5,94.9,3.8,1.3,9.7,77,11,1.9,0.4,0,8.9,32.8,2.6,10.7,1.4,0.9,14.4,17.5,8.3,2.7,20.6,52.3,27.1,52.2,38.2,2.7,1.6,3.9,1.2,82.2,6.1,15.4,16.2,19.1,22.1,0.4,1.8,1,17.8,1,16.8,17.6,29.2,53.3,6.2,32.1,61.7,87.9,1.3,0.4,0.6,0,9.6,0,0,0.1,0,100,82.4,69.5,12.9,17.6,13.4,4.2,0,20,42.6,27.2,0.8,5,1,33.5,1.7,8.4,2.4,2.2,0.8,32.5,8.3,48.6,42.4,27.9,14.5,0.7
14,MANIPUR,272,Senapati,01861,Sadar Hills West,000000,0000,Sub-Dist - Sadar Hills West,Rural,100,30.8,66.2,3,97.7,30,64.7,2.9,2.3,0.8,1.5,0,51.6,0.2,0.6,0.2,0,0.7,45.6,0.4,0.6,25.2,0.9,52,11.2,7,0.4,0.3,2.8,0.1,0.1,81.1,10.5,0.6,0.7,6.9,0.1,0.1,1.3,7,36.1,33.5,14.8,5,2.4,0.8,4.9,10.1,15.7,17.8,44.5,6.3,97.6,1.4,0.9,9.4,77.1,11.1,1.9,0.3,0.1,8.2,32.5,2.7,11.9,1.6,0.8,12.7,18.1,8.4,3,19.8,51.8,28.4,45.9,43.3,3.1,1.9,4.5,1.3,80.1,6.3,12.5,17.7,18,22.8,0.3,1.3,1.1,19.9,1.1,18.8,15.4,27.3,57.3,6.1,27.2,66.7,94.7,1.3,0.5,0.3,0.1,3,0,0,0.1,0,100,80.6,66.4,14.2,19.4,14.7,4.7,0,16.2,42.8,21.1,0.5,4.8,0.8,28.9,1.7,8.1,1.6,1.7,0.4,35.4,6.4,45.2,47.6,31.4,16.2,0.7
14,MANIPUR,272,Senapati,01861,Sadar Hills West,000000,0000,Sub-Dist - Sadar Hills West,Urban,100,34.8,63.4,1.8,95.7,33.1,60.8,1.8,4.3,1.6,2.6,0.1,3.3,0.4,0.5,0,1.3,0.2,86.8,7.1,0.5,10.1,1.8,43.5,22,0.7,0.3,0.4,19.8,1.1,0.4,52.1,13.1,0,0.3,33.4,1.1,0,2.2,6.5,26.1,30.5,18.8,9.6,6.5,1.2,7.2,12.6,17.6,18.9,34.3,8.1,75.2,20.9,3.9,11.3,76.2,10.3,1.8,0.5,0,14.4,34.5,1.6,1.6,0.1,1.2,26.9,12.8,6.9,0,26.6,56,17.4,99.3,0.7,0.1,0,0,0,97.6,4.7,36.9,5.7,27.7,16.5,1,5.2,0,2.4,0.6,1.8,33.6,42.7,23.6,7,68.5,24.4,37.3,0.7,0.1,2.9,0,58.5,0,0.1,0.1,0.3,100,96,92.2,3.8,3.8,3.4,0.3,0.3,47.7,41.1,72.4,2.5,6.6,2.2,67.5,1.7,11.3,8.2,6.1,3.5,11.3,22.1,73.5,3.6,2.1,1.5,0.9
14,MANIPUR,272,Senapati,01862,Saitu-Gamphazol,000000,0000,Sub-Dist - Saitu-Gamphazol,Total,100,45.4,52.4,2.1,98.7,44.7,51.9,2.1,1.3,0.7,0.6,0,27.5,0.8,0.5,0.4,0.1,2,67,1.3,0.4,14.1,1.3,69.7,6.8,1.3,0.5,0.2,5.3,0.1,0.7,77.8,9.3,0.7,0.3,11.7,0,0.1,1.1,13.9,32.6,30.4,15.8,4.3,1.9,0.7,6.8,15.6,18.5,18.3,36.6,3.5,95.5,2.9,1.6,7.1,83.2,8.6,0.9,0.2,0,13.2,48.1,3.6,9.9,1.9,0.7,10.2,7.5,2.5,2.4,23.4,52.4,24.2,73.3,22.3,2.9,0.3,0.5,0.8,89.3,5.6,15.3,14.9,22.7,28.8,0.7,0.8,0.5,10.7,1.5,9.2,19.8,27.3,52.9,5.5,36.2,58.3,87.3,1,0.3,0.6,0.3,10.4,0,0.1,0,0.1,100,91.4,79.9,11.5,8.5,6.8,1.8,0.1,19.1,46.7,35.5,1.1,8.1,3,43,1.9,15.1,6,2.7,1.1,24,7.1,64.2,27.7,19.1,8.6,1
14,MANIPUR,272,Senapati,01862,Saitu-Gamphazol,000000,0000,Sub-Dist - Saitu-Gamphazol,Rural,100,45.4,52.4,2.1,98.7,44.7,51.9,2.1,1.3,0.7,0.6,0,27.5,0.8,0.5,0.4,0.1,2,67,1.3,0.4,14.1,1.3,69.7,6.8,1.3,0.5,0.2,5.3,0.1,0.7,77.8,9.3,0.7,0.3,11.7,0,0.1,1.1,13.9,32.6,30.4,15.8,4.3,1.9,0.7,6.8,15.6,18.5,18.3,36.6,3.5,95.5,2.9,1.6,7.1,83.2,8.6,0.9,0.2,0,13.2,48.1,3.6,9.9,1.9,0.7,10.2,7.5,2.5,2.4,23.4,52.4,24.2,73.3,22.3,2.9,0.3,0.5,0.8,89.3,5.6,15.3,14.9,22.7,28.8,0.7,0.8,0.5,10.7,1.5,9.2,19.8,27.3,52.9,5.5,36.2,58.3,87.3,1,0.3,0.6,0.3,10.4,0,0.1,0,0.1,100,91.4,79.9,11.5,8.5,6.8,1.8,0.1,19.1,46.7,35.5,1.1,8.1,3,43,1.9,15.1,6,2.7,1.1,24,7.1,64.2,27.7,19.1,8.6,1
14,MANIPUR,272,Senapati,01863,Sadar Hills East,000000,0000,Sub-Dist - Sadar Hills East,Total,100,44.8,51.6,3.6,98.5,44.2,50.8,3.5,1.5,0.6,0.8,0.1,46.1,0.2,0.4,0.4,0,0.5,51.9,0.4,0,18.5,0.8,75.9,3.3,0.1,0.1,0.2,1.2,0.1,0,86.9,10,0.2,0.1,2.7,0,0,0.9,9.9,40,31.3,12.3,3.8,1.8,1,10.2,14.8,17.9,17.6,34.4,4,97,2.1,0.9,8.7,83.2,7.4,0.6,0,0,15.2,44.7,1.4,3.3,7.7,0.3,13,5,8.2,1.2,7,65.9,27.1,74.9,23.7,0.5,0.2,0.5,0.3,90.1,4.8,5.9,15.4,18.3,43.5,1.7,0.1,0.3,9.9,1,8.9,12,36.1,51.9,2.6,43.1,54.3,96.6,0.7,0.2,0.4,0.1,1.7,0,0,0.2,0,100,90.9,79.5,11.4,9,7.8,1.3,0,18.6,48.1,22.7,0.5,4.1,1.5,33.7,0.8,34.8,6,2.4,0.5,26.5,1.4,52.4,46.2,35.3,10.9,0
14,MANIPUR,272,Senapati,01863,Sadar Hills East,000000,0000,Sub-Dist - Sadar Hills East,Rural,100,44.8,51.6,3.6,98.5,44.2,50.8,3.5,1.5,0.6,0.8,0.1,46.1,0.2,0.4,0.4,0,0.5,51.9,0.4,0,18.5,0.8,75.9,3.3,0.1,0.1,0.2,1.2,0.1,0,86.9,10,0.2,0.1,2.7,0,0,0.9,9.9,40,31.3,12.3,3.8,1.8,1,10.2,14.8,17.9,17.6,34.4,4,97,2.1,0.9,8.7,83.2,7.4,0.6,0,0,15.2,44.7,1.4,3.3,7.7,0.3,13,5,8.2,1.2,7,65.9,27.1,74.9,23.7,0.5,0.2,0.5,0.3,90.1,4.8,5.9,15.4,18.3,43.5,1.7,0.1,0.3,9.9,1,8.9,12,36.1,51.9,2.6,43.1,54.3,96.6,0.7,0.2,0.4,0.1,1.7,0,0,0.2,0,100,90.9,79.5,11.4,9,7.8,1.3,0,18.6,48.1,22.7,0.5,4.1,1.5,33.7,0.8,34.8,6,2.4,0.5,26.5,1.4,52.4,46.2,35.3,10.9,0
14,MANIPUR,273,Tamenglong,00000,Tamenglong,000000,0000,District - Tamenglong,Total,100,35,56.3,8.6,99,34.7,55.7,8.6,1,0.3,0.7,0,45.6,0.2,0.6,0.1,0.2,1.5,51.4,0.6,0,45.1,1.2,33.9,15.2,0.2,0.1,1.2,2.6,0.2,0.4,81,8.4,0.3,0.1,10.1,0,0,0.6,13.5,37,27.8,13.4,4.6,3,1.1,6.1,12.5,16.2,17.1,38.5,8.5,97.3,1.4,1.3,8.2,82.9,7.9,1,0.1,0,8.6,29.2,2.6,7.5,0.1,0.2,23.2,9.7,16.1,2.8,15.5,44.7,39.8,47.2,40.4,9.9,0.2,1.7,0.7,70.6,7,10,9.4,16.4,25.8,0.1,0.4,1.5,29.4,1.8,27.6,19.3,22.3,58.4,1.9,26.3,71.8,92.9,1.4,0.2,0.1,0.1,5,0.1,0,0,0,100,86.9,80.3,6.6,13.1,12.3,0.8,0,10.5,30.9,21.4,0.5,5.1,0.7,22,1.9,3.4,3,2,0.6,49.9,4.2,49.8,45.6,13.2,32.4,0.4
14,MANIPUR,273,Tamenglong,00000,Tamenglong,000000,0000,District - Tamenglong,Rural,100,35,56.6,8.4,99.3,34.9,56.1,8.4,0.7,0.1,0.5,0,51.7,0.2,0.5,0,0.1,1.2,45.8,0.3,0,49.5,1.3,33.8,13.2,0.1,0,0.4,1.1,0.1,0.4,85,8.5,0.2,0.1,6.2,0,0,0.6,14.1,38.3,27.9,12.6,4,2.5,1.1,6.3,12.5,16.2,16.9,38.1,8.8,98.4,0.5,1.1,7.8,83.1,8,1,0.1,0,8.1,30.4,2.4,6.3,0,0.1,23.4,10.8,15.4,3.2,15.4,43,41.6,41.2,44.5,11.4,0.2,1.9,0.8,66.4,7.3,7.1,9.7,13.8,26.4,0.1,0.3,1.5,33.6,2,31.6,16.1,22.4,61.5,1.8,24.6,73.6,96.7,1.4,0.2,0.1,0.1,1.4,0,0,0,0,100,87.7,80.4,7.3,12.3,11.4,0.9,0,5.5,27.8,15.8,0.3,4.6,0.4,17.3,1,3.5,2,1.2,0.3,55.1,1.7,46.1,51.8,14.7,37,0.4
14,MANIPUR,273,Tamenglong,00000,Tamenglong,000000,0000,District - Tamenglong,Urban,100,34.9,54.7,10.4,97,33.4,53.3,10.3,3,1.5,1.4,0,7.4,0.2,0.6,0.2,0.6,3.3,85.5,2.1,0.1,17.7,0.9,34.2,27.4,0.4,0.3,6.3,11.9,0.9,0.1,56.3,7.7,0.7,0.3,34.6,0.3,0.1,0.5,10,29.4,27.3,18.8,8.4,5.7,0.7,4.5,12.2,16.3,18.5,41.2,6.8,90.4,7.2,2.4,10.2,81.7,7.2,0.8,0.1,0,11.9,22.1,3.7,14.5,0.2,0.8,22.2,3.1,21,0.5,16.1,55.3,28.6,84.2,14.7,0.5,0.4,0.1,0.1,96.7,5.2,27.6,7.4,32,21.7,0.3,1.1,1.4,3.3,0.8,2.5,38.9,21.7,39.3,2.6,36.7,60.7,69.2,1.2,0.4,0.2,0.4,27.6,0.9,0.1,0.1,0,100,81.9,79.8,2.1,18.1,18,0.1,0,41.7,50.1,56.1,1.7,8,2.4,51.1,7.7,2.7,8.6,7,2.9,17.5,19.7,72.6,7.6,3.9,3.7,0.1
14,MANIPUR,273,Tamenglong,01864,Tamenglong West,000000,0000,Sub-Dist - Tamenglong West,Total,100,31.8,56.7,11.4,99.4,31.7,56.3,11.4,0.6,0.2,0.4,0,64.7,0.2,0.1,0,0,2.2,32.8,0,0,63.4,1.1,24.8,8.3,0.1,0,0.1,0.7,0,1.4,88.1,6.4,0,0.1,5.3,0,0,0.3,9.1,39.1,33.5,11.9,3.9,2.2,0.7,8.7,15.6,18.3,16.5,32.3,7.9,98.9,0.2,0.9,7.6,85.2,6.4,0.7,0.1,0,2.7,13.1,3.4,10.4,0,0.1,27.4,12.4,26,4.3,9.3,38.2,52.5,38.3,46.3,12.5,0,0.8,2,67,3.8,7.1,12.5,12.8,29.8,0.1,0,1,33,1.4,31.6,12.3,17.6,70.2,1.2,20.3,78.5,98.2,1,0,0,0.1,0.6,0,0,0,0,100,95.5,83,12.4,4.5,4.1,0.4,0,1.9,23.4,13.4,0.1,3.1,0.2,19.6,0.8,4.1,1.1,0.3,0,59.2,0.9,33.2,64.6,13.3,51.2,1.4
14,MANIPUR,273,Tamenglong,01864,Tamenglong West,000000,0000,Sub-Dist - Tamenglong West,Rural,100,31.8,56.7,11.4,99.4,31.7,56.3,11.4,0.6,0.2,0.4,0,64.7,0.2,0.1,0,0,2.2,32.8,0,0,63.4,1.1,24.8,8.3,0.1,0,0.1,0.7,0,1.4,88.1,6.4,0,0.1,5.3,0,0,0.3,9.1,39.1,33.5,11.9,3.9,2.2,0.7,8.7,15.6,18.3,16.5,32.3,7.9,98.9,0.2,0.9,7.6,85.2,6.4,0.7,0.1,0,2.7,13.1,3.4,10.4,0,0.1,27.4,12.4,26,4.3,9.3,38.2,52.5,38.3,46.3,12.5,0,0.8,2,67,3.8,7.1,12.5,12.8,29.8,0.1,0,1,33,1.4,31.6,12.3,17.6,70.2,1.2,20.3,78.5,98.2,1,0,0,0.1,0.6,0,0,0,0,100,95.5,83,12.4,4.5,4.1,0.4,0,1.9,23.4,13.4,0.1,3.1,0.2,19.6,0.8,4.1,1.1,0.3,0,59.2,0.9,33.2,64.6,13.3,51.2,1.4
14,MANIPUR,273,Tamenglong,01865,Tamenglong North,000000,0000,Sub-Dist - Tamenglong North,Total,100,72,26.3,1.8,99.6,71.9,25.9,1.8,0.4,0,0.4,0,53,0.2,0.4,0.1,0.1,0.5,45.3,0.4,0,33.9,0.6,33.1,31.5,0,0,0.1,0.5,0.1,0.1,85.6,11.4,0.4,0,2.6,0,0,1,17.3,37.5,27.9,11,3,2.3,1.3,3.7,8.4,14.3,15.9,46.1,10.3,99.2,0.5,0.3,6.4,90.5,2.8,0.2,0,0,9.3,55.1,3.6,10,0,0,4.2,6.3,11.3,0.2,26.2,54,19.8,28.3,37.9,31.7,0.5,1.3,0.4,60.2,5.1,4.2,5,11.9,32.7,0,0,1.2,39.8,0.9,38.9,23.9,29.9,46.2,0.9,33.6,65.5,98.9,0.4,0.2,0,0,0.4,0,0.1,0,0,100,83.9,81.9,2,16.1,14.7,1.4,0,4.7,24.8,12.7,0.1,6.6,0.5,21.7,1.6,1.7,0.6,0.9,0,57.1,0.6,46.2,53,27.6,25.4,0.2
14,MANIPUR,273,Tamenglong,01865,Tamenglong North,000000,0000,Sub-Dist - Tamenglong North,Rural,100,72,26.3,1.8,99.6,71.9,25.9,1.8,0.4,0,0.4,0,53,0.2,0.4,0.1,0.1,0.5,45.3,0.4,0,33.9,0.6,33.1,31.5,0,0,0.1,0.5,0.1,0.1,85.6,11.4,0.4,0,2.6,0,0,1,17.3,37.5,27.9,11,3,2.3,1.3,3.7,8.4,14.3,15.9,46.1,10.3,99.2,0.5,0.3,6.4,90.5,2.8,0.2,0,0,9.3,55.1,3.6,10,0,0,4.2,6.3,11.3,0.2,26.2,54,19.8,28.3,37.9,31.7,0.5,1.3,0.4,60.2,5.1,4.2,5,11.9,32.7,0,0,1.2,39.8,0.9,38.9,23.9,29.9,46.2,0.9,33.6,65.5,98.9,0.4,0.2,0,0,0.4,0,0.1,0,0,100,83.9,81.9,2,16.1,14.7,1.4,0,4.7,24.8,12.7,0.1,6.6,0.5,21.7,1.6,1.7,0.6,0.9,0,57.1,0.6,46.2,53,27.6,25.4,0.2
14,MANIPUR,273,Tamenglong,01866,Tamenglong,000000,0000,Sub-Dist - Tamenglong,Total,100,23.8,65,11.2,98.4,23.1,64.1,11.2,1.6,0.7,0.9,0,29.9,0.2,0.7,0.1,0.4,2.4,65.1,1.2,0.1,35.6,0.9,35.9,18.2,0.3,0.1,2.8,5.6,0.4,0,75.3,5.1,0.5,0.2,18.7,0.1,0.1,0.5,12.7,34,27.3,15.3,6.2,4.2,1,5.5,13.2,16.1,17.1,38.5,8.6,95.4,3.1,1.5,9.7,80.7,8.2,1.2,0.1,0,9.8,23.6,1.9,9.8,0.2,0.4,19.6,10.8,21.5,2.3,13.3,51.7,35,66.4,31,1.6,0.2,0.2,0.6,77.4,8.4,14.6,7.7,20.1,23.3,0.3,0.4,2.7,22.6,1.6,21,24.5,23.4,52.1,3.9,26,70.1,85.9,1.4,0.4,0.2,0.2,11.5,0.4,0,0,0,100,88,85.2,2.8,12,11.3,0.6,0,18.7,37.5,34.5,1.1,6.5,1.3,29.3,3.7,3.4,5.6,3.9,1.4,38.3,9.3,60.6,30.1,9.8,20.3,0.1
14,MANIPUR,273,Tamenglong,01866,Tamenglong,000000,0000,Sub-Dist - Tamenglong,Rural,100,16.4,71.8,11.8,99.4,16.3,71.3,11.8,0.6,0.1,0.5,0,45,0.1,0.7,0.1,0.2,1.8,51.4,0.6,0.1,47.6,0.9,37.1,12,0.2,0,0.6,1.4,0.1,0,88,3.5,0.4,0.1,8.1,0,0,0.5,14.5,37,27.3,12.9,4.7,3.2,1.3,6.2,13.9,16,16.2,36.7,9.8,98.8,0.3,0.9,9.4,80.1,8.9,1.5,0.2,0,8.4,24.6,0.7,6.7,0.2,0.2,17.8,16,21.8,3.5,11.4,49.3,39.2,54.4,41.9,2.4,0,0.3,1,64.6,10.5,5.9,8,12.2,24.3,0.3,0,3.5,35.4,2.1,33.4,14.9,24.5,60.6,4.8,18.8,76.5,97.1,1.4,0.4,0.2,0,0.7,0.1,0,0,0.1,100,92.1,88.7,3.3,7.9,6.8,1,0.1,3.2,29.1,19.9,0.7,5.6,0.6,14.7,0.9,3.9,3.6,1.8,0.4,52.2,2.3,52.5,45.1,13.7,31.4,0.1
14,MANIPUR,273,Tamenglong,01866,Tamenglong,000000,0000,Sub-Dist - Tamenglong,Urban,100,34.9,54.7,10.4,97,33.4,53.3,10.3,3,1.5,1.4,0,7.4,0.2,0.6,0.2,0.6,3.3,85.5,2.1,0.1,17.7,0.9,34.2,27.4,0.4,0.3,6.3,11.9,0.9,0.1,56.3,7.7,0.7,0.3,34.6,0.3,0.1,0.5,10,29.4,27.3,18.8,8.4,5.7,0.7,4.5,12.2,16.3,18.5,41.2,6.8,90.4,7.2,2.4,10.2,81.7,7.2,0.8,0.1,0,11.9,22.1,3.7,14.5,0.2,0.8,22.2,3.1,21,0.5,16.1,55.3,28.6,84.2,14.7,0.5,0.4,0.1,0.1,96.7,5.2,27.6,7.4,32,21.7,0.3,1.1,1.4,3.3,0.8,2.5,38.9,21.7,39.3,2.6,36.7,60.7,69.2,1.2,0.4,0.2,0.4,27.6,0.9,0.1,0.1,0,100,81.9,79.8,2.1,18.1,18,0.1,0,41.7,50.1,56.1,1.7,8,2.4,51.1,7.7,2.7,8.6,7,2.9,17.5,19.7,72.6,7.6,3.9,3.7,0.1
14,MANIPUR,273,Tamenglong,01867,Nungba,000000,0000,Sub-Dist - Nungba,Total,100,26.1,66,7.9,99.1,25.9,65.2,7.9,0.9,0.2,0.8,0,45.8,0.2,0.9,0,0.1,0.5,52.1,0.3,0,51.1,2.1,39.1,4.9,0.2,0.1,0.8,1.7,0.1,0.1,79.5,12.2,0.2,0.1,8,0,0,0.7,15.5,39.2,24,13.9,4.1,2.5,1.3,6.4,11.9,16,18.6,38,7.7,97,0.9,2.1,7.8,78.5,12.2,1.4,0.1,0,11.1,31,2,0.1,0,0,38.4,8.6,4.6,4.2,15.6,34,50.4,42,50,3.2,0.2,4.6,0,71.9,9.2,10.2,12.2,17.5,21,0.1,1.1,0.6,28.1,3.1,25.1,14.7,19.3,66,0.6,26.2,73.2,93.7,2.6,0.2,0.1,0.1,3.2,0,0,0,0.1,100,80.7,70.4,10.3,19.3,18.5,0.8,0.1,10.6,32.5,16.5,0.3,3.5,0.5,14.4,0.8,3.9,2.6,1.7,0.5,52.9,2.8,51.1,46,7.4,38.5,0.1
14,MANIPUR,273,Tamenglong,01867,Nungba,000000,0000,Sub-Dist - Nungba,Rural,100,26.1,66,7.9,99.1,25.9,65.2,7.9,0.9,0.2,0.8,0,45.8,0.2,0.9,0,0.1,0.5,52.1,0.3,0,51.1,2.1,39.1,4.9,0.2,0.1,0.8,1.7,0.1,0.1,79.5,12.2,0.2,0.1,8,0,0,0.7,15.5,39.2,24,13.9,4.1,2.5,1.3,6.4,11.9,16,18.6,38,7.7,97,0.9,2.1,7.8,78.5,12.2,1.4,0.1,0,11.1,31,2,0.1,0,0,38.4,8.6,4.6,4.2,15.6,34,50.4,42,50,3.2,0.2,4.6,0,71.9,9.2,10.2,12.2,17.5,21,0.1,1.1,0.6,28.1,3.1,25.1,14.7,19.3,66,0.6,26.2,73.2,93.7,2.6,0.2,0.1,0.1,3.2,0,0,0,0.1,100,80.7,70.4,10.3,19.3,18.5,0.8,0.1,10.6,32.5,16.5,0.3,3.5,0.5,14.4,0.8,3.9,2.6,1.7,0.5,52.9,2.8,51.1,46,7.4,38.5,0.1
14,MANIPUR,274,Churachandpur,00000,Churachandpur,000000,0000,District - Churachandpur,Total,100,44.2,53.5,2.3,98.1,43.3,52.5,2.3,1.9,0.9,1,0,31.9,0.3,0.7,0.9,0.5,1.6,61,2.8,0.3,30.2,2.4,42.5,13.9,0.3,0.1,0.5,8.4,1.6,0.1,35.5,48.6,0.4,0.2,14.4,0.7,0.1,3.2,19.3,37.1,24.7,10.4,3.4,1.9,1.5,8.9,12.6,16.1,16.8,34.6,9.4,85.7,13.3,1,10.3,74.5,12.7,2.1,0.3,0.1,11,21.8,16.4,10.7,4.4,1,11.6,14.4,6.6,2,16,53.2,30.8,59.9,29.4,8.2,0.7,0.8,1,83.4,10.8,21.4,12.9,15.7,19.4,0.8,1.4,0.9,16.6,0.7,15.8,27.4,30.2,42.4,4.1,44,52,65.5,1.3,0.2,5.2,0.1,26.8,0.1,0.6,0,0.1,100,94.9,78.1,16.7,5.1,3.6,1.5,0.1,40,32.4,35.1,1.7,7.3,1.6,44.2,2.8,25.3,12.8,3.6,3,28.9,10.7,57,31.9,14.9,17,0.4
14,MANIPUR,274,Churachandpur,00000,Churachandpur,000000,0000,District - Churachandpur,Rural,100,44.1,53.6,2.3,98.4,43.4,52.8,2.3,1.6,0.7,0.8,0,33.8,0.3,0.7,0.9,0.4,1.3,60.1,2.2,0.3,31.8,2.5,42.4,14,0.3,0.1,0.5,6.9,1.3,0.1,36.5,50.1,0.4,0.2,12.1,0.6,0.1,3.3,19.8,37.6,24.5,10,3.1,1.7,1.5,8.3,12.6,16.1,16.9,35,9.5,87.8,11.3,0.9,10,75.2,12.5,2,0.3,0.1,11.4,23.1,14.2,9.3,4.5,1,12.5,15.3,7.1,1.6,14.1,54.1,31.8,57.2,31.4,8.7,0.7,0.9,1,82.3,10.9,18.5,13.3,16.2,20,0.8,1.5,1,17.7,0.8,16.9,24.7,31.3,44,3.5,42.5,54,69.4,1.3,0.2,5,0.1,23.4,0.1,0.4,0,0.1,100,94.8,77.6,17.1,5.2,3.7,1.5,0.1,36.5,32.5,32.3,1.4,7,1.6,41.6,2.6,24.4,11.6,3.2,2.5,30.6,8.9,56.9,33.8,15.7,18.1,0.4
14,MANIPUR,274,Churachandpur,00000,Churachandpur,000000,0000,District - Churachandpur,Urban,100,45.2,52.5,2.3,94,42.4,49.3,2.3,6,2.9,3.1,0,4.1,0.6,0.9,0.3,2.3,6.2,74.1,11.5,0.1,6.6,0.9,43.7,11.7,0.9,0.1,0.4,29.2,6.4,0.1,21.4,27.3,0.2,0.5,48.1,2.6,0,2.4,12.7,29.5,27.9,15.8,7,4.7,2.2,17.4,11.5,16.6,15.8,28.1,8.4,56,42.3,1.7,15.3,65.2,15.6,3,0.6,0.3,5.2,3.5,47.6,31,3,0.2,0,2,0.1,7.4,44,39.5,16.5,98.2,1.1,0.5,0.2,0,0,98.8,10.5,62.6,6.2,7.9,10.7,0.7,0,0.2,1.2,0.3,0.9,65.8,14.6,19.6,11.4,64.9,23.7,10.4,0.9,0.4,8.5,0.2,75.5,0.2,3.7,0.1,0.2,100,96.5,85.6,10.9,3.3,1.5,1.8,0.2,90.2,32,73.9,5.5,11.5,2.3,81.1,4.6,38.3,29.6,9,9.7,4.1,36.5,59.2,4.2,3.4,0.7,0.2
14,MANIPUR,274,Churachandpur,01868,Tipaimukh,000000,0000,Sub-Dist - Tipaimukh,Total,100,37.8,59.3,2.9,98,36.2,58.9,2.9,2,1.5,0.4,0,43.9,1.2,0.4,0.1,0,1.2,51.8,0.1,1.3,64.3,5.7,2.9,23.1,0.1,0,1.9,1.4,0.1,0.4,19.6,78.5,0,0.5,1.3,0,0,2.3,28.1,38.6,24.4,5,0.8,0.8,0.8,8.8,14,14.8,15.2,36.2,10.2,96.1,3,0.9,7.4,79.8,10,2.3,0.4,0.1,5,10.8,0.9,1.1,0,0,38.5,30.7,9.8,3.1,0.6,40.2,59.1,13.8,41.1,42.1,1.2,0.4,1.2,64.2,10.1,3.6,19.2,6.8,24.2,0.1,0,0.2,35.8,3.2,32.6,18.8,32.8,48.4,0.9,17.5,81.6,98.2,0.5,0.3,0.1,0.1,0.6,0.1,0,0.1,0,100,97.8,76.4,21.4,2.2,1.7,0.4,0,3.2,30.7,14.7,0.6,8.3,1.3,16.9,2.5,6.9,2.6,0.3,0.1,46,3.1,50.6,44.6,5.5,39.1,1.6
14,MANIPUR,274,Churachandpur,01868,Tipaimukh,000000,0000,Sub-Dist - Tipaimukh,Rural,100,37.8,59.3,2.9,98,36.2,58.9,2.9,2,1.5,0.4,0,43.9,1.2,0.4,0.1,0,1.2,51.8,0.1,1.3,64.3,5.7,2.9,23.1,0.1,0,1.9,1.4,0.1,0.4,19.6,78.5,0,0.5,1.3,0,0,2.3,28.1,38.6,24.4,5,0.8,0.8,0.8,8.8,14,14.8,15.2,36.2,10.2,96.1,3,0.9,7.4,79.8,10,2.3,0.4,0.1,5,10.8,0.9,1.1,0,0,38.5,30.7,9.8,3.1,0.6,40.2,59.1,13.8,41.1,42.1,1.2,0.4,1.2,64.2,10.1,3.6,19.2,6.8,24.2,0.1,0,0.2,35.8,3.2,32.6,18.8,32.8,48.4,0.9,17.5,81.6,98.2,0.5,0.3,0.1,0.1,0.6,0.1,0,0.1,0,100,97.8,76.4,21.4,2.2,1.7,0.4,0,3.2,30.7,14.7,0.6,8.3,1.3,16.9,2.5,6.9,2.6,0.3,0.1,46,3.1,50.6,44.6,5.5,39.1,1.6
14,MANIPUR,274,Churachandpur,01869,Thanlon,000000,0000,Sub-Dist - Thanlon,Total,100,47.7,51.1,1.2,99.3,47.3,50.9,1.2,0.7,0.4,0.3,0,43.5,0.3,0.6,0,0,0.3,54.4,0.9,0,72.2,8.3,3.8,13.8,0.9,0,0.1,0.8,0,0.1,12.3,87,0,0,0.8,0,0,5.1,21.6,43.4,23,4.9,1.3,0.7,1,5.1,8.3,14.4,17,41.4,12.8,97.2,2.1,0.7,7.3,75.1,14.8,2.3,0.4,0.1,2.4,47.5,0.6,4.2,0,0,19.4,24.7,1.3,0,1.6,56.8,41.5,1.4,61.4,27.8,1.1,3.4,5,68.4,4.9,2.9,17.8,8.2,30.2,1,0.3,3.1,31.6,0.5,31.1,14.3,36.2,49.5,1,31,68,98.1,1.2,0,0,0.2,0.4,0,0,0,0.1,100,95.4,64.8,30.6,4.5,2,2.5,0.1,2.3,28.7,4,0.2,5.2,0.8,7.5,1.3,4.2,0.3,0.2,0,61.4,1.4,55.1,43.4,5.5,37.9,0.1
14,MANIPUR,274,Churachandpur,01869,Thanlon,000000,0000,Sub-Dist - Thanlon,Rural,100,47.7,51.1,1.2,99.3,47.3,50.9,1.2,0.7,0.4,0.3,0,43.5,0.3,0.6,0,0,0.3,54.4,0.9,0,72.2,8.3,3.8,13.8,0.9,0,0.1,0.8,0,0.1,12.3,87,0,0,0.8,0,0,5.1,21.6,43.4,23,4.9,1.3,0.7,1,5.1,8.3,14.4,17,41.4,12.8,97.2,2.1,0.7,7.3,75.1,14.8,2.3,0.4,0.1,2.4,47.5,0.6,4.2,0,0,19.4,24.7,1.3,0,1.6,56.8,41.5,1.4,61.4,27.8,1.1,3.4,5,68.4,4.9,2.9,17.8,8.2,30.2,1,0.3,3.1,31.6,0.5,31.1,14.3,36.2,49.5,1,31,68,98.1,1.2,0,0,0.2,0.4,0,0,0,0.1,100,95.4,64.8,30.6,4.5,2,2.5,0.1,2.3,28.7,4,0.2,5.2,0.8,7.5,1.3,4.2,0.3,0.2,0,61.4,1.4,55.1,43.4,5.5,37.9,0.1
14,MANIPUR,274,Churachandpur,01870,Churachandpur North,000000,0000,Sub-Dist - Churachandpur North,Total,100,26.7,70.1,3.2,97.8,26.4,68.2,3.2,2.2,0.4,1.9,0,67,0.2,0.7,0,0,1.3,29.6,0.9,0.4,58,3.1,26.5,11.7,0,0,0.2,0.5,0,0,37.8,60.9,0.1,0.1,1,0,0.1,2.1,19.6,45.8,22.5,7.7,1.4,1,1.5,13,17.2,18.1,16,29.6,4.6,98.7,1.2,0.1,7.8,81.4,9.9,0.8,0.1,0,11.2,36.3,0.4,4.5,0.1,1.5,22.6,13,8.9,1.6,4.3,65.4,30.3,25.8,63.8,7.1,0.1,1,2.2,60.3,4.7,6.1,11.6,11.2,19.8,1.6,2.6,2.7,39.7,0.5,39.1,6.4,32.3,61.3,0.6,28.1,71.3,96.7,0.5,0.1,1.2,0,1,0.4,0,0,0.1,100,94.8,80,14.8,5.1,3.5,1.6,0.1,15.2,36.9,9,0.4,4.3,1.1,15.7,1.1,7.1,2.8,0.6,0.1,50.1,0.6,31.9,67,20.6,46.4,0.4
14,MANIPUR,274,Churachandpur,01870,Churachandpur North,000000,0000,Sub-Dist - Churachandpur North,Rural,100,26.7,70.1,3.2,97.8,26.4,68.2,3.2,2.2,0.4,1.9,0,67,0.2,0.7,0,0,1.3,29.6,0.9,0.4,58,3.1,26.5,11.7,0,0,0.2,0.5,0,0,37.8,60.9,0.1,0.1,1,0,0.1,2.1,19.6,45.8,22.5,7.7,1.4,1,1.5,13,17.2,18.1,16,29.6,4.6,98.7,1.2,0.1,7.8,81.4,9.9,0.8,0.1,0,11.2,36.3,0.4,4.5,0.1,1.5,22.6,13,8.9,1.6,4.3,65.4,30.3,25.8,63.8,7.1,0.1,1,2.2,60.3,4.7,6.1,11.6,11.2,19.8,1.6,2.6,2.7,39.7,0.5,39.1,6.4,32.3,61.3,0.6,28.1,71.3,96.7,0.5,0.1,1.2,0,1,0.4,0,0,0.1,100,94.8,80,14.8,5.1,3.5,1.6,0.1,15.2,36.9,9,0.4,4.3,1.1,15.7,1.1,7.1,2.8,0.6,0.1,50.1,0.6,31.9,67,20.6,46.4,0.4
14,MANIPUR,274,Churachandpur,01871,Churachandpur,000000,0000,Sub-Dist - Churachandpur,Total,100,49.1,48.6,2.2,98,48.2,47.6,2.2,2,0.9,1,0,20,0.2,0.9,1.1,0.8,1.9,70.8,4.1,0.2,14.1,1.1,58.3,10.1,0.4,0.2,0.4,12.8,2.5,0.1,41.9,33.9,0.6,0.3,22.2,1.1,0.1,2.9,16,33.8,26.8,13.1,4.8,2.6,1.6,8.5,11.8,16.2,17.4,34.6,9.9,79.1,19.7,1.1,11.6,71.8,13.8,2.4,0.4,0.1,13,18.7,25.3,15.3,6.9,1.2,3.7,8.7,5.3,1.9,23.7,53.6,22.7,85.2,12.5,1.3,0.6,0.4,0.1,94.1,12.8,31.4,11.5,19.6,16.5,0.6,1.4,0.3,5.9,0.4,5.6,36.3,29.5,34.3,5.7,55.1,39.2,47.1,1.5,0.3,7.8,0.2,42,0.1,0.9,0,0.1,100,94.1,79.7,14.3,5.9,4.4,1.5,0.1,57.8,33.9,50.2,2.4,8.6,2,61.6,3.4,36.7,19.1,5.4,4.7,14.2,16,63.8,19.9,15.5,4.4,0.3
14,MANIPUR,274,Churachandpur,01871,Churachandpur,000000,0000,Sub-Dist - Churachandpur,Rural,100,49.6,48.2,2.2,98.5,48.9,47.4,2.2,1.5,0.7,0.8,0,21.8,0.1,0.9,1.2,0.7,1.5,70.4,3.3,0.2,14.9,1.2,60,9.9,0.3,0.2,0.4,10.9,2.1,0.1,44.3,34.7,0.6,0.2,19.2,0.9,0.1,3,16.3,34.3,26.6,12.8,4.6,2.3,1.5,7.5,11.9,16.1,17.5,35.3,10.1,81.8,17.1,1.1,11.2,72.6,13.6,2.3,0.3,0.1,13.9,20.5,22.7,13.5,7.3,1.3,4.2,9.5,5.9,1.3,21.4,55.2,23.4,83.7,13.8,1.3,0.7,0.4,0.1,93.5,13.1,27.8,12.1,21,17.2,0.5,1.5,0.3,6.5,0.4,6.1,32.8,31.2,36,5.1,54,41,51.3,1.6,0.2,7.8,0.2,38.1,0.1,0.6,0,0.1,100,93.8,79,14.7,6.2,4.7,1.5,0.1,54.1,34.2,47.4,2.1,8.2,1.9,59.4,3.2,36.6,17.9,5,4.1,15.4,13.6,64.4,21.7,16.9,4.8,0.3
14,MANIPUR,274,Churachandpur,01871,Churachandpur,000000,0000,Sub-Dist - Churachandpur,Urban,100,45.2,52.5,2.3,94,42.4,49.3,2.3,6,2.9,3.1,0,4.1,0.6,0.9,0.3,2.3,6.2,74.1,11.5,0.1,6.6,0.9,43.7,11.7,0.9,0.1,0.4,29.2,6.4,0.1,21.4,27.3,0.2,0.5,48.1,2.6,0,2.4,12.7,29.5,27.9,15.8,7,4.7,2.2,17.4,11.5,16.6,15.8,28.1,8.4,56,42.3,1.7,15.3,65.2,15.6,3,0.6,0.3,5.2,3.5,47.6,31,3,0.2,0,2,0.1,7.4,44,39.5,16.5,98.2,1.1,0.5,0.2,0,0,98.8,10.5,62.6,6.2,7.9,10.7,0.7,0,0.2,1.2,0.3,0.9,65.8,14.6,19.6,11.4,64.9,23.7,10.4,0.9,0.4,8.5,0.2,75.5,0.2,3.7,0.1,0.2,100,96.5,85.6,10.9,3.3,1.5,1.8,0.2,90.2,32,73.9,5.5,11.5,2.3,81.1,4.6,38.3,29.6,9,9.7,4.1,36.5,59.2,4.2,3.4,0.7,0.2
14,MANIPUR,274,Churachandpur,01872,Singngat,000000,0000,Sub-Dist - Singngat,Total,100,38,60.6,1.5,98.6,37.2,60.1,1.4,1.4,0.8,0.5,0.1,45.7,0.2,0.2,2.7,0,0.6,50.3,0.3,0,37.4,2,22.4,36.4,0.1,0,0.8,0.7,0.1,0.2,19.9,78.2,0.2,0.2,1.2,0,0.3,6.9,33.3,42.1,13.3,3.8,0.3,0.4,2.2,8.7,12.5,15.8,16.1,35.2,9.6,94.9,3.7,1.4,10.6,78.1,10.1,0.9,0.3,0,10,16.4,3.7,1,0.2,0.4,17.3,33.3,13.9,3.9,4.4,43.4,52.2,17.7,68.1,7.1,1.4,3.1,2.7,71.7,10.9,3.3,14.1,8.8,27.3,2.1,2.6,2.6,28.3,1.3,27,12.1,24.4,63.5,2.7,24.3,73,95.5,1.9,0.2,0.9,0,0.9,0.3,0.2,0,0.1,100,97.4,75.6,21.7,2.6,0.8,1.8,0.1,14.2,18.6,6.8,0.2,3,1,15.1,2.2,3.1,1.3,1,0.2,63.8,1.6,52.6,45.7,20.2,25.5,0.2
14,MANIPUR,274,Churachandpur,01872,Singngat,000000,0000,Sub-Dist - Singngat,Rural,100,38,60.6,1.5,98.6,37.2,60.1,1.4,1.4,0.8,0.5,0.1,45.7,0.2,0.2,2.7,0,0.6,50.3,0.3,0,37.4,2,22.4,36.4,0.1,0,0.8,0.7,0.1,0.2,19.9,78.2,0.2,0.2,1.2,0,0.3,6.9,33.3,42.1,13.3,3.8,0.3,0.4,2.2,8.7,12.5,15.8,16.1,35.2,9.6,94.9,3.7,1.4,10.6,78.1,10.1,0.9,0.3,0,10,16.4,3.7,1,0.2,0.4,17.3,33.3,13.9,3.9,4.4,43.4,52.2,17.7,68.1,7.1,1.4,3.1,2.7,71.7,10.9,3.3,14.1,8.8,27.3,2.1,2.6,2.6,28.3,1.3,27,12.1,24.4,63.5,2.7,24.3,73,95.5,1.9,0.2,0.9,0,0.9,0.3,0.2,0,0.1,100,97.4,75.6,21.7,2.6,0.8,1.8,0.1,14.2,18.6,6.8,0.2,3,1,15.1,2.2,3.1,1.3,1,0.2,63.8,1.6,52.6,45.7,20.2,25.5,0.2
14,MANIPUR,275,Bishnupur,00000,Bishnupur,000000,0000,District - Bishnupur,Total,100,61.8,33,5.2,98.2,60.6,32.4,5.2,1.8,1.1,0.6,0,12.4,0.2,1.2,0.4,0.4,1.5,82,2,0,19.3,0.3,72,0.6,0.4,0.2,0.1,6.8,0.2,0,88,1.1,0.9,0.9,8.7,0.4,0.1,1.2,10.9,25.7,33.7,16.6,7.1,4.7,1.1,6,12.8,20.8,22,33,4.4,96.9,1.7,1.3,8.2,72.9,16.5,2.1,0.3,0.1,28.4,15.2,0.9,0.5,1.5,0.1,1.1,5.2,46.8,0.1,7.7,50.1,42.2,76.5,20.1,0.3,0.1,2.6,0.4,92.3,4.9,18.4,21.1,16.3,18.5,9.9,3,0.3,7.7,3,4.7,21.1,15.6,63.2,2.5,46.6,50.9,71,1.5,0.2,0.9,0.2,25.4,0.1,0.2,0.6,0.1,100,94.5,91.3,3.2,5.5,4.4,1,0.1,22.1,60,51.5,1.5,6.2,3.9,57.1,1.9,55.7,12.9,4.5,1.9,10.9,7.7,79.7,12.5,8.7,3.7,0.1
14,MANIPUR,275,Bishnupur,00000,Bishnupur,000000,0000,District - Bishnupur,Rural,100,59.4,34.7,5.9,98.4,58.4,34.2,5.9,1.6,1,0.5,0,14.6,0.2,1.6,0.6,0.3,1.5,80.2,0.9,0,20.2,0.2,74.7,0.3,0.3,0.2,0.1,3.8,0.1,0,92.3,1.4,0.7,1,4.3,0.2,0,1.3,11.3,25.5,34.5,16.4,7,4,1.1,5.7,12,20.2,22.5,34,4.4,98.4,0.8,0.8,7.5,72.4,17.6,2.1,0.3,0.1,17.6,15,0.4,0.5,2.2,0.1,1.5,6,56.7,0.1,2.3,50,47.7,70.9,26.6,0.3,0.1,1.8,0.2,91.1,3.3,14.1,22.4,19.2,17.5,10.3,4,0.2,8.9,3.1,5.8,19,14,67,2,46.3,51.6,79,1,0.2,0.6,0.1,18.7,0.1,0.1,0.2,0,100,93.4,90.8,2.6,6.6,5,1.6,0,20.9,58.8,47.9,1,5,3.6,54.1,2,55.3,11.5,3.4,1.2,12,4.5,80.7,14.7,10.4,4.4,0.1
14,MANIPUR,275,Bishnupur,00000,Bishnupur,000000,0000,District - Bishnupur,Urban,100,65.8,30.1,4.1,97.9,64.4,29.5,4.1,2.1,1.4,0.6,0.1,8.6,0.2,0.6,0,0.5,1.4,84.9,3.7,0.1,17.8,0.4,67.6,0.9,0.6,0.4,0.3,11.8,0.3,0.1,80.7,0.4,1.3,0.8,16.1,0.6,0.1,1.2,10.3,26.1,32.3,17,7.4,5.9,1.1,6.4,14.1,21.8,21,31.2,4.3,94.5,3.3,2.2,9.4,73.8,14.6,1.9,0.2,0.1,46.7,15.6,1.9,0.7,0.4,0,0.4,3.8,30.1,0.2,16.8,50.4,32.8,86,9.2,0.4,0.1,3.8,0.6,94.4,7.4,25.6,19,11.4,20.1,9.2,1.2,0.4,5.6,2.8,2.8,24.7,18.5,56.8,3.4,47,49.6,57.4,2.2,0.3,1.5,0.3,36.6,0,0.5,1.2,0.1,100,96.3,92.2,4.1,3.6,3.5,0.2,0.1,24.2,62,57.8,2.3,8.2,4.3,62.2,1.7,56.5,15.2,6.3,3.1,9.1,13.2,78,8.6,6,2.7,0.1
14,MANIPUR,275,Bishnupur,01873,Nambol,000000,0000,Sub-Dist - Nambol,Total,100,61.8,33.5,4.7,99,61.3,33,4.7,1,0.5,0.5,0,6.6,0.3,3.4,0.8,0.7,1.7,84,2.5,0,18.7,0.3,69.5,0.7,0.8,0.3,0.2,9.2,0.2,0.1,87,0.1,1.5,1.4,9.3,0.5,0.1,0.8,10.6,29.3,34.3,15.4,5.9,3.7,1.2,5.7,13.3,22.6,23.4,30.3,3.6,98.2,0.9,0.9,7.2,73.4,17.1,2,0.2,0,28,21.5,1,0.2,1.3,0,0.8,1.3,45.9,0.1,2.8,48,49.2,60.1,32,0.6,0.1,6.8,0.4,94.3,5.9,19.4,18.9,20.7,13.6,11.8,3.6,0.5,5.7,3.2,2.5,21.5,12.8,65.6,2.7,50.9,46.4,74.4,1.1,0.4,0.3,0.2,21.7,0.1,0.1,1.7,0.1,100,94.8,91.6,3.2,5.1,4.1,1,0.1,21.2,66.6,57.3,1.8,4.9,4.1,60.6,1.7,67.7,20.6,5.6,2.3,8.4,10.7,82.4,6.8,4.5,2.3,0.1
14,MANIPUR,275,Bishnupur,01873,Nambol,000000,0000,Sub-Dist - Nambol,Rural,100,63.6,30.6,5.8,99.1,63.2,30.2,5.7,0.9,0.5,0.4,0,6,0.2,5.1,1.4,0.5,2.2,82.8,1.8,0,20.3,0.2,71.3,0.4,0.7,0.2,0.1,6.6,0.1,0.1,91,0.1,0.6,1.3,6.5,0.5,0.1,0.5,11,30.6,33.5,15.1,6.1,3.2,1.3,4.9,12.1,22.4,23.7,31.7,3.8,99,0.5,0.5,6.7,73.4,17.7,2,0.2,0,27.7,16.2,0.2,0.2,1.4,0,1.3,0.3,52.5,0.1,1.5,43,55.6,53.3,42,0.3,0.1,4,0.3,94.9,2.7,17.2,15.6,27,11.3,16.1,4.9,0.2,5.1,3.1,2,24.4,10.3,65.2,1.9,59.9,38.2,78.9,0.5,0.1,0.3,0,19.4,0.1,0.1,0.6,0,100,93.9,92.3,1.6,6,4.7,1.4,0,18.3,63.1,55.2,1.1,3.2,3.6,56.8,1.5,65.6,19.2,4.7,1.7,9.9,7.7,86.1,6.2,4.1,2.1,0.1
14,MANIPUR,275,Bishnupur,01873,Nambol,000000,0000,Sub-Dist - Nambol,Urban,100,59,37.8,3.2,98.8,58.5,37.1,3.2,1.2,0.5,0.7,0,7.5,0.4,1,0.1,0.9,0.9,85.8,3.5,0,16.2,0.4,66.8,1.1,1,0.5,0.3,13.1,0.3,0.2,81.1,0.2,2.8,1.6,13.6,0.5,0.3,1.2,10,27.5,35.4,15.8,5.7,4.3,1.1,6.8,14.9,22.7,22.9,28.2,3.3,97.1,1.6,1.3,8,73.4,16.4,1.9,0.2,0,28.3,29.3,2.3,0.2,1.1,0,0.1,2.7,36,0.1,4.7,55.6,39.7,70.3,17.2,0.9,0.2,10.9,0.6,93.5,10.6,22.7,24,11.3,17,5.3,1.7,0.8,6.5,3.4,3.1,17.2,16.5,66.3,3.9,37.5,58.6,67.5,2.1,0.7,0.5,0.6,25.1,0.1,0,3.2,0.1,100,96.1,90.7,5.5,3.7,3.4,0.3,0.1,25.4,71.7,60.5,2.8,7.4,4.8,66.3,2,70.8,22.7,7,3.2,6.3,15.2,76.8,7.8,5.2,2.6,0.2
14,MANIPUR,275,Bishnupur,01874,Bishnupur,000000,0000,Sub-Dist - Bishnupur,Total,100,68.8,26.6,4.6,98.5,68,26,4.6,1.5,0.8,0.6,0,7.6,0.2,0.6,0.1,0.4,1.7,86.6,2.8,0.1,11.5,0.3,75.7,1,0.6,0.3,0.2,10,0.3,0,82.3,0.4,0.8,1,15,0.5,0,1.3,11,27.1,33.5,16.2,6.8,4.1,1.4,7,13.9,22.8,22.8,29.6,2.7,95.6,2.4,2,9,75.5,14,1.4,0.1,0,41.5,19.5,1.5,0.7,0,0,1.9,3,31.9,0,18.2,40,41.8,89.8,9.7,0.2,0.1,0.1,0.1,95.4,6,27.8,22.2,15.7,17.2,4.3,2.1,0.1,4.6,2.8,1.8,24,18.1,57.9,2.4,63,34.5,61,1.8,0.1,1.7,0.2,34.5,0.1,0.4,0.1,0.1,100,96.1,92.7,3.4,3.8,2.9,0.9,0.1,23.4,55.3,54.4,1.4,7.4,3,56.8,1.7,44.1,12.3,5.8,2.3,13.4,11.4,80.7,7.8,6.3,1.5,0.1
14,MANIPUR,275,Bishnupur,01874,Bishnupur,000000,0000,Sub-Dist - Bishnupur,Rural,100,69.3,25.2,5.5,99.1,68.9,24.7,5.5,0.9,0.4,0.5,0.1,8.8,0.2,0.7,0.1,0.3,1,87.4,1.4,0.1,11.6,0.1,80.8,0.7,0.3,0.3,0.1,5.7,0.3,0,91.2,0.2,1,1.1,6.2,0.3,0,1.2,10.1,28.2,35.2,15.7,6.5,3.1,1.2,6.5,13.2,21.6,23.9,31,2.7,98.7,0.6,0.7,7.8,75.3,15.4,1.4,0.1,0,18.3,28.7,0.6,0.2,0,0,2.2,1.3,48.7,0,3.3,40.5,56.2,86.3,13.3,0.2,0,0.1,0.1,95,3.5,20.8,22.7,18.3,19.2,6.9,3.6,0.1,5,3.5,1.5,18.7,17.9,63.4,1.6,57.5,40.9,71.6,1,0.1,1.1,0,25.9,0.1,0.1,0.1,0,100,95.3,94.2,1.1,4.7,3.3,1.4,0,18.6,54,50.1,0.8,4.7,1.5,52.8,1.7,47.7,10.9,3.9,1.1,15.5,6.8,84.1,9,7.2,1.9,0.1
14,MANIPUR,275,Bishnupur,01874,Bishnupur,000000,0000,Sub-Dist - Bishnupur,Urban,100,68.1,28.6,3.3,97.8,66.6,27.9,3.2,2.2,1.5,0.7,0,5.8,0.1,0.5,0,0.4,2.6,85.5,4.8,0.1,11.5,0.5,68.2,1.5,0.9,0.2,0.4,16.5,0.3,0,69.1,0.7,0.6,0.8,28.1,0.8,0,1.6,12.3,25.5,31,16.9,7.2,5.5,1.6,7.7,14.9,24.6,21.1,27.4,2.7,91.1,5,3.9,10.7,75.7,12,1.4,0.1,0,76,5.9,3,1.3,0.1,0,1.3,5.4,6.8,0.1,40.5,39.2,20.3,95.1,4.4,0.1,0.2,0,0.1,96,9.8,38.2,21.4,11.7,14.1,0.6,0,0.1,4,1.8,2.3,32,18.3,49.8,3.6,71.3,25,45.3,2.9,0.2,2.5,0.4,47.4,0.1,1,0.1,0.2,100,97.4,90.6,6.7,2.5,2.4,0.1,0.2,30.6,57.2,60.7,2.3,11.4,5.2,62.9,1.6,38.7,14.4,8.7,4.1,10.3,18.3,75.7,5.9,5.1,0.8,0.1
14,MANIPUR,275,Bishnupur,01875,Moirang,000000,0000,Sub-Dist - Moirang,Total,100,57.5,36.6,5.9,97.6,55.7,36,5.9,2.4,1.7,0.6,0,18.7,0.1,0.3,0.3,0.2,1.3,77.9,1.2,0,24.5,0.3,71.3,0.2,0.1,0.2,0.1,3.3,0.1,0,92.1,2,0.6,0.6,4.4,0.2,0,1.4,11,22.7,33.4,17.6,8.1,5.8,0.9,5.6,11.8,18.5,20.7,36.7,5.8,96.9,1.9,1.2,8.3,71,17.6,2.5,0.4,0.1,20.7,8.9,0.5,0.7,2.6,0.1,0.8,8.9,56.5,0.2,4.2,57.6,38.2,78.3,19.3,0.3,0.1,1.6,0.5,89.2,3.5,12,21.8,14.1,22.3,12.2,3.1,0.3,10.8,3,7.8,19.1,15.9,65,2.5,33.8,63.6,75,1.5,0.2,0.8,0.1,22,0,0.2,0.2,0.1,100,93.2,90.2,3,6.7,5.5,1.2,0.1,21.9,59,46.3,1.4,6.2,4.3,55.1,2.1,55.7,8.5,3,1.4,10.9,3.7,77.5,18.7,12.8,6,0
14,MANIPUR,275,Bishnupur,01875,Moirang,000000,0000,Sub-Dist - Moirang,Rural,100,51.6,42.2,6.2,97.7,49.9,41.6,6.2,2.3,1.7,0.6,0,22.5,0.1,0.3,0.5,0.1,1.5,74.8,0.2,0,25,0.3,73.1,0.1,0.1,0.1,0,1.2,0,0,93.7,2.9,0.6,0.7,2,0.1,0,1.8,12,21.3,34.6,17.6,7.8,5,1,5.7,11.2,18.2,21.2,37,5.7,97.8,1.1,1,7.7,70.2,18.8,2.6,0.5,0.1,11.6,6.8,0.4,0.8,3.8,0.2,1.2,11.7,63.5,0.1,2.2,59,38.8,72,25.6,0.4,0.2,1.6,0.2,86.8,3.6,8.7,25.9,15.5,20,9,3.7,0.3,13.2,2.9,10.2,16.2,13.7,70.1,2.4,32.7,65,83.2,1.4,0.3,0.4,0.1,14.3,0,0.1,0.1,0.1,100,92,88.1,3.9,7.9,6.1,1.8,0.1,23.6,59.2,42.6,1.2,6.1,4.8,53.3,2.4,53.9,7.6,2.4,0.9,11.3,1.5,75.9,22.6,15.6,7,0
14,MANIPUR,275,Bishnupur,01875,Moirang,000000,0000,Sub-Dist - Moirang,Urban,100,69,25.7,5.4,97.4,67,25.1,5.3,2.6,1.9,0.5,0.1,11.3,0.1,0.4,0,0.3,1,83.9,3.1,0,23.4,0.2,67.7,0.3,0.1,0.4,0.1,7.4,0.2,0,88.9,0.4,0.7,0.3,9.2,0.5,0,0.8,8.9,25.5,31.1,17.8,8.7,7.2,0.8,5.2,13,19.1,19.7,36.2,6,95.2,3.3,1.5,9.4,72.6,15.2,2.3,0.4,0.1,38.6,13,0.8,0.5,0.2,0,0.1,3.5,42.9,0.5,8.1,54.9,37,90.5,6.9,0.1,0,1.5,0.9,93.9,3.3,18.4,13.9,11.3,26.7,18.3,1.7,0.2,6.1,3.1,3,24.7,20.1,55.2,2.8,36.2,61,58.9,1.6,0.1,1.4,0,36.9,0,0.4,0.4,0,100,95.6,94.4,1.2,4.3,4.3,0,0,18.7,58.7,53.7,1.9,6.3,3.3,58.8,1.5,59.3,10.3,4.2,2.3,10.1,8.1,80.6,11.2,7.2,4,0
14,MANIPUR,276,Thoubal,00000,Thoubal,000000,0000,District - Thoubal,Total,100,63.5,31.1,5.4,98.2,62.5,30.5,5.3,1.8,1.1,0.6,0.1,17.3,0.1,0.6,0,0.3,1.1,79,1.4,0.1,20.1,0.2,71.3,0.6,0.3,0.5,0.1,6.4,0.1,0.3,92.3,0.1,1.2,0.6,5.5,0.2,0,2,13.7,30.1,33.3,13.3,4.7,2.8,1.4,6.2,13.8,22.3,22.3,30.3,3.6,97.8,1,1.2,7.7,76.7,14.1,1.3,0.2,0,13.2,2.5,0.6,1.5,11.2,0.4,0.5,28.2,40.1,1.9,4.7,53.1,42.2,58,37.2,0.2,0.3,3.9,0.5,92.6,3.9,17.8,19.6,18.1,17.5,11.1,4,0.6,7.4,2.2,5.2,20,14.8,65.1,2.8,49.6,47.6,76.9,1.9,0.3,0.4,0.1,18.8,0,0.2,1.4,0.1,100,91.5,89.7,1.8,8.5,7.6,0.9,0.1,19.1,60.2,40.9,1,5,3.1,51.8,1.7,67,13.6,3.7,1.4,11.1,7.4,74.9,17.3,12.4,4.9,0.4
14,MANIPUR,276,Thoubal,00000,Thoubal,000000,0000,District - Thoubal,Rural,100,61,33.5,5.5,98.4,60.1,32.9,5.4,1.6,0.9,0.6,0.1,22,0.1,0.6,0,0.2,0.9,75.5,0.6,0,23.4,0.2,70,0.5,0.2,0.4,0.1,4.6,0.1,0.5,95.1,0.1,0.7,0.4,3.5,0.1,0,2.4,13.5,29.3,34.2,13.3,4.7,2.6,1.4,6.5,13.8,21.2,22.3,31.1,3.6,98.1,0.7,1.2,7.2,77.7,13.7,1.2,0.1,0,8.6,1.1,0.6,1.1,12.7,0.2,0.5,28.1,46.9,0.2,2.6,56.4,41,51.5,45.4,0.2,0.3,2.1,0.4,91.7,3.8,13.4,22,17.9,20.4,10.6,2.9,0.7,8.3,2.1,6.2,16,12.9,71.1,2.9,42.9,54.1,85.2,2.2,0.4,0.2,0.1,10.7,0,0.1,1.1,0,100,88.8,87,1.8,11.1,9.9,1.2,0,14.6,59.6,35.1,0.9,4.3,2.5,48,1.4,66.2,10.8,2.7,0.9,12.7,5.4,72.2,21.9,15.2,6.7,0.5
14,MANIPUR,276,Thoubal,00000,Thoubal,000000,0000,District - Thoubal,Urban,100,68.1,26.8,5.2,97.9,66.7,26.1,5.1,2.1,1.3,0.7,0.1,9,0.1,0.6,0.1,0.4,1.5,85.2,2.9,0.1,14.3,0.2,73.6,0.7,0.5,0.7,0.3,9.5,0.2,0,87.3,0.1,2.1,1.1,9,0.3,0,1.4,14,31.5,31.8,13.2,4.8,3.2,1.3,5.6,13.8,24.3,22.4,29,3.5,97.1,1.6,1.3,8.6,74.8,14.9,1.4,0.2,0,21.4,5,0.7,2.1,8.3,0.7,0.5,28.4,27.9,5,8.4,47.4,44.2,69.7,22.5,0.2,0.2,6.9,0.5,94.1,4.1,25.8,15.2,18.5,12.5,11.9,5.9,0.3,5.9,2.4,3.5,27.3,18.3,54.4,2.7,61.4,35.9,62,1.5,0.1,0.8,0.1,33.2,0,0.2,1.9,0.1,100,96.2,94.5,1.7,3.7,3.4,0.3,0.1,27.1,61.2,51.3,1.3,6.1,4.3,58.5,2.2,68.3,18.6,5.4,2.3,8.1,11.1,79.8,9,7.4,1.6,0.1
14,MANIPUR,276,Thoubal,01876,Lilong,000000,0000,Sub-Dist - Lilong,Total,100,59.9,33.3,6.8,97.6,58.9,32.3,6.5,2.4,1,1,0.4,10.8,0.1,0.6,0,0.2,0.9,86.1,1.1,0.2,9.7,0.2,83.3,0.1,0.2,0.2,0.2,4.9,0.1,1.1,94.4,0.2,0.6,0.6,4,0.3,0,3.1,17.7,29.6,28.1,12.9,4.8,3.8,1,5.2,10.8,15.6,18.1,40.3,8.9,98.4,0.9,0.7,9.3,79.1,10.3,1.2,0.1,0,16.5,0.9,0.3,0.1,7.2,0.1,0.1,39.8,34.8,0.2,6.4,66.4,27.1,47.8,51.4,0.2,0.1,0.2,0.3,91.7,2.5,10.3,23.7,18.4,20.2,11.6,4.6,0.4,8.3,2.3,6,22.7,16.3,61,2.2,29.1,68.7,87.9,3.4,0.4,0.1,0,7.9,0,0.2,0,0,100,91.7,90.3,1.3,8.3,7.2,1.1,0,23.6,45.5,25.6,0.6,4.7,2.2,57.7,1.7,54.8,14.2,3.1,0.8,16.1,5.6,82.4,10.7,9,1.7,1.3
14,MANIPUR,276,Thoubal,01876,Lilong,000000,0000,Sub-Dist - Lilong,Rural,100,55.4,37.1,7.5,97.4,54.3,36,7.1,2.6,1.1,1.1,0.4,14.5,0.1,0.5,0,0.2,0.5,83.6,0.5,0.1,12.3,0.1,82.6,0.1,0.2,0.2,0,2.8,0.2,1.5,96.1,0.1,0.7,0.3,2.7,0.1,0,3.4,18.4,28.6,29,12.7,4.6,3.4,0.8,5.6,11.9,16,18.5,39,8.3,98.9,0.4,0.7,7.7,79.9,11,1.2,0.1,0,13.4,1.1,0.3,0.1,4.9,0.2,0,53.9,26,0,1.9,66.4,31.6,40.4,59,0.1,0.1,0.2,0.2,89.8,3.1,7.8,23.4,19.4,16.7,14.7,4.4,0.5,10.2,3,7.2,20.8,12.7,66.5,1.4,29.7,68.9,90.1,4.1,0.5,0,0,5,0,0.2,0,0,100,88.6,86.9,1.7,11.3,9.9,1.5,0,17.2,46.2,23,0.6,4.5,2,49.2,1.7,55.6,10.6,2.4,0.6,19.1,3.3,80.8,14.3,11.9,2.4,1.6
14,MANIPUR,276,Thoubal,01876,Lilong,000000,0000,Sub-Dist - Lilong,Urban,100,69.7,25,5.3,98.1,68.8,24.2,5.1,1.9,0.9,0.8,0.2,2.8,0.1,0.8,0,0.1,1.8,91.5,2.4,0.5,4,0.4,84.7,0.2,0.2,0.2,0.6,9.5,0,0.2,90.6,0.4,0.5,1.2,6.8,0.5,0,2.3,16.3,31.9,26.3,13.3,5.2,4.7,1.4,4.5,8.7,14.8,17.2,43.1,10.3,97.4,2.1,0.5,12.6,77.4,8.8,1.1,0.1,0,23.3,0.4,0.4,0,12,0,0.2,9.4,53.7,0.6,16.3,66.4,17.4,64,34.9,0.2,0,0.3,0.5,95.6,1.2,15.8,24.5,16.3,27.7,5,5,0.1,4.4,0.9,3.5,26.9,24.1,49,4,27.7,68.2,83.1,2,0.2,0.3,0,14.1,0.1,0.1,0,0.1,100,98.2,97.7,0.5,1.7,1.5,0.2,0.1,37.3,43.9,31.2,0.6,5.2,2.6,76,1.8,53,22,4.7,1.1,9.6,10.6,85.9,2.9,2.7,0.2,0.6
14,MANIPUR,276,Thoubal,01877,Thoubal,000000,0000,Sub-Dist - Thoubal,Total,100,67.1,27.8,5.1,98.1,65.8,27.3,5,1.9,1.3,0.5,0.1,17,0.1,0.4,0,0.3,1.1,79.9,1.2,0,28.3,0.2,61.7,1,0.4,0.6,0.1,7.4,0.1,0.2,91.7,0.1,1.3,0.8,5.9,0.2,0,2.4,12.8,30.5,34,12.9,4.5,2.9,1.5,6.4,14.3,23.4,23.4,28.6,2.4,97.6,1,1.5,7.3,75.9,15.2,1.5,0.2,0,8.6,1.4,0.8,2.8,8.5,0.2,1,31.7,44.4,0.5,2.7,45.8,51.5,65.1,33.6,0.2,0.2,0.3,0.6,91.9,3.6,19.6,17.7,18.4,18.7,10.3,3.2,0.4,8.1,2.1,6,20.5,15.8,63.6,2.2,47.2,50.6,77.3,2.1,0.3,0.1,0.1,19.7,0.1,0.2,0.1,0.1,100,91.1,89,2.1,8.9,8.1,0.7,0.1,19.1,64.9,43.3,1.2,5.2,3.9,50.2,1.6,69.9,15.1,4,1.6,10,8.5,74.4,16.9,10.4,6.5,0.2
14,MANIPUR,276,Thoubal,01877,Thoubal,000000,0000,Sub-Dist - Thoubal,Rural,100,65.5,29.3,5.3,98.4,64.4,28.8,5.2,1.6,1.1,0.5,0.1,22.3,0.1,0.3,0,0.3,0.8,75.8,0.5,0,32,0.1,59.8,0.9,0.2,0.2,0.1,6.3,0.1,0.3,94.8,0.1,0.7,0.3,3.9,0.1,0,3.3,13.6,30.9,34,12,3.9,2.4,1.6,6.4,14.3,22.3,23.6,29.3,2.5,97.9,0.8,1.3,7,76.7,14.7,1.4,0.1,0,5.7,0.7,0.8,1.9,10.2,0.2,1.1,24.8,54.6,0.1,1.1,45.5,53.4,57.4,41.1,0.2,0.3,0.4,0.6,91.6,3.3,15.5,19,18.2,24.8,8.3,2.1,0.4,8.4,2.1,6.4,13.4,14,72.6,2,43.5,54.4,84.3,2,0.3,0.1,0.1,12.7,0.1,0.2,0.1,0.1,100,89,86.8,2.2,11,9.8,1.2,0.1,15.3,62.7,37.3,1,4.2,3.1,46.9,1.3,70.9,12.3,2.9,1,11.4,6.8,70.7,22.2,13.2,8.9,0.3
14,MANIPUR,276,Thoubal,01877,Thoubal,000000,0000,Sub-Dist - Thoubal,Urban,100,69.9,25.4,4.7,97.8,68.3,24.9,4.6,2.2,1.6,0.6,0.1,7.9,0.1,0.7,0.1,0.4,1.6,86.9,2.4,0,22,0.3,65,1.1,0.7,1.1,0.2,9.2,0.2,0,86.3,0.1,2.3,1.6,9.2,0.4,0,1,11.6,29.8,33.8,14.5,5.5,3.7,1.2,6.4,14.4,25.2,23.1,27.3,2.4,97,1.3,1.7,7.6,74.4,16,1.7,0.2,0,13.8,2.7,0.9,4.3,5.7,0,0.9,43.6,27,1.1,5.5,46.3,48.2,78.4,20.6,0.2,0.1,0,0.7,92.4,4,26.6,15.4,18.8,8.3,13.6,5.1,0.5,7.6,2.1,5.5,32.8,18.9,48.3,2.6,53.4,44,65.3,2.2,0.2,0.1,0,31.7,0,0.3,0.1,0.1,100,94.7,92.8,1.9,5.3,5.2,0,0.1,25.7,68.7,53.6,1.5,6.9,5.4,55.9,2.2,68.3,20,6,2.7,7.6,11.4,80.7,7.9,5.4,2.4,0
14,MANIPUR,276,Thoubal,01878,Kakching,000000,0000,Sub-Dist - Kakching,Total,100,60.3,34.6,5.1,98.6,59.6,34.1,5,1.4,0.8,0.5,0.1,21.5,0.1,0.9,0,0.4,1.3,73.9,1.9,0,14,0.1,78.7,0.2,0.3,0.6,0.1,5.8,0.1,0,92.2,0.1,1.4,0.5,5.8,0.1,0,0.9,12.8,29.8,35.3,14,5.1,2.2,1.5,6.5,14.7,24.3,23.2,27.3,2.4,97.7,1.1,1.1,7.4,76.6,14.8,1.1,0.1,0,18,4.9,0.5,0.3,17.2,0.8,0.1,16.7,36.7,4.8,6.6,56.5,37,53.4,34.6,0.2,0.4,11.1,0.3,94,5.3,19.4,20,17.5,14.4,11.9,4.8,0.8,6,2.3,3.7,17.9,12.5,69.6,4,64.4,31.6,70.2,0.9,0.2,1,0.1,23.3,0,0.1,4.1,0,100,92,90.3,1.6,8,7,1,0,16.5,61.4,45.8,1,4.8,2.5,50.7,1.7,69.5,11,3.5,1.4,9.9,6.9,71.6,21.5,17.3,4.2,0.1
14,MANIPUR,276,Thoubal,01878,Kakching,000000,0000,Sub-Dist - Kakching,Rural,100,57.9,37.5,4.6,98.9,57.2,37.1,4.6,1.1,0.6,0.4,0.1,26.2,0.1,1.1,0,0.2,1.3,70.4,0.7,0,17.7,0.2,77.4,0.1,0.3,0.8,0,3.4,0.1,0,95.1,0.1,0.7,0.5,3.5,0.1,0,0.5,10.6,27.4,37.5,15.5,5.9,2.5,1.6,7.3,14.3,22.5,22.8,28.9,2.6,98,0.8,1.2,6.9,77.9,14,1,0.1,0,10,1.6,0.5,0.5,21.1,0.2,0.1,17.7,48.2,0.3,5.1,66.2,28.7,49.7,43.5,0.3,0.5,5.9,0.3,92.9,5,13.6,25.6,16.6,16.1,11.4,3.3,1.3,7.1,1.6,5.4,16.9,11.3,71.7,5.1,50,44.9,83.5,1.2,0.4,0.4,0,11,0,0,3.3,0,100,88.7,87.3,1.4,11.3,10.1,1.2,0,11.9,63.1,39.1,0.9,4.4,2,48.9,1.3,65.9,8.7,2.7,0.9,10.9,4.5,69.3,26.1,20.1,6.1,0.1
14,MANIPUR,276,Thoubal,01878,Kakching,000000,0000,Sub-Dist - Kakching,Urban,100,64.6,29.6,5.8,98.1,63.5,28.9,5.8,1.9,1.1,0.7,0.1,13.5,0,0.5,0,0.7,1.3,79.9,4,0.1,7.8,0.1,80.9,0.3,0.3,0.3,0.2,9.9,0.3,0,87.2,0.1,2.5,0.3,9.7,0.2,0,1.5,16.6,33.8,31.5,11.3,3.6,1.8,1.4,5.1,15.5,27.4,23.9,24.7,2.1,97.2,1.7,1,8.2,74.2,16.1,1.3,0.2,0,31.6,10.6,0.4,0,10.5,1.9,0.1,15.1,17,12.6,9,39.9,51.1,59.7,19.4,0.1,0.3,20.1,0.3,95.9,5.6,29.3,10.4,19,11.4,12.8,7.3,0,4.1,3.5,0.6,19.5,14.6,65.9,2.1,88.9,8.9,47.4,0.4,0,2.1,0.1,44.3,0,0.1,5.6,0,100,97.5,95.5,2,2.4,1.8,0.6,0,24.3,58.4,57.4,1.4,5.5,3.5,53.9,2.3,75.6,14.9,4.7,2.3,8.2,10.9,75.5,13.5,12.5,1,0.1
14,MANIPUR,277,Imphal West,00000,Imphal West,000000,0000,District - Imphal West,Total,100,63.8,31.5,4.7,98,62.7,30.7,4.6,2,1.1,0.8,0.1,4.1,0.1,0.7,0.1,0.7,3.6,78.9,11.7,0.1,14.5,0.4,52.7,1.5,1,0.9,0.4,26.2,2.3,0.2,60.8,0.4,1.7,1.2,33.2,2.6,0.1,1.2,12.3,27.7,32.9,14.3,6.5,5.1,1.8,8.1,17.2,24.4,21.3,24.5,2.8,91.3,6.5,2.1,10.6,76.3,11.6,1.3,0.2,0,52.4,4.8,0.7,3.4,3.5,0.3,0.5,7.2,20.4,6.8,30.3,34.9,34.9,78.2,14.5,0.5,0.5,5.9,0.5,94.9,5.8,42.6,13.8,12.5,11.7,6.8,1.6,0.2,5.1,2,3,46.5,15,38.5,6.5,64.1,29.4,39.8,0.7,0.2,1.9,0.3,55.4,0.1,0.2,1.1,0.1,100,94.3,92,2.2,5.6,4.8,0.8,0.1,41,64.4,70,4.4,9.1,4.5,67.4,3,55.9,37.4,11.1,8.6,5,30.6,65.1,4,3,1,0.3
14,MANIPUR,277,Imphal West,00000,Imphal West,000000,0000,District - Imphal West,Rural,100,61.6,33.1,5.3,98.8,60.9,32.7,5.2,1.2,0.7,0.4,0.1,6.5,0.1,0.5,0.3,0.4,2.3,85.9,4,0.1,19.9,0.3,63.8,1.3,0.5,0.4,0.2,13,0.5,0.1,81.5,0.2,0.9,0.8,15.6,0.9,0,1,10.8,26.9,37.3,14.3,6,3.7,1.4,7.6,16.2,24.1,22.6,25.7,2.3,96.5,1.7,1.9,8.2,77.8,12.7,1.2,0.1,0,23.1,7.8,1.2,7.1,3.8,0.4,1.1,14.6,35.9,5,8.6,45.9,45.5,74.2,21.1,0.5,0.6,3.2,0.4,92,2.7,25.1,18.7,14,20,8.8,2.4,0.4,8,2.7,5.3,27.5,13.6,58.9,3.1,55.3,41.6,61.7,1.2,0.4,0.7,0.2,33.8,0.1,0.3,1.7,0.2,100,89.5,87.4,2.2,10.3,8.5,1.8,0.2,29.3,62.6,59.1,2.2,6.5,4.6,60.1,2.3,65.4,26.2,6.9,3.8,6.7,14.5,78.9,6.5,4.6,1.9,0.1
14,MANIPUR,277,Imphal West,00000,Imphal West,000000,0000,District - Imphal West,Urban,100,65.1,30.5,4.4,97.5,63.8,29.5,4.2,2.5,1.4,1,0.1,2.7,0.1,0.8,0.1,0.9,4.3,74.7,16.3,0.1,11.3,0.4,46.1,1.5,1.3,1.2,0.5,34.1,3.4,0.2,48.5,0.6,2.1,1.4,43.7,3.6,0.1,1.3,13.2,28.2,30.2,14.2,6.8,5.9,2,8.3,17.7,24.6,20.5,23.7,3.1,88.2,9.5,2.3,12.1,75.4,11,1.3,0.2,0,69.7,3.1,0.4,1.3,3.3,0.2,0.2,2.8,11.2,7.8,43.2,28.3,28.5,80.5,10.5,0.5,0.4,7.5,0.5,96.7,7.6,53.1,10.9,11.5,6.7,5.6,1,0.1,3.3,1.6,1.7,57.7,15.8,26.4,8.5,69.4,22.1,26.9,0.5,0.2,2.7,0.4,68.2,0.1,0.2,0.8,0.1,100,97.1,94.8,2.3,2.7,2.6,0.1,0.1,48,65.4,76.5,5.7,10.6,4.4,71.7,3.5,50.3,44.1,13.6,11.5,4,40.1,57,2.5,2,0.5,0.3
14,MANIPUR,277,Imphal West,01879,Lamshang,000000,0000,Sub-Dist - Lamshang,Total,100,47,44.7,8.3,98.4,46.2,44,8.2,1.6,0.8,0.7,0.1,9.9,0,0.4,0,0.3,0.8,86.6,1.9,0,22.2,0.1,64.6,1.8,1,0.5,0.1,9.5,0.1,0,85.5,0.3,0.7,0.3,12.7,0.5,0,1.1,13,26.5,36.3,14,5.8,3.4,1.9,7.7,15,23.2,23.1,26.2,2.8,95.1,2.7,2.2,8.9,76,13.3,1.5,0.3,0,21.4,12.4,2.5,20.9,6.5,0.9,3,14.3,17.8,0.2,13.1,45,41.9,76.4,19.9,0.5,1.7,0.9,0.6,93.8,1.3,25.3,18.7,14.6,26.1,6.9,0.6,0.2,6.2,1.6,4.6,19,8.5,72.5,2.9,53.2,43.9,76.8,0.8,0.3,0.6,0,20.5,0,0.4,0.2,0.2,100,84.4,82.8,1.5,15.4,14.3,1.1,0.2,25.5,61.3,52.6,1.5,6.6,3.4,56.7,1.9,56.5,18.8,5.3,2.3,8.9,11,79.1,9.8,7,2.8,0
14,MANIPUR,277,Imphal West,01879,Lamshang,000000,0000,Sub-Dist - Lamshang,Rural,100,45.9,46,8.1,98.5,45.2,45.3,8,1.5,0.8,0.7,0.1,10.4,0,0.4,0,0.3,0.7,86.8,1.4,0,24.9,0.1,62.6,2.1,1,0.3,0.1,8.7,0.1,0,86.3,0.3,0.6,0.2,12.3,0.4,0,0.9,13.2,26.2,36.2,14.3,5.8,3.3,1.8,7.2,14.7,23.4,23.1,26.9,3,95.4,2.8,1.9,8.2,75.8,14.1,1.6,0.3,0,17.9,13.7,2.2,19.2,5.2,1.1,2.9,16.9,20.5,0.3,11.3,46.8,41.8,75.8,21.2,0.5,1.3,0.7,0.5,93.6,1.2,21.9,20.6,14,28.3,6.6,0.8,0.2,6.4,1.4,4.9,18.5,8.5,73,3.3,49.3,47.4,77.5,0.8,0.3,0.3,0,20.2,0,0.3,0,0.3,100,85.5,83.8,1.7,14.2,12.9,1.3,0.3,25.7,60.6,52.2,1.4,6.9,3.6,57.1,1.9,56.4,18.4,4.7,2.1,9,10,79.6,10.3,7.2,3.1,0
14,MANIPUR,277,Imphal West,01879,Lamshang,000000,0000,Sub-Dist - Lamshang,Urban,100,52.6,38,9.5,97.9,51.4,37.2,9.3,2.1,1.2,0.8,0.2,7.4,0.1,0.3,0,0.7,1.5,85.6,4.3,0,8.4,0.2,75,0.2,1,1.5,0.2,13.4,0.1,0.1,81.3,0.3,1.1,1,15,1.4,0,1.8,12.1,27.6,36.8,12.1,5.8,3.8,2.9,10.1,16.7,22.3,23.5,22.6,2,93.5,2.4,4.1,12.6,76.7,9.6,1,0.1,0,39.5,5.6,3.8,29.4,13.3,0,3.8,1.1,3.4,0,22.2,35.8,42,79.2,13.2,0.2,3.8,2.5,1.1,94.8,1.6,43.1,8.6,17.9,14.9,8.5,0,0.1,5.2,2.5,2.7,21.7,8.6,69.7,0.8,73.5,25.7,73.3,0.6,0.2,2.2,0.1,21.9,0,0.7,0.9,0.1,100,78.4,77.9,0.5,21.5,21.5,0,0.1,24.7,65,54.5,2,4.8,2.7,54.8,2.2,57,21.1,8.2,2.9,8.4,16,76.4,7.4,6.4,1.1,0.2
14,MANIPUR,277,Imphal West,01880,Patsoi,000000,0000,Sub-Dist - Patsoi,Total,100,74.7,21.4,3.9,98.9,73.9,21.1,3.9,1.1,0.8,0.3,0,4.1,0.1,0.4,0,0.5,1.6,87.1,6.1,0.1,18.1,0.1,63,1,0.7,0.5,0.3,15.8,0.5,0,80,0.1,1.4,1.1,16,1.4,0,0.6,10.1,27,39.4,13.9,5.6,3.4,1.5,8.2,18,25.7,22.6,22.5,1.6,96.9,1.4,1.7,8.4,80.2,10.4,0.9,0.1,0,33.8,6.1,0.9,0.1,1.1,0,0.1,7.2,44.1,6.7,5.7,37.1,57.2,76.2,12.8,0.4,0.3,9.8,0.5,93.4,2.8,26.5,22,15.2,6.7,15,4.3,0.7,6.6,4.7,2,39.5,17.9,42.6,2.9,64.1,33,52.7,1.9,0.4,1.3,0.4,38.7,0.2,0.2,4.1,0.1,100,91.3,88.6,2.7,8.6,7.5,1.1,0.1,26.4,63.6,65.9,2.3,5.7,5.6,61.3,3.3,73.8,32,7.6,4.9,4.6,17.7,78.2,4,2.7,1.3,0.1
14,MANIPUR,277,Imphal West,01880,Patsoi,000000,0000,Sub-Dist - Patsoi,Rural,100,75.7,20.6,3.6,99.2,75.2,20.4,3.6,0.8,0.5,0.3,0,4.8,0.1,0.4,0,0.4,1.8,87.8,4.7,0,15.7,0.2,66.7,1.2,0.3,0.4,0.2,15,0.3,0,82.3,0.1,1.6,1,13.4,1.5,0,0.6,10.8,25.6,41.2,13.3,5.2,3.2,1.4,8.2,17.7,25.5,23.5,22.5,1.3,96.8,1.6,1.6,7.9,81.9,9.4,0.6,0,0,24.2,7.1,1.1,0.1,1.5,0,0,7.7,54.6,3.7,3.2,39.8,57,76.6,14.3,0.5,0.3,7.8,0.4,92.9,2.6,26.3,20.8,14.2,6.1,17,5,0.9,7.1,5.5,1.6,38.7,13.8,47.4,3.5,59.7,36.9,56.1,2.2,0.4,1,0.4,35,0.2,0.2,4.4,0.1,100,89.3,87.5,1.8,10.6,9.1,1.5,0.1,26.3,61.5,63.9,2.2,5.6,6.6,61,3.7,75.8,29.1,6.7,4.3,4.5,16.2,79,4.8,3.4,1.4,0.1
14,MANIPUR,277,Imphal West,01880,Patsoi,000000,0000,Sub-Dist - Patsoi,Urban,100,72,23.3,4.8,98.1,70.4,23,4.7,1.9,1.6,0.3,0,2.3,0,0.5,0,0.8,0.9,85.6,9.8,0.1,24.1,0,53.7,0.4,1.8,0.6,0.3,18,1.1,0,74.2,0,0.8,1.3,22.4,1.2,0,0.4,8.5,30.3,34.9,15.6,6.4,3.9,1.9,8.1,18.7,26.2,20.4,22.5,2.3,97.1,1.2,1.7,9.8,75.8,12.8,1.5,0.1,0,57.7,3.7,0.3,0,0,0,0.1,6.1,17.8,14.2,12.1,30.4,57.5,74.9,9.2,0.3,0.1,14.7,0.8,94.6,3.4,27,25.1,17.8,8.3,10,2.7,0.4,5.4,2.6,2.8,41.3,28.2,30.5,1.6,75.1,23.3,44.4,1.3,0.4,2.1,0.2,47.9,0.1,0,3.3,0.2,100,96.2,91.3,4.9,3.6,3.5,0,0.2,26.8,68.8,70.8,2.6,6,3.1,61.9,2.2,68.8,39.1,10,6.6,4.8,21.5,76.2,2.1,1.1,1,0.1
14,MANIPUR,277,Imphal West,01881,Lamphelpat,000000,0000,Sub-Dist - Lamphelpat,Total,100,63.5,32.7,3.9,97.4,62,31.6,3.7,2.6,1.4,1.1,0.1,0.9,0.1,0.8,0.1,1,5.7,70.1,21.2,0.1,9.4,0.4,35.7,2.1,1.5,1.3,0.6,44.1,4.7,0.3,33.3,0.8,2.4,1.7,57.1,4.7,0.1,1.3,14.1,27.8,28.8,14,7.1,6.9,2.3,9,18.8,25.6,19.8,21.5,3,84.3,12.8,2.9,13.5,74.4,10.5,1.4,0.2,0,77.7,3.2,0.3,0,3.6,0.3,0.1,1.1,3.2,10.6,55.7,21.1,23.2,86.4,3.3,0.6,0.4,8.8,0.5,97.5,9.3,64.4,8.5,8.8,5,0.8,0.6,0,2.5,1.4,1.1,67.2,14.1,18.7,11,73.3,15.7,10.3,0.3,0.1,3.4,0.5,84.2,0.1,0.3,0.8,0.2,100,98.4,95.9,2.5,1.5,1.1,0.4,0.2,58.5,67,85.3,7.6,13,4.9,77.6,4.2,43.7,53,16.8,15.2,2.4,51.7,47.2,0.6,0.4,0.2,0.4
14,MANIPUR,277,Imphal West,01881,Lamphelpat,000000,0000,Sub-Dist - Lamphelpat,Rural,100,69.9,28,2.1,99,69.4,27.5,2.1,1,0.5,0.5,0,0.3,0,0,0,0.5,11.5,76.5,11.2,0,8,0.4,51.9,2.5,0.7,2.6,0.5,31.6,1.2,0.6,45.1,0.3,1,3.3,46.9,3.3,0,2.3,8.4,28.9,30.2,14.3,7.6,8.3,1.3,9.1,18.1,26.9,19.7,22.4,2.5,93.2,0.9,5.9,12.6,73.6,12.1,1.5,0.1,0.1,71.4,4,0.1,0.1,0,0,0,0,2.6,21.7,41.7,25.8,32.5,95.3,2.2,2.2,0.1,0.1,0.1,96.5,1.8,56.6,5.4,22,6.4,4.2,0,0.1,3.5,1.8,1.6,64.3,18,17.6,8.6,66.9,24.5,11.6,0.5,0.4,2.4,0.2,82.5,0,1.2,0.9,0.3,100,93.6,92.2,1.4,6.1,1.6,4.5,0.3,41.4,72.1,86.6,6.7,7.9,8.1,73.3,3.6,57.6,56.1,15.6,12,2.1,36.6,62.6,0.2,0.1,0.1,0.6
14,MANIPUR,277,Imphal West,01881,Lamphelpat,000000,0000,Sub-Dist - Lamphelpat,Urban,100,63.2,32.9,3.9,97.3,61.7,31.8,3.8,2.7,1.5,1.1,0.1,0.9,0.1,0.9,0.1,1,5.4,69.8,21.7,0.1,9.4,0.4,35,2.1,1.5,1.3,0.6,44.7,4.8,0.3,32.7,0.8,2.5,1.6,57.5,4.8,0.1,1.3,14.3,27.7,28.7,14,7.1,6.9,2.3,9,18.9,25.5,19.8,21.4,3,83.9,13.3,2.8,13.5,74.4,10.4,1.4,0.2,0,78,3.2,0.3,0,3.7,0.3,0.1,1.1,3.2,10.1,56.3,20.9,22.8,86,3.3,0.5,0.4,9.2,0.5,97.5,9.6,64.8,8.7,8.2,4.9,0.6,0.7,0,2.5,1.4,1.1,67.3,13.9,18.8,11.1,73.6,15.3,10.2,0.3,0.1,3.5,0.5,84.2,0.1,0.2,0.8,0.2,100,98.6,96,2.5,1.3,1.1,0.2,0.2,59.2,66.8,85.2,7.6,13.2,4.8,77.7,4.2,43.1,52.8,16.8,15.3,2.4,52.4,46.6,0.6,0.4,0.2,0.4
14,MANIPUR,277,Imphal West,01882,Wangoi,000000,0000,Sub-Dist - Wangoi,Total,100,69.4,26.4,4.3,98.3,68.4,25.7,4.2,1.7,0.9,0.7,0.1,6.2,0.1,0.7,0.4,0.5,2.7,84.8,4.4,0.1,16.6,0.6,69.2,0.3,0.5,0.7,0.2,11.4,0.4,0.1,82.8,0.1,1.1,1,14.1,0.9,0.1,1.5,10,28.8,34.3,15,6.4,3.9,1,6.6,15.1,22.5,21.9,29.6,3.2,98.2,0.8,1,7.9,77.8,13.1,1,0.1,0,37.8,2.2,0.3,0.1,2.6,0.1,0,13.3,39.3,4.4,10,51.2,38.8,66,31.3,0.3,0.1,2,0.3,92,4.1,24.4,15.5,16,16.7,12.9,2.3,0.3,8,1.9,6.1,31.6,19.2,49.2,2.8,55.2,42,60.8,0.8,0.3,0.5,0.1,36.6,0,0.1,0.7,0.1,100,95.1,93.1,1.9,4.9,3.8,1.1,0.1,28.3,62.1,56.8,1.9,5.7,3.7,59.8,1.6,67.2,25.2,6.8,3.3,7.3,13.1,80.5,6.3,5,1.3,0.2
14,MANIPUR,277,Imphal West,01882,Wangoi,000000,0000,Sub-Dist - Wangoi,Rural,100,66.7,29.4,3.9,98.8,65.9,29.1,3.9,1.2,0.8,0.3,0,4.5,0.1,0.7,0.8,0.5,3.1,84.9,5.2,0.1,19.5,0.7,64.5,0.4,0.2,0.1,0.2,13.5,0.8,0.1,81.2,0.1,0.7,0.8,16.3,0.8,0,1.2,8.5,28.2,36.6,15.1,6.5,3.8,1.1,7.3,16.5,23.4,21.8,27.4,2.4,98,0.6,1.4,7.7,77.3,13.8,1.1,0.1,0,20.6,2.3,0.3,0.1,4.5,0.2,0,19.9,43.3,8.7,4.6,53.1,42.3,67,29.5,0.2,0.1,3,0.2,88.8,4.5,22.7,16.9,12.7,23.9,5.3,2.6,0.2,11.2,2,9.2,22.8,18.6,58.6,1.6,56.9,41.5,56.2,0.8,0.3,0.4,0.1,40.6,0,0.1,1.4,0.1,100,93.6,90.5,3,6.4,4.1,2.2,0.1,33.8,64.3,58.6,2.3,6.7,3.7,60.7,1.6,68.5,27.9,8.2,4,6.7,14.7,80.5,4.6,3.5,1.1,0.2
14,MANIPUR,277,Imphal West,01882,Wangoi,000000,0000,Sub-Dist - Wangoi,Urban,100,71.7,23.7,4.6,97.9,70.7,22.7,4.5,2.1,1,1,0.1,7.8,0.1,0.7,0,0.4,2.5,84.8,3.7,0,14,0.6,73.3,0.3,0.7,1.2,0.2,9.6,0.1,0.1,84.2,0.1,1.5,1.2,12.1,0.9,0.1,1.6,11.4,29.4,32.4,15,6.3,4,1,6,14,21.7,22,31.5,3.8,98.3,1.1,0.6,8.2,78.2,12.5,1,0.1,0,53,2.1,0.2,0,0.9,0,0,7.5,35.8,0.5,14.9,49.4,35.7,65.2,32.9,0.4,0.1,1.1,0.4,94.9,3.7,25.8,14.3,18.8,10.3,19.5,2,0.3,5.1,1.9,3.2,39.4,19.8,40.8,3.8,53.8,42.4,64.9,0.8,0.3,0.6,0.1,33,0,0.1,0.2,0.1,100,96.4,95.4,1,3.5,3.5,0,0.1,23.4,60.1,55.2,1.5,4.9,3.7,59,1.7,66,22.8,5.7,2.7,7.9,11.6,80.4,7.8,6.4,1.4,0.2
14,MANIPUR,278,Imphal East,00000,Imphal East,000000,0000,District - Imphal East,Total,100,61.6,34.4,4,98.2,60.5,33.7,4,1.8,1.1,0.7,0,11,0.4,0.7,0.1,0.7,2.7,77.5,6.8,0.1,22.4,0.3,56.4,1.4,1.1,1.1,0.4,15.5,1.1,0.2,70.6,0.6,1.8,1.1,24.3,1.5,0.1,1.4,13.6,27.8,30.8,14.6,6.7,5.1,1.5,6.7,14.3,22.1,21.3,30,4.1,94.4,4.4,1.3,10.3,75.6,12.5,1.4,0.2,0,31.8,2,0.8,5.2,13.6,0.1,1.8,20.9,18.2,5.5,17.8,41.5,40.7,85.7,13.1,0.3,0.1,0.7,0.2,92.8,6.1,32,17.7,11.4,17.4,5.2,2.3,0.7,7.2,1.6,5.6,38.5,15.1,46.3,3.7,54.4,41.8,52.1,0.7,0.1,1.3,0.2,44.9,0.1,0.3,0.3,0.1,100,94.5,91.4,3.1,5.4,4.1,1.3,0.1,40.9,65.6,61.3,3,7.7,3.7,63.2,2.1,57.3,31,8.4,5.8,8.9,19,69.4,11.2,5,6.2,0.4
14,MANIPUR,278,Imphal East,00000,Imphal East,000000,0000,District - Imphal East,Rural,100,58.9,36.4,4.6,98.9,58.3,36,4.6,1.1,0.7,0.4,0,16.9,0.5,0.7,0.1,0.3,1.5,77.3,2.6,0,28.7,0.3,60.6,0.5,0.6,0.6,0.2,8.2,0.2,0.2,84,0.2,1.2,0.6,13.3,0.6,0,1.2,14,28.3,31,15.1,6.3,4.1,1.3,6.6,13.7,21.4,21.3,31.8,3.8,97.8,1,1.2,9.6,76,13,1.2,0.2,0,15.2,2,0.8,7.5,19,0.1,2.7,29.5,21.5,1.8,5.6,48.4,46,80.3,18.7,0.3,0.1,0.4,0.1,90.9,3.8,19.6,20.8,13,24.7,6.1,2,0.9,9.1,1.3,7.7,25.5,14.4,60.1,2.8,43.9,53.3,71.3,0.8,0.1,0.4,0.2,26.6,0.1,0.4,0.1,0.1,100,93,89.6,3.4,7,4.9,2.1,0.1,36.8,61.2,50.6,1.5,5.7,3.3,56.6,1.8,57.1,22.5,5.1,2.6,12.6,9.6,73,17.2,7.2,10,0.2
14,MANIPUR,278,Imphal East,00000,Imphal East,000000,0000,District - Imphal East,Urban,100,65.3,31.5,3.2,97.3,63.7,30.5,3.1,2.7,1.6,1,0.1,2.6,0.2,0.7,0.2,1.2,4.5,77.7,12.7,0.3,13.6,0.3,50.4,2.7,1.9,1.9,0.6,25.8,2.5,0.3,51.6,1,2.7,1.7,40,2.7,0.3,1.6,13,27.2,30.5,13.8,7.4,6.5,1.6,6.8,15.1,23.2,21.2,27.4,4.6,89.5,9.1,1.4,11.2,75,11.9,1.6,0.3,0.1,55.5,2.1,0.8,2,5.9,0.2,0.5,8.7,13.4,10.8,35.2,31.7,33.1,93.3,5,0.3,0.2,1,0.2,95.5,9.3,49.7,13.3,9.2,6.8,3.9,2.8,0.4,4.5,1.9,2.6,57.2,16.2,26.7,5.1,69.5,25.4,24.6,0.5,0.2,2.6,0.2,71,0.1,0.1,0.5,0.2,100,96.7,93.9,2.8,3.1,3,0.1,0.2,46.8,71.7,76.6,5.2,10.7,4.2,72.7,2.6,57.5,43.1,13.2,10.5,3.6,32.4,64.3,2.7,1.9,0.8,0.6
14,MANIPUR,278,Imphal East,01883,Jiribam,000000,0000,Sub-Dist - Jiribam,Total,100,27.8,62.2,10,98.8,27.4,61.4,9.9,1.2,0.4,0.8,0.1,50.1,3.7,0.8,0,0.2,0.9,43.9,0.5,0,76.9,0.3,11,0.4,2.3,2.5,0.1,4.9,0.8,0.8,85.8,0.8,0.2,0.1,12.9,0.1,0,2,29,40.7,19.5,6,1.7,1,3.2,8.1,12.7,16.9,18.4,33.8,6.9,94.4,3.1,2.5,14.4,71.3,12.2,1.7,0.3,0,2.3,0.3,4.1,55.6,0.2,0.1,9.2,24.3,3.1,0.8,13.6,43.6,42.8,59.1,40.6,0.2,0.1,0,0,73.7,1.8,9.9,9.7,11.9,37.1,2.4,0.3,0.6,26.3,0.3,26,9.6,8.1,82.3,0.9,6.9,92.2,89,1,0.3,0,0.2,8.9,0.2,0.2,0,0.2,100,92.7,87.2,5.6,7.1,6.5,0.6,0.2,20.3,23.5,29.9,0.6,6.9,0.7,36.5,1.3,24.5,7.3,1.4,1,40.5,10,36.1,53.1,4.1,48.9,0.9
14,MANIPUR,278,Imphal East,01883,Jiribam,000000,0000,Sub-Dist - Jiribam,Rural,100,21.6,68.1,10.3,99,21.4,67.3,10.3,1,0.2,0.7,0.1,57.6,3.7,0.7,0,0.1,0.6,37.1,0.3,0,81.4,0.3,10,0.3,1.1,1.7,0.1,3.3,0.7,1,91.3,0.8,0.2,0.1,7.5,0,0,2.2,30.3,42.5,18.2,5,1.2,0.7,3.1,8.2,12.6,16.6,18.2,34.5,6.7,96.8,1,2.2,13.7,72.1,12.2,1.7,0.3,0,0.4,0.2,3.5,56.3,0.1,0,10.6,24.4,3.6,0.9,9.3,47,43.7,52.3,47.5,0.1,0.1,0,0,70.4,1.4,6.1,9.8,10.9,39.5,1.6,0.4,0.7,29.6,0.2,29.4,6.1,7.4,86.5,0.6,6.3,93,94.2,0.8,0.2,0,0.1,4.2,0.1,0.2,0,0.1,100,93.2,86.8,6.3,6.7,6,0.7,0.1,13.4,21.4,23.7,0.3,6,0.6,31.5,1,23.9,5.6,0.8,0.4,45.4,6.3,32.2,60.5,4.7,55.8,1
14,MANIPUR,278,Imphal East,01883,Jiribam,000000,0000,Sub-Dist - Jiribam,Urban,100,60,31.9,8.1,97.6,58.6,31,8,2.4,1.4,0.9,0.1,11.3,3.6,1.4,0,1.1,2.4,78.7,1.4,0,53.6,0.7,15.7,0.9,8,6.4,0.1,13.1,1.5,0.1,57.6,0.7,0.1,0.1,41,0.5,0,1.2,22.2,31.4,26.6,11.1,4.7,2.8,3.9,7.7,13.1,18.5,19.4,29.8,7.5,82.1,13.9,4.1,18.3,67.5,11.9,1.8,0.4,0.1,11.9,0.7,7.3,52.4,0.4,0.4,2.3,23.6,0.7,0.2,35.6,26.3,38,94,4.8,0.9,0.2,0.1,0,90.5,3.5,29.6,9.2,17.3,24.5,6.3,0,0.1,9.5,0.8,8.7,27.7,11.7,60.6,2.1,9.8,88,62.2,2.2,0.9,0,0.6,33,0.4,0.1,0,0.7,100,90.4,88.9,1.5,8.9,8.9,0.1,0.7,55.9,34.3,61.6,2.4,11.7,1.2,62.3,2.5,27.5,16.1,4.4,3.8,15.2,29,56.1,14.8,1.1,13.7,0.1
14,MANIPUR,278,Imphal East,01884,Sawombung,000000,0000,Sub-Dist - Sawombung,Total,100,55.2,40.5,4.3,98.7,54.4,40,4.2,1.3,0.8,0.5,0,16.3,0.1,0.4,0.4,0.3,1.5,79.4,1.8,0,29.2,0.1,65.1,0.4,0.3,0.2,0.2,4.3,0,0.1,91.2,0.1,0.8,0.3,7.4,0.1,0.1,1.2,6.6,26.8,36.5,18.3,6.8,3.9,1.2,6.2,13.9,21.8,22.5,31.4,3.1,97.4,1.3,1.2,10.4,74.9,13.3,1.2,0.2,0,17.6,2.3,0.4,0.4,20.2,0.1,2.9,21.5,34.1,0.6,1.7,54.6,43.7,89.6,8.6,0.4,0.1,1.1,0.1,92.6,2,15.4,19,14.2,32.2,6.7,2.2,0.9,7.4,1.5,6,17,17.7,65.3,2.7,50.3,47,84,0.7,0.1,0.1,0.3,14.1,0,0.6,0.1,0.1,100,90.6,85.6,5,9.3,6.8,2.5,0.1,54.7,64.9,50.7,1,3.8,1.9,56.6,1.7,51.7,16.4,4.3,1.3,11,5,78.6,16.3,11.3,5,0.1
14,MANIPUR,278,Imphal East,01884,Sawombung,000000,0000,Sub-Dist - Sawombung,Rural,100,54.9,40.8,4.3,98.7,54.1,40.3,4.3,1.3,0.8,0.5,0,16.9,0.1,0.4,0.4,0.3,1.5,78.7,1.8,0,30.5,0.1,63.8,0.5,0.3,0.2,0.2,4.3,0,0.1,91.3,0.1,0.9,0.2,7.2,0.2,0,1.2,6.6,26.8,36.4,18.3,6.8,4,1.2,6.4,13.8,21.9,22.3,31.4,3.1,97.3,1.4,1.3,10.7,74.8,13.2,1.2,0.2,0,18,2.4,0.4,0.4,21.3,0.1,3.1,22.1,31.5,0.6,1.7,55.4,42.9,90.8,8.6,0.4,0.1,0,0.1,92.3,2,15.6,17.9,13.8,33,6.7,2.3,0.9,7.7,1.4,6.2,16.9,17.1,66.1,2.7,50,47.2,84.3,0.7,0.1,0.1,0.3,13.8,0,0.6,0,0.1,100,90.3,85.1,5.2,9.6,7,2.7,0.1,56.8,64,50,1,3.7,1.9,56.2,1.8,51,16.5,4.3,1.4,11.4,4.9,78,16.9,11.7,5.3,0.1
14,MANIPUR,278,Imphal East,01884,Sawombung,000000,0000,Sub-Dist - Sawombung,Urban,100,61.4,35.4,3.2,99.2,60.9,35.2,3.2,0.8,0.5,0.2,0,5.4,0.2,0.2,0.1,0.3,0.4,91.7,1.5,0.1,5.5,0,88.9,0.1,1.1,0.5,0.1,3.5,0,0.2,88.3,0,0.1,0.4,10.2,0.1,0.9,1,6.9,25.1,38.6,18,7.7,2.8,1.3,3.5,14.7,19.4,27.1,30.7,3.4,99.5,0.1,0.4,6.2,75.5,16.3,1.8,0.2,0,9.6,0,0,0,0,0,0,9.3,80.9,0.1,0.3,41.4,58.3,68.6,10.3,0.2,0,20.9,0,97,0.7,11.5,39.8,21,17.7,6.4,0,0,3,2.1,0.9,19.6,28.4,52,1.3,55.5,43.2,77.5,0.1,0.1,0.8,0,20.3,0,0.1,1.1,0,100,96.4,95.9,0.4,3.6,3.6,0,0,17.3,80.7,63,1.1,5.7,1.6,64.5,1.2,64.3,15.9,4.3,1.2,3.9,5.3,88.8,5.6,4.4,1.2,0.3
14,MANIPUR,278,Imphal East,01885,Porompat,000000,0000,Sub-Dist - Porompat,Total,100,68.7,28.7,2.6,97.6,67.2,27.9,2.6,2.4,1.5,0.9,0.1,1,0.1,0.9,0.1,1,4.1,81.1,11.4,0.2,11.8,0.3,55.4,2.3,1.4,1.5,0.5,24.5,1.9,0.3,54.7,0.8,2.6,1.7,37.3,2.6,0.2,1.2,11.9,26.6,31.3,14.9,7.6,6.5,1.4,6.9,15.5,23.8,21.3,27.1,4,92,6.7,1.3,10.4,76.1,11.8,1.4,0.2,0,50.3,1.9,0.4,0.1,5.4,0.1,0.1,16.1,15.9,9.7,28.8,33.2,38,95.6,3,0.3,0.2,0.8,0.2,96.8,8.9,47.2,15.3,10.3,8.1,3.9,2.5,0.7,3.2,1.7,1.4,55.9,16.3,27.8,4.9,67.5,27.5,25.7,0.4,0.1,2.3,0.2,70.5,0.1,0.2,0.4,0.1,100,97.4,95.1,2.3,2.5,1.9,0.6,0.1,45.4,71.9,76.7,4.7,10.1,4.5,73.5,2.5,61,43.8,12.6,9.6,3.2,29.7,68.9,1,0.8,0.2,0.5
14,MANIPUR,278,Imphal East,01885,Porompat,000000,0000,Sub-Dist - Porompat,Rural,100,73,24.3,2.7,98.7,72.1,23.9,2.7,1.3,0.9,0.4,0,1.8,0.1,1.2,0,0.4,2.7,87.9,5.8,0,12.1,0.3,67.5,0.9,0.8,0.7,0.3,16.9,0.3,0.1,68.2,0.2,1.9,1.4,26.6,1.6,0,0.7,10.7,25.7,32.9,16.5,7.6,5.9,1,6.8,15.6,23.9,21.6,27.8,3.3,98.3,0.7,1,8.6,78.2,12,1.1,0.1,0,29,1.7,0.2,0.3,5.6,0.1,0.1,32.1,26,4.8,10.4,38.9,50.6,93.2,5,0.3,0.1,1.1,0.3,96.2,6,33.6,19.7,13.9,14.5,4.7,2.5,1.2,3.8,1.6,2.2,44,16.2,39.8,3.9,55.6,40.6,40.7,0.5,0.1,1.1,0.2,56.7,0,0.4,0.1,0.1,100,96,94.5,1.5,3.9,2.2,1.7,0.1,38.2,69.5,69.9,2.9,8,4.4,71.9,2.1,66.7,38,8.9,5.7,3.9,19,79.1,1.8,1.6,0.2,0.1
14,MANIPUR,278,Imphal East,01885,Porompat,000000,0000,Sub-Dist - Porompat,Urban,100,66.5,30.9,2.6,97.1,64.8,29.8,2.5,2.9,1.8,1.1,0.1,0.6,0.1,0.7,0.2,1.3,4.8,77.8,14.1,0.3,11.7,0.3,49.3,3,1.7,1.9,0.6,28.3,2.7,0.3,48,1.1,3,1.9,42.7,3,0.3,1.5,12.4,27,30.5,14.1,7.6,6.9,1.6,7,15.5,23.7,21.1,26.7,4.4,88.9,9.7,1.4,11.3,75.1,11.7,1.6,0.3,0.1,60.9,2,0.5,0.1,5.3,0.2,0,8.1,10.8,12.1,38,30.4,31.6,96.8,2.1,0.2,0.2,0.6,0.1,97.1,10.3,54,13,8.5,4.9,3.5,2.5,0.4,2.9,1.8,1.1,61.8,16.4,21.8,5.4,73.5,21.1,18.2,0.4,0.1,2.8,0.2,77.3,0.1,0.1,0.6,0.2,100,98,95.3,2.7,1.8,1.7,0.1,0.2,49,73.1,80.1,5.7,11.1,4.6,74.3,2.8,58.1,46.6,14.4,11.6,2.8,35,63.8,0.6,0.4,0.1,0.7
14,MANIPUR,278,Imphal East,01886,Keirao Bitra,000000,0000,Sub-Dist - Keirao Bitra,Total,100,63.9,31.1,5,99.3,63.4,30.9,5,0.7,0.4,0.2,0,16.1,0.1,0.3,0,0.3,0.7,81.6,1,0,19.9,0.4,74,0.2,0.3,0.2,0.3,4.7,0,0.1,90.4,0.1,1.1,0.5,7.6,0.3,0,1.8,18.5,26.1,29,14.1,6.4,4,1.1,5.9,11.8,19.9,21.5,35.7,4.2,98.5,0.8,0.7,7.6,76.9,14.2,1.1,0.1,0,4.6,3,0.6,0.2,39.6,0.1,2.1,33.9,15.9,0.1,2.9,52.1,45,64.1,35.1,0.3,0.1,0.1,0.3,90.4,4,14.1,28.4,11.7,20,8.9,2.9,0.5,9.6,1.9,7.7,22.6,12.3,65.1,2.6,42.6,54.8,81,1.1,0.2,0.2,0,16.9,0,0.4,0.1,0.1,100,90.7,88.3,2.5,9.2,7.1,2.1,0.1,22.6,68.4,40.7,0.9,5.1,4.5,52.2,1.6,68.8,19.2,3.5,1.4,8.2,5.3,78.6,16,11.8,4.2,0.1
14,MANIPUR,278,Imphal East,01886,Keirao Bitra,000000,0000,Sub-Dist - Keirao Bitra,Rural,100,65.7,29.9,4.4,99.3,65.2,29.7,4.4,0.7,0.5,0.2,0,14.4,0.1,0.3,0,0.3,0.6,83.2,1,0,19.8,0.4,74,0.1,0.3,0.2,0.2,5,0,0.1,90.4,0.1,1.2,0.5,7.5,0.3,0,1.5,18.4,25.9,28.9,14.8,6.6,3.9,1.1,6,11.9,20,21.5,35.7,3.8,98.3,0.9,0.7,7.6,76.8,14.3,1.1,0.1,0,2.8,2.7,0.6,0.1,42,0,1.2,37.5,13.1,0.1,2.6,52,45.3,66.5,32.8,0.3,0.1,0.1,0.1,93.1,4.3,14.6,31.2,11.9,19.7,9.4,1.6,0.5,6.9,1.5,5.3,23.3,12.7,63.9,2.5,41.5,55.9,81.1,1.2,0.2,0.1,0,17,0,0.4,0.1,0.1,100,92.3,90.5,1.9,7.6,5.2,2.4,0.1,23.1,68.1,41.7,0.9,5,4.8,51.5,1.7,69.4,19.7,3.7,1.4,8.1,5.4,80.2,14.3,9.9,4.4,0.1
14,MANIPUR,278,Imphal East,01886,Keirao Bitra,000000,0000,Sub-Dist - Keirao Bitra,Urban,100,51.6,39,9.3,99.6,51.5,38.8,9.3,0.4,0.1,0.2,0,27.3,0.1,0,0.1,0,1.3,70.5,0.6,0,20.4,0.3,73.7,1.1,0.4,0.1,1,2.9,0,0,90.7,0.3,0.3,0.2,8.3,0.1,0,4.1,19.6,27.6,29.8,9.5,5.2,4.3,0.9,5.3,11,19.5,21.3,35.4,6.7,99.5,0.2,0.3,7.9,77.8,13,1.1,0.2,0,16.9,5.3,0.7,0.7,23,0.9,7.8,9.6,34.9,0.3,4.8,52.3,42.9,47.8,50.2,0.1,0.1,0.1,1.7,72.3,1.7,10.7,9.5,10.2,22,6.1,11.7,0.5,27.7,4.3,23.3,17.3,9.6,73.1,2.9,49.6,47.5,80.3,0.8,0.2,1.5,0,16.5,0,0.3,0,0.2,100,79.7,73.5,6.2,20.1,19.8,0.3,0.2,18.6,70,34,0.7,5.6,2,56.6,0.8,64.9,15.8,2.6,1.4,9.1,4.4,68.4,27.3,24.5,2.8,0
14,MANIPUR,279,Ukhrul,00000,Ukhrul,000000,0000,District - Ukhrul,Total,100,26.4,68.5,5,98.7,25.9,67.8,5,1.3,0.6,0.7,0.1,11.2,0.1,0.6,0.1,0.1,0.4,86.8,0.7,0,4.9,0.9,14.2,76.2,0.1,0.1,0.3,2.9,0.4,0,51.1,43.7,0.2,0.2,4.7,0,0,2.3,22,37.2,24.6,9.8,2.7,1.5,3.6,10.5,13.5,15.5,15.2,34.6,7.2,90.7,6.5,2.9,14.4,80.5,4.5,0.5,0.1,0,13.2,37.3,1,4.3,1.2,0.3,11.1,1.6,29.8,0.2,10.5,56.7,32.8,39.2,44.2,3,1,10.7,1.8,82.6,6.1,13.6,15.9,22.8,22.6,0.6,0.6,0.3,17.4,1.8,15.7,44.7,35.1,20.2,3.7,33,63.3,93.1,1.1,0.2,0.5,0.1,4.6,0.1,0.2,0.1,0.1,100,74.6,70.1,4.6,25.3,24.2,1.1,0.1,16.1,39.1,20.6,0.8,6,1.2,31.4,1.4,3.6,2.6,3.1,0.7,39.8,3.7,85,11.3,7.9,3.4,0.1
14,MANIPUR,279,Ukhrul,00000,Ukhrul,000000,0000,District - Ukhrul,Rural,100,24.4,70.4,5.2,99,24,69.9,5.1,1,0.4,0.5,0,12.8,0.1,0.6,0.1,0.1,0.3,85.6,0.4,0,5.5,1,16,74.9,0.1,0.1,0.2,1.9,0.2,0,54.2,42,0.2,0.1,3.5,0,0,2.3,21.7,38.2,24.9,9.5,2.4,1.1,3.4,10.8,13.5,15.5,15.3,34.5,7,94.8,2.6,2.6,13.6,81.3,4.4,0.5,0.1,0,9.1,41.4,1,4.4,1.4,0.3,11.7,1.8,28.7,0.2,6.7,58.1,35.2,35.1,48.3,3,1.1,10.7,1.8,80.4,6,11.6,14.9,22.6,24,0.6,0.5,0.4,19.6,1.8,17.7,39.9,38.2,21.9,3.7,29.9,66.4,96.6,1.1,0.2,0.2,0,1.5,0.1,0,0.1,0.1,100,75.2,70.3,4.8,24.7,23.6,1.2,0.1,12.3,39,16.1,0.6,5.8,1.1,27.6,1,3.5,2.4,2.5,0.6,42.7,2.5,84.6,12.9,9,3.9,0
14,MANIPUR,279,Ukhrul,00000,Ukhrul,000000,0000,District - Ukhrul,Urban,100,39.3,56.4,4.2,96.3,37.7,54.6,4,3.7,1.7,1.9,0.2,0.8,0.1,0.5,0.1,0.3,0.6,94.5,3.1,0,1.1,0.2,2.5,84.3,0.2,0.1,1,8.7,1.7,0.2,32.1,54.5,0.5,0.3,12.3,0.1,0,2.3,24.2,30.7,22.9,11.9,4.4,3.7,4.4,8.5,12.9,15.5,14.9,35.3,8.5,64.5,30.8,4.6,19.4,75.3,4.6,0.6,0.1,0,39.4,11.5,0.7,3.5,0.4,0.4,7,0,36.5,0.6,34,47.8,18.2,65,19,2.8,0.9,10.4,1.9,96.1,7.1,26.5,22.1,24.3,13.9,0.9,1.2,0.1,3.9,1.2,2.7,75.1,15.8,9.1,3.9,52.1,44,71.3,1.2,0.2,1.9,0.1,24.1,0.2,1,0.1,0.1,100,71.2,68.2,3,28.6,28,0.6,0.1,40.2,39.2,48.9,1.7,7.6,1.5,55.5,3.6,4.2,4.3,6.8,1.8,21.4,11.6,87.5,0.7,0.6,0.1,0.2
14,MANIPUR,279,Ukhrul,01887,Ukhrul North,000000,0000,Sub-Dist - Ukhrul North,Total,100,19.3,72.4,8.3,99.1,19,71.8,8.3,0.9,0.3,0.6,0,8.6,0.1,0.4,0.1,0,0.2,90.4,0.2,0.1,0.6,0.1,0.6,97.8,0,0,0.1,0.2,0.7,0,66.2,32.2,0,0.1,1.5,0,0,1.2,25.3,34.5,23.2,11.2,3,1.5,4.2,12.4,13.5,14.9,12.8,34.9,7.2,96.2,2.6,1.3,11.6,84.1,3.5,0.6,0.2,0,7.1,33.3,0.3,8.2,0.9,0,9.8,0.1,40.2,0.1,3.8,57.4,38.8,26.5,47.2,3.9,0.5,18.5,3.4,80.4,7.7,9.5,11.8,26,25.3,0.1,0,0,19.6,2.5,17,39.3,38.9,21.8,3.7,27.6,68.8,98.5,1.1,0.1,0,0.1,0.1,0.1,0,0,0.1,100,78.9,78.1,0.8,21.1,19.7,1.3,0.1,5,27.2,8.1,0.4,3.5,0.6,18.7,1.1,0.7,1.2,1.3,0.1,57.6,1,90.4,8.6,8.1,0.5,0.1
14,MANIPUR,279,Ukhrul,01887,Ukhrul North,000000,0000,Sub-Dist - Ukhrul North,Rural,100,19.3,72.4,8.3,99.1,19,71.8,8.3,0.9,0.3,0.6,0,8.6,0.1,0.4,0.1,0,0.2,90.4,0.2,0.1,0.6,0.1,0.6,97.8,0,0,0.1,0.2,0.7,0,66.2,32.2,0,0.1,1.5,0,0,1.2,25.3,34.5,23.2,11.2,3,1.5,4.2,12.4,13.5,14.9,12.8,34.9,7.2,96.2,2.6,1.3,11.6,84.1,3.5,0.6,0.2,0,7.1,33.3,0.3,8.2,0.9,0,9.8,0.1,40.2,0.1,3.8,57.4,38.8,26.5,47.2,3.9,0.5,18.5,3.4,80.4,7.7,9.5,11.8,26,25.3,0.1,0,0,19.6,2.5,17,39.3,38.9,21.8,3.7,27.6,68.8,98.5,1.1,0.1,0,0.1,0.1,0.1,0,0,0.1,100,78.9,78.1,0.8,21.1,19.7,1.3,0.1,5,27.2,8.1,0.4,3.5,0.6,18.7,1.1,0.7,1.2,1.3,0.1,57.6,1,90.4,8.6,8.1,0.5,0.1
14,MANIPUR,279,Ukhrul,01888,Ukhurl Central,000000,0000,Sub-Dist - Ukhurl Central,Total,100,28.2,68.7,3.1,98.3,27.4,67.9,3,1.7,0.8,0.8,0.1,6.6,0.2,0.6,0.1,0.2,0.6,90.6,1.2,0,2.7,0.9,13.5,77.3,0.1,0.1,0.4,4.4,0.5,0.1,55.9,36.9,0.3,0.2,6.8,0,0,2.9,24.3,36.6,22.6,9.1,2.7,1.8,3.9,10.4,13.3,14.8,15.2,34.9,7.5,85.9,10.3,3.8,16,78.8,4.4,0.6,0.1,0,14.8,37.1,0.6,4.9,1.6,0.1,8.8,1.7,29.9,0.4,14.8,61,24.2,46.4,37.7,2.5,1.5,11.3,0.5,87,7.1,19.1,15.2,21.3,22.1,0.9,1,0.4,13,1.7,11.3,53.9,30.4,15.8,4.9,42,53.1,89.2,1.1,0.2,0.8,0.1,8.1,0.1,0.3,0.1,0.1,100,69,65.1,3.9,30.9,29.7,1.2,0.1,21.3,42,27.7,1.1,7.1,1.6,38.6,1.8,3,2.9,4.2,1.1,32.9,5.5,87.7,6.7,5.1,1.6,0.1
14,MANIPUR,279,Ukhrul,01888,Ukhurl Central,000000,0000,Sub-Dist - Ukhurl Central,Rural,100,24.6,72.7,2.7,99,24.1,72.2,2.7,1,0.5,0.5,0,8.5,0.2,0.6,0,0.1,0.6,89.4,0.6,0,3.2,1.1,17.1,75,0.1,0.1,0.2,3,0.1,0,63.6,31.1,0.2,0.1,5,0,0,3.2,24.3,38.6,22.6,8.2,2.1,1.2,3.8,11.1,13.4,14.6,15.2,34.7,7.2,92.9,3.6,3.5,14.9,80,4.3,0.6,0.1,0,6.9,45.4,0.6,5.4,1.9,0.1,9.4,2.2,27.8,0.3,8.5,65.3,26.2,40.4,43.8,2.4,1.7,11.6,0.1,84,7.1,16.7,12.9,20.3,24.7,0.8,1,0.5,16,1.8,14.1,46.9,35.1,18,5.3,38.7,56,95,1.1,0.2,0.5,0.1,2.8,0,0,0.1,0.1,100,68.3,64,4.2,31.6,30.3,1.3,0.1,15.1,42.9,20.8,0.9,6.9,1.6,33,1.2,2.6,2.5,3.4,0.9,36.6,3.5,87.8,8.6,6.6,2,0.1
14,MANIPUR,279,Ukhrul,01888,Ukhurl Central,000000,0000,Sub-Dist - Ukhurl Central,Urban,100,39.3,56.4,4.2,96.3,37.7,54.6,4,3.7,1.7,1.9,0.2,0.8,0.1,0.5,0.1,0.3,0.6,94.5,3.1,0,1.1,0.2,2.5,84.3,0.2,0.1,1,8.7,1.7,0.2,32.1,54.5,0.5,0.3,12.3,0.1,0,2.3,24.2,30.7,22.9,11.9,4.4,3.7,4.4,8.5,12.9,15.5,14.9,35.3,8.5,64.5,30.8,4.6,19.4,75.3,4.6,0.6,0.1,0,39.4,11.5,0.7,3.5,0.4,0.4,7,0,36.5,0.6,34,47.8,18.2,65,19,2.8,0.9,10.4,1.9,96.1,7.1,26.5,22.1,24.3,13.9,0.9,1.2,0.1,3.9,1.2,2.7,75.1,15.8,9.1,3.9,52.1,44,71.3,1.2,0.2,1.9,0.1,24.1,0.2,1,0.1,0.1,100,71.2,68.2,3,28.6,28,0.6,0.1,40.2,39.2,48.9,1.7,7.6,1.5,55.5,3.6,4.2,4.3,6.8,1.8,21.4,11.6,87.5,0.7,0.6,0.1,0.2
14,MANIPUR,279,Ukhrul,01889,Kamjong-Chassad,000000,0000,Sub-Dist - Kamjong-Chassad,Total,100,27,65.5,7.5,99.3,26.6,65.2,7.5,0.7,0.4,0.3,0,33.4,0.1,0.2,0.1,0,0,66.1,0,0,17.5,0.5,0.1,81.5,0,0,0.2,0.2,0,0,15.4,84,0,0.3,0.3,0,0,3.3,14.1,37,28.9,11.8,3.6,1.3,2.6,11,12.7,14.3,14.9,34.5,10,98,1.4,0.7,15.3,77.9,5.8,0.8,0.2,0,22.4,33.5,5.4,1.3,0,0,6.5,1,30,0,5.3,47,47.6,31.4,40.1,9.8,0.2,7.1,11.4,75.8,1.7,8.6,36.3,21.9,7.1,0.1,0,0.1,24.2,0.5,23.8,36.8,36,27.2,0.4,17.4,82.2,99.2,0.5,0.1,0,0,0.2,0.1,0,0,0,100,85.9,69.1,16.8,14.1,13.8,0.3,0,2.5,35.6,9.7,0,7.6,0.4,12.1,0.2,3.4,1.1,1,0.1,54.3,0.4,66.2,33.4,18.2,15.2,0
14,MANIPUR,279,Ukhrul,01889,Kamjong-Chassad,000000,0000,Sub-Dist - Kamjong-Chassad,Rural,100,27,65.5,7.5,99.3,26.6,65.2,7.5,0.7,0.4,0.3,0,33.4,0.1,0.2,0.1,0,0,66.1,0,0,17.5,0.5,0.1,81.5,0,0,0.2,0.2,0,0,15.4,84,0,0.3,0.3,0,0,3.3,14.1,37,28.9,11.8,3.6,1.3,2.6,11,12.7,14.3,14.9,34.5,10,98,1.4,0.7,15.3,77.9,5.8,0.8,0.2,0,22.4,33.5,5.4,1.3,0,0,6.5,1,30,0,5.3,47,47.6,31.4,40.1,9.8,0.2,7.1,11.4,75.8,1.7,8.6,36.3,21.9,7.1,0.1,0,0.1,24.2,0.5,23.8,36.8,36,27.2,0.4,17.4,82.2,99.2,0.5,0.1,0,0,0.2,0.1,0,0,0,100,85.9,69.1,16.8,14.1,13.8,0.3,0,2.5,35.6,9.7,0,7.6,0.4,12.1,0.2,3.4,1.1,1,0.1,54.3,0.4,66.2,33.4,18.2,15.2,0
14,MANIPUR,279,Ukhrul,01890,Phungyar-Phaisat,000000,0000,Sub-Dist - Phungyar-Phaisat,Total,100,20.8,72.7,6.6,99.4,20.7,72.2,6.5,0.6,0.1,0.4,0.1,14.4,0.1,1,0.1,0.1,0.1,83.7,0.5,0,7.5,1.9,37.5,49.8,0.1,0,0.5,2.6,0.1,0,41.7,53.3,0.2,0.1,4.7,0,0,1.2,17.5,36.7,29.7,11.5,2.7,0.6,2.2,8.8,13.6,18.1,16.7,34.7,6,95.2,1.2,3.6,10.3,84.9,4.5,0.3,0,0,11.3,41.9,0.3,0,1.4,2.3,16.8,0,26.1,0,5.9,44.4,49.7,34.6,61.3,1,0.9,2.2,0.1,76,5.1,2.6,11.6,27.6,28,0,0,1.1,24,2.5,21.5,25.9,50.5,23.6,0.6,14,85.4,98,1,0.1,0,0,0.6,0.1,0.1,0.1,0.1,100,79.5,76.5,3,20.4,19.7,0.6,0.1,15.9,37.5,17.3,0.6,2.9,0.2,31,0.7,2,3,3.4,0.3,42,3.2,82.2,14.5,9.6,4.9,0
14,MANIPUR,279,Ukhrul,01890,Phungyar-Phaisat,000000,0000,Sub-Dist - Phungyar-Phaisat,Rural,100,20.8,72.7,6.6,99.4,20.7,72.2,6.5,0.6,0.1,0.4,0.1,14.4,0.1,1,0.1,0.1,0.1,83.7,0.5,0,7.5,1.9,37.5,49.8,0.1,0,0.5,2.6,0.1,0,41.7,53.3,0.2,0.1,4.7,0,0,1.2,17.5,36.7,29.7,11.5,2.7,0.6,2.2,8.8,13.6,18.1,16.7,34.7,6,95.2,1.2,3.6,10.3,84.9,4.5,0.3,0,0,11.3,41.9,0.3,0,1.4,2.3,16.8,0,26.1,0,5.9,44.4,49.7,34.6,61.3,1,0.9,2.2,0.1,76,5.1,2.6,11.6,27.6,28,0,0,1.1,24,2.5,21.5,25.9,50.5,23.6,0.6,14,85.4,98,1,0.1,0,0,0.6,0.1,0.1,0.1,0.1,100,79.5,76.5,3,20.4,19.7,0.6,0.1,15.9,37.5,17.3,0.6,2.9,0.2,31,0.7,2,3,3.4,0.3,42,3.2,82.2,14.5,9.6,4.9,0
14,MANIPUR,279,Ukhrul,01891,Ukhrul South,000000,0000,Sub-Dist - Ukhrul South,Total,100,34.5,58.2,7.3,98.5,34.3,57.2,7,1.5,0.2,1,0.2,19.9,0.1,0.7,0,0.1,0.1,78.9,0.1,0.1,11.8,2.3,31,53.6,0.1,0,0.2,0.9,0.2,0,38.1,58.6,0.7,0.2,2.4,0,0,0.8,14.4,46,29.4,7.7,1.3,0.4,2.4,8.5,14.8,18.5,19,32.8,3.9,98,0.6,1.4,13.1,81.4,5.1,0.3,0.1,0,8.2,44.3,1.2,0.3,0.6,0.1,25.8,5.7,13.7,0.1,6.1,51.4,42.6,30.2,64.1,0.4,0,5.1,0,72.8,2.6,3.8,13.2,22.2,29.3,1.6,0,0.1,27.2,1.2,26,26.6,39.5,33.9,2.7,22.6,74.7,96.4,1.8,0.3,0,0,0.6,0,0.1,0.6,0.1,100,85.7,79.9,5.8,14.2,12.7,1.5,0.1,17.9,47.9,13,0.5,6.2,1.3,29.3,1,14.1,4.6,1.2,0.5,33.3,1.3,78.7,19.9,12.7,7.3,0.1
14,MANIPUR,279,Ukhrul,01891,Ukhrul South,000000,0000,Sub-Dist - Ukhrul South,Rural,100,34.5,58.2,7.3,98.5,34.3,57.2,7,1.5,0.2,1,0.2,19.9,0.1,0.7,0,0.1,0.1,78.9,0.1,0.1,11.8,2.3,31,53.6,0.1,0,0.2,0.9,0.2,0,38.1,58.6,0.7,0.2,2.4,0,0,0.8,14.4,46,29.4,7.7,1.3,0.4,2.4,8.5,14.8,18.5,19,32.8,3.9,98,0.6,1.4,13.1,81.4,5.1,0.3,0.1,0,8.2,44.3,1.2,0.3,0.6,0.1,25.8,5.7,13.7,0.1,6.1,51.4,42.6,30.2,64.1,0.4,0,5.1,0,72.8,2.6,3.8,13.2,22.2,29.3,1.6,0,0.1,27.2,1.2,26,26.6,39.5,33.9,2.7,22.6,74.7,96.4,1.8,0.3,0,0,0.6,0,0.1,0.6,0.1,100,85.7,79.9,5.8,14.2,12.7,1.5,0.1,17.9,47.9,13,0.5,6.2,1.3,29.3,1,14.1,4.6,1.2,0.5,33.3,1.3,78.7,19.9,12.7,7.3,0.1
14,MANIPUR,280,Chandel,00000,Chandel,000000,0000,District - Chandel,Total,100,38.2,56.4,5.4,98.2,37.7,55.6,4.9,1.8,0.5,0.8,0.5,29.7,0.3,0.5,0.2,0.2,1.1,67.4,0.6,0,19.1,1.4,46.3,29.9,0.1,0.1,0.2,2.7,0.2,0,45.9,47.6,0.6,0.2,5.6,0.1,0,1.9,16.1,37.4,28.9,11.4,2.8,1.5,2,11.6,17.1,18.6,17.2,29.3,4.2,94.3,4.8,0.8,14.2,78.1,7.1,0.6,0.1,0,5.3,13.9,6,7.4,7.8,0.6,18.4,29.9,9.7,1,9.2,40.9,49.9,64.5,28.5,1.2,0.3,4.5,1,79.3,6.5,10.1,9.7,18.6,31,1.7,0.5,1.1,20.7,1,19.7,14.2,25.8,60.1,3.1,33.8,63.1,80.8,1,0.2,12.5,0,4.9,0,0.1,0.3,0.1,100,87.3,75.5,11.8,12.6,10.6,2,0.1,19.3,42.9,28.6,0.6,5.5,2.3,38.5,1.9,26.5,11.2,3.1,1.2,28.6,3.1,67,29.8,18.5,11.3,0.1
14,MANIPUR,280,Chandel,00000,Chandel,000000,0000,District - Chandel,Rural,100,37.6,58.4,4.1,99.3,37.4,57.9,4,0.7,0.2,0.5,0.1,31.7,0.3,0.5,0.2,0.2,1,65.7,0.3,0,19.7,1.1,50,26.9,0.1,0.1,0.2,1.9,0.1,0,47.4,48.7,0.6,0.2,3,0.1,0,2.1,14.7,37.8,29.8,11.3,2.9,1.4,1.8,11.9,17.3,18.9,17.3,28.9,3.9,98,1.2,0.8,13.8,78.8,6.9,0.5,0.1,0,4.6,14.8,2.4,3.1,8.7,0.6,20.7,33.2,10.8,1.2,4.4,42.4,53.2,60.5,31.7,1.4,0.3,5,1.1,77.1,5.9,7.7,9,18.2,32.6,1.9,0.5,1.2,22.9,0.9,22.1,11,26,63,2.2,30.6,67.2,89.3,1.1,0.2,4.8,0,4.1,0,0.1,0.3,0,100,86.3,74.5,11.8,13.7,11.5,2.2,0,19.7,44.9,25.9,0.5,5,1.6,39.2,1.6,28.5,11.5,3.2,1.1,29,2.2,65.8,31.9,19.9,12,0.1
14,MANIPUR,280,Chandel,00000,Chandel,000000,0000,District - Chandel,Urban,100,43.7,40.7,15.6,89.4,40.5,37,11.9,10.6,3.2,3.7,3.7,13.4,0.1,0.1,0.1,0.2,2.5,81.1,2.5,0,13.7,4.2,16.9,54.3,0.3,0.2,0.1,9.6,0.7,0,34.3,38.5,0.8,0.1,26,0.3,0,1,27,34,21.7,11.9,2.3,2.1,3.3,8.7,15.3,16.4,16.7,32.5,7,64.8,34,1.2,17.8,72,8.8,1.3,0.1,0,11.2,6.7,34.4,41.3,0.9,0.8,0.1,3.6,1,0.1,47.4,29.5,23.1,96.1,3.6,0.1,0.1,0.1,0.1,96.9,11.9,29.6,15,21.9,18,0.2,0,0.2,3.1,2.1,1,39.2,23.7,37,10.4,59.1,30.5,13.6,0.8,0.1,73.5,0.1,11,0.1,0.7,0,0.2,100,95.7,83.7,12,4.2,3.2,1,0.2,16.5,26.6,49.8,1.5,9.2,8.2,32.6,4.6,10.7,8.8,2.6,1.2,25.5,10.4,76.6,13,7.3,5.7,0
14,MANIPUR,280,Chandel,01892,Machi,000000,0000,Sub-Dist - Machi,Total,100,27.2,66.8,6,99.6,27.1,66.5,6,0.4,0.1,0.3,0,37.9,0,0.1,0,0.1,0.8,61,0,0,24.1,0.8,67.9,5,0.1,0,0.2,1.8,0,0,88.2,9.6,0.2,0,2,0,0,0.6,16.1,37.8,30.5,11.8,2,1.1,1.4,8.6,14.2,19.1,21.6,31.8,3.4,98.7,0.9,0.4,11.7,78.6,8.9,0.6,0.1,0,4,28.6,2,2.2,1.5,0,15,24.2,18.2,4.4,1.4,36.4,62.2,58,39.7,0.8,0,1.3,0.2,64.4,2.2,6.2,2.6,15.1,36.2,0.6,1,0.5,35.6,1.6,34,6.3,15.2,78.5,0.5,23.9,75.6,92,2,0.4,2,0,3.6,0,0,0,0,100,82,77,4.9,18,14.1,3.9,0,19.5,36,17.7,0.9,4.8,1.3,43.8,2.3,24.3,11.6,3.6,1.4,30.5,2.2,59.9,37.9,24.4,13.5,0
14,MANIPUR,280,Chandel,01892,Machi,000000,0000,Sub-Dist - Machi,Rural,100,27.2,66.8,6,99.6,27.1,66.5,6,0.4,0.1,0.3,0,37.9,0,0.1,0,0.1,0.8,61,0,0,24.1,0.8,67.9,5,0.1,0,0.2,1.8,0,0,88.2,9.6,0.2,0,2,0,0,0.6,16.1,37.8,30.5,11.8,2,1.1,1.4,8.6,14.2,19.1,21.6,31.8,3.4,98.7,0.9,0.4,11.7,78.6,8.9,0.6,0.1,0,4,28.6,2,2.2,1.5,0,15,24.2,18.2,4.4,1.4,36.4,62.2,58,39.7,0.8,0,1.3,0.2,64.4,2.2,6.2,2.6,15.1,36.2,0.6,1,0.5,35.6,1.6,34,6.3,15.2,78.5,0.5,23.9,75.6,92,2,0.4,2,0,3.6,0,0,0,0,100,82,77,4.9,18,14.1,3.9,0,19.5,36,17.7,0.9,4.8,1.3,43.8,2.3,24.3,11.6,3.6,1.4,30.5,2.2,59.9,37.9,24.4,13.5,0
14,MANIPUR,280,Chandel,01893,Tengnoupal,000000,0000,Sub-Dist - Tengnoupal,Total,100,41.7,49.9,8.4,95.7,40.4,48.4,7,4.3,1.3,1.5,1.4,30.1,0.1,0.7,0.1,0.1,1.3,66.4,1.2,0,30.1,2.6,24.7,36.9,0.1,0.1,0.5,4.6,0.4,0,46.3,40.6,0.5,0.1,12.2,0.1,0,3.3,22.5,36.8,23.2,10.5,2.2,1.4,2.6,14.9,18.8,17.7,15.8,25.9,4.3,85.1,14.2,0.7,16.3,76.9,6.1,0.7,0.1,0,6.5,10.3,14.7,19.4,3.4,1.2,16.2,18.8,9.4,0,20.1,37,42.9,74.8,22.9,0.8,0.2,0.9,0.5,79.9,9.5,16.5,11.2,15.4,21.6,2.2,0,3.5,20.1,1.7,18.4,22.9,23.3,53.8,5.9,37,57,57.1,1,0.1,34.8,0,6.6,0,0.3,0,0.1,100,91.8,75.9,15.9,8.1,6,2,0.1,15.6,34.3,32.1,0.9,6.8,4.2,35.6,2.4,22.8,8.7,2.5,1,28,5.4,64.6,29.9,11.9,18,0
14,MANIPUR,280,Chandel,01893,Tengnoupal,000000,0000,Sub-Dist - Tengnoupal,Rural,100,40.4,55.8,3.8,99.8,40.3,55.7,3.8,0.2,0.1,0.1,0,40.8,0.1,1.1,0.1,0.1,0.5,57,0.3,0,40.7,1.6,29.8,25.6,0.1,0,0.7,1.4,0.1,0,54.1,42.1,0.3,0.1,3.4,0,0,4.8,19.7,38.7,24.1,9.6,2.1,1,2.1,19,21,18.5,15.1,21.7,2.6,98.2,1.4,0.4,15.4,80.1,4.3,0.3,0,0,3.6,12.7,2,5.4,5,1.5,26.5,28.5,14.8,0,2.5,41.8,55.6,61.1,35.3,1.2,0.3,1.4,0.8,69,7.9,8.1,8.8,11.2,23.9,3.4,0,5.6,31,1.4,29.6,12.4,23.1,64.5,3.1,22.8,74.1,85,1.1,0.1,9.9,0,3.8,0,0,0,0.1,100,89.4,70.9,18.4,10.6,7.8,2.7,0.1,15,39.3,20.8,0.5,5.3,1.5,37.5,1.1,30.5,8.7,2.5,0.8,29.6,2.2,57,40.9,15,25.9,0
14,MANIPUR,280,Chandel,01893,Tengnoupal,000000,0000,Sub-Dist - Tengnoupal,Urban,100,43.7,40.7,15.6,89.4,40.5,37,11.9,10.6,3.2,3.7,3.7,13.4,0.1,0.1,0.1,0.2,2.5,81.1,2.5,0,13.7,4.2,16.9,54.3,0.3,0.2,0.1,9.6,0.7,0,34.3,38.5,0.8,0.1,26,0.3,0,1,27,34,21.7,11.9,2.3,2.1,3.3,8.7,15.3,16.4,16.7,32.5,7,64.8,34,1.2,17.8,72,8.8,1.3,0.1,0,11.2,6.7,34.4,41.3,0.9,0.8,0.1,3.6,1,0.1,47.4,29.5,23.1,96.1,3.6,0.1,0.1,0.1,0.1,96.9,11.9,29.6,15,21.9,18,0.2,0,0.2,3.1,2.1,1,39.2,23.7,37,10.4,59.1,30.5,13.6,0.8,0.1,73.5,0.1,11,0.1,0.7,0,0.2,100,95.7,83.7,12,4.2,3.2,1,0.2,16.5,26.6,49.8,1.5,9.2,8.2,32.6,4.6,10.7,8.8,2.6,1.2,25.5,10.4,76.6,13,7.3,5.7,0
14,MANIPUR,280,Chandel,01894,Chandel,000000,0000,Sub-Dist - Chandel,Total,100,41.5,55.7,2.9,98.2,41.2,54.5,2.6,1.8,0.3,1.2,0.3,13.7,0.1,0.3,0,0.1,2,83.2,0.7,0,9.5,0.4,61.5,24.6,0.1,0.2,0,3.6,0.1,0,44,48.8,0.5,0.4,6,0.2,0.1,0.6,12,40.1,29.9,11.7,3.7,1.9,2.4,13.6,17.9,19.8,16.5,26.1,3.8,95.8,2.2,2,19,75.2,5.4,0.4,0,0,8.3,19.2,0.3,4.4,5.6,0.4,16.5,34,10.7,0.6,10,34.1,55.9,89.4,5,0.1,0,5.5,0.1,83.7,2.7,13.1,9,14.9,41.4,2.5,0,0.1,16.3,0.4,15.9,13.5,21.5,65,2.4,32.2,65.4,87.8,0.5,0.4,2.3,0,8,0,0,1,0,100,78.2,68.8,9.4,21.8,20.7,1.1,0,32.9,53.5,45.9,0.8,6,2.4,53.8,1.7,24.8,17.9,5.8,2.5,18.1,3.9,82.4,13.7,10.4,3.3,0.1
14,MANIPUR,280,Chandel,01894,Chandel,000000,0000,Sub-Dist - Chandel,Rural,100,41.5,55.7,2.9,98.2,41.2,54.5,2.6,1.8,0.3,1.2,0.3,13.7,0.1,0.3,0,0.1,2,83.2,0.7,0,9.5,0.4,61.5,24.6,0.1,0.2,0,3.6,0.1,0,44,48.8,0.5,0.4,6,0.2,0.1,0.6,12,40.1,29.9,11.7,3.7,1.9,2.4,13.6,17.9,19.8,16.5,26.1,3.8,95.8,2.2,2,19,75.2,5.4,0.4,0,0,8.3,19.2,0.3,4.4,5.6,0.4,16.5,34,10.7,0.6,10,34.1,55.9,89.4,5,0.1,0,5.5,0.1,83.7,2.7,13.1,9,14.9,41.4,2.5,0,0.1,16.3,0.4,15.9,13.5,21.5,65,2.4,32.2,65.4,87.8,0.5,0.4,2.3,0,8,0,0,1,0,100,78.2,68.8,9.4,21.8,20.7,1.1,0,32.9,53.5,45.9,0.8,6,2.4,53.8,1.7,24.8,17.9,5.8,2.5,18.1,3.9,82.4,13.7,10.4,3.3,0.1
14,MANIPUR,280,Chandel,01895,Chakpikarong,000000,0000,Sub-Dist - Chakpikarong,Total,100,37.7,58.1,4.2,99.6,37.5,57.8,4.2,0.4,0.2,0.2,0,36.8,0.7,0.6,0.4,0.4,0.6,60.2,0.3,0.1,14.3,1.4,45.1,37.9,0.1,0,0.1,0.9,0.1,0.1,29.6,67.9,1,0.3,1.2,0,0,2.2,13.5,35.8,32.2,11.8,3.1,1.4,1.5,8.6,16.4,18.3,17.1,33.3,4.8,99.2,0.5,0.3,10.3,80.7,8.3,0.6,0.1,0,2.8,7.2,4.3,1.6,15.5,0.6,22.9,38.6,5.7,0.8,2.8,50.7,46.5,41.7,44.6,2.6,0.6,8.1,2.4,81.8,8.5,4.3,11.8,25.1,29.6,1.3,1,0.1,18.2,0.7,17.6,10.5,34.9,54.5,2.4,36.1,61.5,91.3,1.1,0.2,5.2,0.1,1.9,0.1,0.1,0,0,100,92,79.1,12.9,7.9,6,2,0,13.1,45.6,18.3,0.2,4.3,1.1,28.4,1.4,31.6,8.6,1.6,0.3,35.6,1.1,61.5,37.3,27,10.3,0.1
14,MANIPUR,280,Chandel,01895,Chakpikarong,000000,0000,Sub-Dist - Chakpikarong,Rural,100,37.7,58.1,4.2,99.6,37.5,57.8,4.2,0.4,0.2,0.2,0,36.8,0.7,0.6,0.4,0.4,0.6,60.2,0.3,0.1,14.3,1.4,45.1,37.9,0.1,0,0.1,0.9,0.1,0.1,29.6,67.9,1,0.3,1.2,0,0,2.2,13.5,35.8,32.2,11.8,3.1,1.4,1.5,8.6,16.4,18.3,17.1,33.3,4.8,99.2,0.5,0.3,10.3,80.7,8.3,0.6,0.1,0,2.8,7.2,4.3,1.6,15.5,0.6,22.9,38.6,5.7,0.8,2.8,50.7,46.5,41.7,44.6,2.6,0.6,8.1,2.4,81.8,8.5,4.3,11.8,25.1,29.6,1.3,1,0.1,18.2,0.7,17.6,10.5,34.9,54.5,2.4,36.1,61.5,91.3,1.1,0.2,5.2,0.1,1.9,0.1,0.1,0,0,100,92,79.1,12.9,7.9,6,2,0,13.1,45.6,18.3,0.2,4.3,1.1,28.4,1.4,31.6,8.6,1.6,0.3,35.6,1.1,61.5,37.3,27,10.3,0.1
