17,MEGHALAYA,000,MEGHALAYA,00000,MEGHALAYA,000000,0000,State - MEGHALAYA,Total,100,48.1,45.9,6,98.9,47.6,45.4,5.9,1.1,0.5,0.5,0.1,16,1,0.3,0.4,0.4,1.7,69.1,10.3,0.7,40,1.4,6.9,19.8,1.8,3.9,2.6,9.4,12.9,1.2,33.7,34.1,0.5,0.5,30.5,0.6,0.1,2.1,21.6,33.6,21.9,10.3,4.9,5.6,3.6,7.4,12.5,16.1,15.9,33.8,10.7,81.9,15.6,2.4,16.9,71.3,10.3,1.2,0.2,0.1,27.8,11.5,6.9,18.4,2.8,2.6,19,2.6,5.7,2.6,24.1,43.2,32.7,60.9,37,0.8,0.3,0.2,0.8,62.9,5.8,23.7,8.6,6.9,16.3,0.3,0.4,0.8,37.1,2.8,34.3,33.3,6.3,60.4,5.7,29.6,64.7,79,0.9,0.3,2.3,3.7,11.8,1.6,0.2,0.1,0.2,100,79.1,71.7,7.3,20.8,19,1.8,0.2,37.5,25.2,33.7,1.5,6.1,1.5,39.1,2.4,13.3,5.4,5.4,2.5,35.8,29.9,51.7,16.5,2.2,14.3,1.8
17,MEGHALAYA,000,MEGHALAYA,00000,MEGHALAYA,000000,0000,State - MEGHALAYA,Rural,100,42.2,50.9,6.9,99.1,41.8,50.5,6.8,0.9,0.4,0.5,0.1,19.7,1.2,0.4,0.5,0.4,1.5,71.7,4.1,0.5,47.5,1.6,7.7,20.7,1.7,3.5,2.8,7.4,6.4,0.5,40.4,36.8,0.6,0.5,21.4,0.2,0.1,2.5,21.6,35.1,22.2,9.9,4.4,4.3,3.3,7.1,12,15.3,15.6,35.3,11.4,92.3,6,1.7,15.3,72.3,10.9,1.2,0.2,0.1,16.7,12,7.9,22.3,3.5,3,21.8,3.3,6.9,2.8,14.8,47.3,37.9,51.6,45.9,1,0.3,0.3,0.9,53.9,4.7,11.4,9.8,7.3,19.1,0.4,0.4,0.9,46.1,3.1,43.1,22,6.5,71.5,2.3,20.5,77.1,93.7,1,0.3,0.7,0.7,2.6,0.8,0.1,0.1,0.2,100,75.5,67.5,8,24.4,22.1,2.2,0.2,28.2,23.3,22.9,0.5,4,1.2,29.9,1.4,14.9,3.9,2.8,0.6,42.9,21.5,57,20.5,2.6,17.9,1
17,MEGHALAYA,000,MEGHALAYA,00000,MEGHALAYA,000000,0000,State - MEGHALAYA,Urban,100,69.5,27.7,2.7,98.5,68.7,27.2,2.7,1.5,0.9,0.6,0.1,2.6,0.4,0.2,0.1,0.6,2.4,59.7,32.8,1.2,13.1,0.7,3.9,16.5,2,5.1,1.9,16.4,36.7,3.7,9.4,24.2,0.3,0.6,63.4,1.9,0.2,0.8,21.6,28,20.9,12,6.7,10,4.9,8.6,14.2,19,17,28.2,8.2,44.2,50.6,5.2,22.8,67.6,8.1,1.3,0.2,0,68.1,9.4,3.5,4.5,0.4,1.5,8.8,0.3,1.4,2.1,57.7,28.4,13.9,94.9,4.4,0.1,0.1,0.2,0.3,95.7,9.7,68.7,4.5,5.8,6.5,0.2,0.3,0.1,4.3,1.9,2.4,74.2,5.7,20.1,17.9,62.5,19.7,25.8,0.4,0.1,8.1,14.8,45.6,4.5,0.4,0.1,0.2,100,92,87.1,4.9,7.7,7.4,0.3,0.2,71.3,32.1,72.7,5.2,13.8,2.6,72.7,5.7,7.6,10.8,14.5,9.5,9.9,60.7,32.5,2,0.7,1.2,4.8
17,MEGHALAYA,293,West Garo Hills,00000,West Garo Hills,000000,0000,District - West Garo Hills,Total,100,47.1,47.3,5.6,99.3,46.7,47,5.6,0.7,0.4,0.3,0,17.3,0.4,0.3,0.6,0.2,1.4,77,2.4,0.3,66.6,1.5,11.5,0.8,0.7,0.4,1.7,13.8,2.4,0.6,61.7,15.4,1.1,0.2,21.1,0.4,0,3,26.4,38.4,21.5,6,2.4,2.2,2.7,7.7,13.5,17.4,17.1,33.8,7.7,93.2,5.1,1.7,12.9,76,9.9,1,0.2,0,13.7,3.4,3.9,29.8,10.1,6.1,17.5,2.5,9.1,4,28.2,37,34.8,42.1,56.2,0.8,0.1,0,0.7,60.6,8.6,14.1,14.7,4.8,16.8,0.3,0.7,0.5,39.4,2.5,36.9,10.9,6.8,82.3,3.8,13.1,83.1,88,1.6,0.8,0.1,0.8,8.2,0.1,0.1,0.1,0.3,100,52.5,47.4,5.1,47.3,44.1,3.1,0.3,32.5,23.5,28.8,1.3,5.9,2.3,32.3,3,27,9,2.9,1.9,34.5,18.8,62.8,17.6,1.8,15.9,0.8
17,MEGHALAYA,293,West Garo Hills,00000,West Garo Hills,000000,0000,District - West Garo Hills,Rural,100,45.5,49,5.5,99.4,45.2,48.7,5.5,0.6,0.3,0.3,0,19.2,0.5,0.3,0.7,0.2,1.1,77.4,0.6,0.1,69.6,1.6,12.5,0.8,0.6,0.3,1.7,11.2,1.2,0.4,66.4,17.2,1.2,0.2,14.9,0.1,0,3.4,27.9,39.8,20.8,5.1,1.8,1.2,2.7,7.9,13.7,17.4,17.1,33.9,7.3,96.1,2.5,1.4,12.4,76.6,9.9,0.9,0.1,0,6.5,3.3,4.2,33.3,11.4,6.8,17.4,2.8,10,4.3,24.5,38.6,36.9,36,62.2,0.9,0.1,0,0.7,56.3,7.9,9.6,15.2,4.6,17.6,0.3,0.6,0.6,43.7,2.4,41.3,6.4,5.8,87.8,2.4,9.2,88.4,94.1,1.7,0.8,0.1,0.1,2.8,0,0.1,0.1,0.3,100,50.2,45.3,4.9,49.5,46.1,3.4,0.3,27.2,24.2,23.3,0.7,4.8,2.1,27.2,2.6,29.8,7.2,1.4,0.6,37.6,14.9,65,19.6,2,17.6,0.5
17,MEGHALAYA,293,West Garo Hills,00000,West Garo Hills,000000,0000,District - West Garo Hills,Urban,100,59.5,34.1,6.3,98.2,58.6,33.3,6.3,1.8,0.9,0.8,0,2.5,0.1,0.1,0.2,0.3,3.7,74.5,17.1,1.5,43.1,0.9,3,0.9,1.7,1.1,2,33.7,11.8,1.7,25.6,1.6,0.3,0.2,69.9,2.3,0.1,0.4,14.8,27.9,27.2,13.3,7.1,9.2,3.4,6.3,12.1,17,17.1,33.5,10.6,70.8,24.9,4.4,16.7,71.8,9.7,1.4,0.3,0.1,69.9,4,1.8,2.5,0,0.4,17.8,0.4,1.8,1.3,57.7,24.2,18.1,89.7,9.4,0.1,0.3,0,0.6,93.9,14,49.6,11.5,6.1,10.4,0.3,1.6,0.3,6.1,3.9,2.2,46,14.7,39.3,14.1,44,41.9,41,0.7,0.2,0.1,6.4,50.2,0.6,0.5,0,0.2,100,69.8,63.5,6.3,30,28.8,1.2,0.2,74.5,18.6,71.9,6.2,14.9,3.9,72.8,5.6,5.2,22.7,15.2,11.8,10.1,49.5,45.1,2.2,0.2,2.1,3.2
17,MEGHALAYA,293,West Garo Hills,01962,Selsella,000000,0000,Sub-Dist - Selsella,Total,100,39.6,52.6,7.8,99.4,39.3,52.4,7.7,0.6,0.4,0.2,0,9.5,0.4,0.1,0.4,0.1,1,87.7,0.7,0.1,64.7,1,11.4,0.8,0.4,0.3,4.8,15.2,0.9,0.3,76.2,8.8,1.6,0.2,13,0.1,0.1,4.7,36.2,36.1,15.9,4.3,1.5,1.2,2.6,8.1,14,17.4,17.2,33.5,7.2,96.2,2,1.8,11,77.2,10.3,1.3,0.2,0.1,3.4,1.1,4.7,35.7,18.1,17.3,7.2,2.4,3.6,6.4,36.1,33.9,29.9,37.9,60.9,0.2,0.1,0,0.8,53.8,6,8.7,17.7,4,16.3,0.5,0.4,0.1,46.2,2.3,43.9,8.5,7.2,84.3,2.2,7.7,90,92,3.1,0.8,0.1,0.1,3.3,0.1,0.1,0.1,0.4,100,54.7,49.5,5.2,44.9,38.8,6.1,0.4,24.1,15.4,20.5,0.6,5.1,1.5,34.1,1.6,23.3,5.8,1.3,0.6,42.6,21.6,68.3,9.8,1.6,8.2,0.4
17,MEGHALAYA,293,West Garo Hills,01962,Selsella,000000,0000,Sub-Dist - Selsella,Rural,100,39.6,52.6,7.8,99.4,39.3,52.4,7.7,0.6,0.4,0.2,0,9.5,0.4,0.1,0.4,0.1,1,87.7,0.7,0.1,64.7,1,11.4,0.8,0.4,0.3,4.8,15.2,0.9,0.3,76.2,8.8,1.6,0.2,13,0.1,0.1,4.7,36.2,36.1,15.9,4.3,1.5,1.2,2.6,8.1,14,17.4,17.2,33.5,7.2,96.2,2,1.8,11,77.2,10.3,1.3,0.2,0.1,3.4,1.1,4.7,35.7,18.1,17.3,7.2,2.4,3.6,6.4,36.1,33.9,29.9,37.9,60.9,0.2,0.1,0,0.8,53.8,6,8.7,17.7,4,16.3,0.5,0.4,0.1,46.2,2.3,43.9,8.5,7.2,84.3,2.2,7.7,90,92,3.1,0.8,0.1,0.1,3.3,0.1,0.1,0.1,0.4,100,54.7,49.5,5.2,44.9,38.8,6.1,0.4,24.1,15.4,20.5,0.6,5.1,1.5,34.1,1.6,23.3,5.8,1.3,0.6,42.6,21.6,68.3,9.8,1.6,8.2,0.4
17,MEGHALAYA,293,West Garo Hills,01963,Dadenggiri,000000,0000,Sub-Dist - Dadenggiri,Total,100,53.3,45.4,1.3,99.3,53,45,1.3,0.7,0.3,0.4,0,49,1,0.1,3.1,0.2,0.6,45.7,0.3,0,84.1,4.2,3.2,0.5,0.6,0.4,0.1,5.7,0.9,0.2,28.4,59.9,0.7,0,10.9,0.1,0.1,2.9,13.5,51.5,23.8,5.5,1.8,1.1,1.3,7.9,14.2,18.2,17.4,35.3,5.8,97.7,1.7,0.6,7.9,82,9.6,0.5,0,0,2.1,4.4,3.4,30.9,0.8,1.5,36,1.8,14.9,4.1,7.8,41.3,50.8,20,78.8,1.2,0,0,0,59.6,7.4,8.8,20.1,3,19.1,0.1,1.1,0,40.4,3.7,36.7,1.7,5.2,93.1,1.2,13.2,85.5,97.4,1.5,0.2,0,0,0.2,0.1,0,0,0.5,100,45.6,38.1,7.5,53.9,53.1,0.8,0.5,20.4,34.1,17.3,0.2,3.5,1.9,18,0.5,28.8,8.9,0.7,0.2,38.8,7.5,42.5,49.8,1,48.8,0.2
17,MEGHALAYA,293,West Garo Hills,01963,Dadenggiri,000000,0000,Sub-Dist - Dadenggiri,Rural,100,53.3,45.4,1.3,99.3,53,45,1.3,0.7,0.3,0.4,0,49,1,0.1,3.1,0.2,0.6,45.7,0.3,0,84.1,4.2,3.2,0.5,0.6,0.4,0.1,5.7,0.9,0.2,28.4,59.9,0.7,0,10.9,0.1,0.1,2.9,13.5,51.5,23.8,5.5,1.8,1.1,1.3,7.9,14.2,18.2,17.4,35.3,5.8,97.7,1.7,0.6,7.9,82,9.6,0.5,0,0,2.1,4.4,3.4,30.9,0.8,1.5,36,1.8,14.9,4.1,7.8,41.3,50.8,20,78.8,1.2,0,0,0,59.6,7.4,8.8,20.1,3,19.1,0.1,1.1,0,40.4,3.7,36.7,1.7,5.2,93.1,1.2,13.2,85.5,97.4,1.5,0.2,0,0,0.2,0.1,0,0,0.5,100,45.6,38.1,7.5,53.9,53.1,0.8,0.5,20.4,34.1,17.3,0.2,3.5,1.9,18,0.5,28.8,8.9,0.7,0.2,38.8,7.5,42.5,49.8,1,48.8,0.2
17,MEGHALAYA,293,West Garo Hills,01964,Tikrikilla,000000,0000,Sub-Dist - Tikrikilla,Total,100,52.9,39.1,8,99.3,52.6,38.8,7.9,0.7,0.2,0.3,0.2,34.8,0.5,0.2,0.2,0.1,0.5,62.8,0.4,0.4,71.3,0.9,11.6,1.3,1.1,0.5,0.3,9.3,3.7,0.2,70.3,15.1,1.5,0.1,12.8,0.2,0,4,23.6,43.7,18,7,2.1,1.6,1.8,8.4,14.2,18.2,18.5,32.8,6.1,97.8,1.9,0.3,11.2,77.1,10.4,1.2,0.1,0,4.7,1.6,3.7,51.7,13.6,5.8,14.3,0.6,2.3,1.8,32.5,43.8,23.7,27.1,69.4,1.6,0.7,0.1,1,61.9,12,11.1,14.9,6.4,16,0.2,0.4,1,38.1,2.9,35.2,8.1,8.7,83.1,2.5,18.2,79.3,93.3,1.5,0.6,0,0.1,4.1,0,0.1,0,0.2,100,74.3,69.9,4.4,25.5,23.6,1.9,0.2,29.9,30.6,23.8,0.6,6.1,3.1,26.5,3.5,57.4,7.5,1.3,0.8,24.7,14.6,49.8,35,5,30.1,0.6
17,MEGHALAYA,293,West Garo Hills,01964,Tikrikilla,000000,0000,Sub-Dist - Tikrikilla,Rural,100,52.9,39.1,8,99.3,52.6,38.8,7.9,0.7,0.2,0.3,0.2,34.8,0.5,0.2,0.2,0.1,0.5,62.8,0.4,0.4,71.3,0.9,11.6,1.3,1.1,0.5,0.3,9.3,3.7,0.2,70.3,15.1,1.5,0.1,12.8,0.2,0,4,23.6,43.7,18,7,2.1,1.6,1.8,8.4,14.2,18.2,18.5,32.8,6.1,97.8,1.9,0.3,11.2,77.1,10.4,1.2,0.1,0,4.7,1.6,3.7,51.7,13.6,5.8,14.3,0.6,2.3,1.8,32.5,43.8,23.7,27.1,69.4,1.6,0.7,0.1,1,61.9,12,11.1,14.9,6.4,16,0.2,0.4,1,38.1,2.9,35.2,8.1,8.7,83.1,2.5,18.2,79.3,93.3,1.5,0.6,0,0.1,4.1,0,0.1,0,0.2,100,74.3,69.9,4.4,25.5,23.6,1.9,0.2,29.9,30.6,23.8,0.6,6.1,3.1,26.5,3.5,57.4,7.5,1.3,0.8,24.7,14.6,49.8,35,5,30.1,0.6
17,MEGHALAYA,293,West Garo Hills,01965,Rongram,000000,0000,Sub-Dist - Rongram,Total,100,58.9,37,4.1,98.8,58.3,36.4,4.1,1.2,0.6,0.6,0,15.7,0.3,0.1,0.4,0.6,3.9,68.4,9.8,0.9,60.2,1.8,3.3,0.8,1.3,1,1.2,22.5,7.1,1.1,30.9,17.8,0.4,0.3,49.2,1.4,0.1,0.8,13.3,34.9,30,10,5.2,5.8,2.9,6.7,12.6,16.8,17.2,34.2,9.6,80.8,16.1,3.1,14.6,74.2,9.9,1.1,0.2,0,49.1,6.9,2.8,7.7,0.1,0.4,27.3,1.6,3.1,0.9,38.1,31.9,30.1,70.3,27.6,0.8,0.2,0.1,1.1,87.3,12.9,32.5,12.6,6.6,19.3,0.4,1.9,1.2,12.7,3.7,9,28.1,9.7,62.1,10.1,29.3,60.6,64.3,0.7,0.4,0.1,3.7,29.9,0.4,0.3,0,0.2,100,53.6,49.1,4.4,46.2,44.9,1.3,0.2,59.1,24.2,53.3,3.8,10.4,3.3,58.2,4.5,6.1,16.4,9.4,7,20,32.4,49.9,15.7,0.5,15.1,2
17,MEGHALAYA,293,West Garo Hills,01965,Rongram,000000,0000,Sub-Dist - Rongram,Rural,100,58.1,40.6,1.3,99.4,57.8,40.3,1.3,0.6,0.3,0.3,0,32.6,0.4,0.1,0.7,0.9,4.1,60.6,0.4,0.1,81.9,2.9,3.6,0.6,0.7,0.8,0.2,8.1,1,0.2,37.7,38.4,0.6,0.4,22.7,0.1,0,1.2,11.4,43.8,33.5,5.8,2.9,1.5,2.4,7.3,13.2,16.4,17.4,35.2,8.3,93.7,4.9,1.4,11.9,77.3,10.1,0.6,0.1,0,22.4,10.6,4.1,14.4,0.1,0.4,39.5,3.1,4.9,0.5,13,41.6,45.4,45.5,51,1.6,0.1,0.1,1.7,78.9,11.5,10.5,13.9,7.2,30.5,0.6,2.3,2.4,21.1,3.4,17.6,5.2,3.4,91.3,5,10.5,84.5,94.1,0.8,0.7,0,0.2,3.8,0,0.1,0,0.2,100,32.8,30.8,2.1,67,65.5,1.4,0.2,39.4,31.4,29.6,0.7,4.7,2.7,39.6,3.1,7.2,8.4,2.1,0.9,32.6,10.6,56.2,32.8,1.1,31.8,0.4
17,MEGHALAYA,293,West Garo Hills,01965,Rongram,000000,0000,Sub-Dist - Rongram,Urban,100,59.5,34.1,6.3,98.2,58.6,33.3,6.3,1.8,0.9,0.8,0,2.5,0.1,0.1,0.2,0.3,3.7,74.5,17.1,1.5,43.1,0.9,3,0.9,1.7,1.1,2,33.7,11.8,1.7,25.6,1.6,0.3,0.2,69.9,2.3,0.1,0.4,14.8,27.9,27.2,13.3,7.1,9.2,3.4,6.3,12.1,17,17.1,33.5,10.6,70.8,24.9,4.4,16.7,71.8,9.7,1.4,0.3,0.1,69.9,4,1.8,2.5,0,0.4,17.8,0.4,1.8,1.3,57.7,24.2,18.1,89.7,9.4,0.1,0.3,0,0.6,93.9,14,49.6,11.5,6.1,10.4,0.3,1.6,0.3,6.1,3.9,2.2,46,14.7,39.3,14.1,44,41.9,41,0.7,0.2,0.1,6.4,50.2,0.6,0.5,0,0.2,100,69.8,63.5,6.3,30,28.8,1.2,0.2,74.5,18.6,71.9,6.2,14.9,3.9,72.8,5.6,5.2,22.7,15.2,11.8,10.1,49.5,45.1,2.2,0.2,2.1,3.2
17,MEGHALAYA,293,West Garo Hills,01966,Betasing,000000,0000,Sub-Dist - Betasing,Total,100,51.2,43.6,5.2,99.4,51,43.2,5.2,0.6,0.2,0.4,0,8.7,0.3,0.9,0.1,0.2,1.1,88.2,0.5,0.1,61.1,1.3,23.5,0.8,0.3,0.1,0.4,11,0.5,0.8,70.7,13.7,1.6,0.1,13.8,0.1,0,3.1,28.1,38.3,22.9,5,1.5,1.1,2.7,7.5,13.1,17.1,17.4,34.4,7.6,95.4,3.8,0.8,16.4,72.4,9.9,1.1,0.1,0,6,2.9,6,41.8,2,3.7,16,1.1,18.9,1.6,14,50.6,35.4,38.5,59.6,1.5,0,0,0.4,47.8,6.7,9.5,14.4,3,13.7,0.1,0,0.3,52.2,1.4,50.8,3,2.9,94.1,1.4,6.9,91.7,95.2,1,2.4,0.1,0.1,0.9,0.1,0,0,0.2,100,35.7,31.2,4.5,64.1,61.3,2.7,0.2,25.6,29.8,26.4,1.1,6.8,2.3,23.2,4.7,33,7.3,1.6,0.7,34.5,12.3,77.8,9,1.3,7.7,0.8
17,MEGHALAYA,293,West Garo Hills,01966,Betasing,000000,0000,Sub-Dist - Betasing,Rural,100,51.2,43.6,5.2,99.4,51,43.2,5.2,0.6,0.2,0.4,0,8.7,0.3,0.9,0.1,0.2,1.1,88.2,0.5,0.1,61.1,1.3,23.5,0.8,0.3,0.1,0.4,11,0.5,0.8,70.7,13.7,1.6,0.1,13.8,0.1,0,3.1,28.1,38.3,22.9,5,1.5,1.1,2.7,7.5,13.1,17.1,17.4,34.4,7.6,95.4,3.8,0.8,16.4,72.4,9.9,1.1,0.1,0,6,2.9,6,41.8,2,3.7,16,1.1,18.9,1.6,14,50.6,35.4,38.5,59.6,1.5,0,0,0.4,47.8,6.7,9.5,14.4,3,13.7,0.1,0,0.3,52.2,1.4,50.8,3,2.9,94.1,1.4,6.9,91.7,95.2,1,2.4,0.1,0.1,0.9,0.1,0,0,0.2,100,35.7,31.2,4.5,64.1,61.3,2.7,0.2,25.6,29.8,26.4,1.1,6.8,2.3,23.2,4.7,33,7.3,1.6,0.7,34.5,12.3,77.8,9,1.3,7.7,0.8
17,MEGHALAYA,293,West Garo Hills,01967,Zikzak,000000,0000,Sub-Dist - Zikzak,Total,100,30,63.9,6.1,99.5,29.7,63.7,6.1,0.5,0.3,0.2,0,6.2,0.2,0.4,0,0,0.5,91.9,0.7,0,68.2,0.7,14.6,0.6,0.4,0.2,0.3,12.8,1.4,0.7,77.8,6.5,0.9,0.2,14.6,0.1,0,3,39.8,37.6,14.3,3.6,1,0.7,4.6,9.3,14.8,18.2,16.6,30.8,5.7,97.2,1.1,1.7,15.3,77.7,6.7,0.3,0,0,2.9,1.3,2.6,26.9,28.9,0.5,8.6,0.4,23.7,4.3,30.9,35.3,33.8,38.6,61,0.1,0,0,0.2,42.3,2.8,11.1,5.6,5,16.6,0.1,0.6,0.5,57.7,1,56.6,8.4,5.5,86,1.5,5.3,93.2,95.8,0.3,0.1,0,0.1,3.2,0.1,0.1,0.1,0.1,100,45,39.3,5.7,54.8,51.5,3.4,0.1,32.7,17,23.3,0.2,1.7,1.7,19.4,1.6,40.4,7.1,1.1,0.3,41.3,15.1,77.7,6.4,1,5.4,0.7
17,MEGHALAYA,293,West Garo Hills,01967,Zikzak,000000,0000,Sub-Dist - Zikzak,Rural,100,30,63.9,6.1,99.5,29.7,63.7,6.1,0.5,0.3,0.2,0,6.2,0.2,0.4,0,0,0.5,91.9,0.7,0,68.2,0.7,14.6,0.6,0.4,0.2,0.3,12.8,1.4,0.7,77.8,6.5,0.9,0.2,14.6,0.1,0,3,39.8,37.6,14.3,3.6,1,0.7,4.6,9.3,14.8,18.2,16.6,30.8,5.7,97.2,1.1,1.7,15.3,77.7,6.7,0.3,0,0,2.9,1.3,2.6,26.9,28.9,0.5,8.6,0.4,23.7,4.3,30.9,35.3,33.8,38.6,61,0.1,0,0,0.2,42.3,2.8,11.1,5.6,5,16.6,0.1,0.6,0.5,57.7,1,56.6,8.4,5.5,86,1.5,5.3,93.2,95.8,0.3,0.1,0,0.1,3.2,0.1,0.1,0.1,0.1,100,45,39.3,5.7,54.8,51.5,3.4,0.1,32.7,17,23.3,0.2,1.7,1.7,19.4,1.6,40.4,7.1,1.1,0.3,41.3,15.1,77.7,6.4,1,5.4,0.7
17,MEGHALAYA,293,West Garo Hills,01968,Gambegre,000000,0000,Sub-Dist - Gambegre,Total,100,58.1,39,2.9,99.8,58,39,2.9,0.2,0.2,0.1,0,33.1,1.4,0.7,0.5,0.3,0.2,63,0.7,0,81.6,2.8,7.3,1.4,1,0.3,0,4.8,0.3,0.4,57.3,25.2,0.6,0.3,16.4,0.2,0,3.5,14.9,36.2,32.1,7.8,3.3,2.1,1.8,5.1,10.8,15.2,15.2,40.4,11.5,98.1,0.5,1.4,11.7,75.6,11.8,0.7,0.2,0,10.9,9.5,1.6,10.4,0,0.2,36.2,7.4,11.3,12.5,8.3,32.8,58.9,33,65.3,0.6,0,0,1.1,62.5,14.3,6.6,15.5,4.5,20.4,0.3,0,0.9,37.5,3.3,34.2,2.1,8.4,89.5,3.5,11.5,85,97.9,1.4,0.1,0,0,0.4,0,0,0,0.1,100,44.5,40.3,4.2,55.4,54,1.4,0.1,20.1,36.7,23.8,0.4,4.4,1.3,23.5,1.4,16,7.3,1.1,0.3,39.2,6.4,58.8,34.3,2.1,32.3,0.5
17,MEGHALAYA,293,West Garo Hills,01968,Gambegre,000000,0000,Sub-Dist - Gambegre,Rural,100,58.1,39,2.9,99.8,58,39,2.9,0.2,0.2,0.1,0,33.1,1.4,0.7,0.5,0.3,0.2,63,0.7,0,81.6,2.8,7.3,1.4,1,0.3,0,4.8,0.3,0.4,57.3,25.2,0.6,0.3,16.4,0.2,0,3.5,14.9,36.2,32.1,7.8,3.3,2.1,1.8,5.1,10.8,15.2,15.2,40.4,11.5,98.1,0.5,1.4,11.7,75.6,11.8,0.7,0.2,0,10.9,9.5,1.6,10.4,0,0.2,36.2,7.4,11.3,12.5,8.3,32.8,58.9,33,65.3,0.6,0,0,1.1,62.5,14.3,6.6,15.5,4.5,20.4,0.3,0,0.9,37.5,3.3,34.2,2.1,8.4,89.5,3.5,11.5,85,97.9,1.4,0.1,0,0,0.4,0,0,0,0.1,100,44.5,40.3,4.2,55.4,54,1.4,0.1,20.1,36.7,23.8,0.4,4.4,1.3,23.5,1.4,16,7.3,1.1,0.3,39.2,6.4,58.8,34.3,2.1,32.3,0.5
17,MEGHALAYA,293,West Garo Hills,01969,Dalu,000000,0000,Sub-Dist - Dalu,Total,100,45.3,50.6,4.1,99.5,44.9,50.5,4.1,0.5,0.4,0.1,0,22.1,0.4,0.3,1.9,0.1,0.5,74.3,0.4,0,66,2.1,19.6,0.7,0.7,0.2,0.2,9.4,0.7,0.5,72.4,7,1,0.2,19.3,0.1,0,1.9,23.6,41.1,24.9,5.5,1.7,1.4,2.7,7.1,13.2,17.7,16.4,33.9,9,93.1,4.6,2.3,13.8,73.6,11.3,1,0.2,0,8.8,3.8,4.9,38.1,0.5,0.8,20.8,10.3,8.8,3.2,15.5,35.4,49.1,36.7,60.8,2.4,0.1,0,0,60.5,12.2,9.5,19.3,4.6,13.8,0.5,0.2,0.4,39.5,2.6,36.9,6.8,3.3,89.9,3.6,6.4,90,92.8,1.2,1.2,0.1,0.2,4.3,0,0.2,0.1,0.1,100,61.3,55.8,5.5,38.6,36.5,2.1,0.1,24.2,27,25.2,1.9,5.7,3.2,17.3,5.9,33.3,9.1,1.8,0.8,37.6,11,66,22.5,3.9,18.5,0.5
17,MEGHALAYA,293,West Garo Hills,01969,Dalu,000000,0000,Sub-Dist - Dalu,Rural,100,45.3,50.6,4.1,99.5,44.9,50.5,4.1,0.5,0.4,0.1,0,22.1,0.4,0.3,1.9,0.1,0.5,74.3,0.4,0,66,2.1,19.6,0.7,0.7,0.2,0.2,9.4,0.7,0.5,72.4,7,1,0.2,19.3,0.1,0,1.9,23.6,41.1,24.9,5.5,1.7,1.4,2.7,7.1,13.2,17.7,16.4,33.9,9,93.1,4.6,2.3,13.8,73.6,11.3,1,0.2,0,8.8,3.8,4.9,38.1,0.5,0.8,20.8,10.3,8.8,3.2,15.5,35.4,49.1,36.7,60.8,2.4,0.1,0,0,60.5,12.2,9.5,19.3,4.6,13.8,0.5,0.2,0.4,39.5,2.6,36.9,6.8,3.3,89.9,3.6,6.4,90,92.8,1.2,1.2,0.1,0.2,4.3,0,0.2,0.1,0.1,100,61.3,55.8,5.5,38.6,36.5,2.1,0.1,24.2,27,25.2,1.9,5.7,3.2,17.3,5.9,33.3,9.1,1.8,0.8,37.6,11,66,22.5,3.9,18.5,0.5
17,MEGHALAYA,294,East Garo Hills,00000,East Garo Hills,000000,0000,District - East Garo Hills,Total,100,48.7,48,3.3,99.2,48.4,47.6,3.2,0.8,0.3,0.4,0,31.7,1.1,0.2,0.3,0.1,1.2,64.7,0.7,0.1,82.8,1.3,2.1,0.9,0.7,0.3,0.2,9.7,1.5,0.4,66.7,14.7,0.7,0.2,17.5,0.1,0,0.9,22.5,42,22.9,7,2.5,2.2,1.7,7,12.7,16.5,16.7,35.9,9.6,95.8,3.6,0.6,9.6,78.6,11,0.8,0.1,0,9.2,8.9,2.7,38.9,0.3,0.6,36.8,1.5,0.5,0.7,27.4,49.2,23.4,42.8,55.4,1,0.2,0.1,0.5,81.7,8.5,9.5,22.9,5.7,34.1,0.3,0.1,0.6,18.3,2.8,15.5,6.8,7,86.2,2.6,11.4,85.9,95.6,0.5,0.2,0,0.2,3.2,0.1,0,0,0.1,100,53,49,4,46.9,45.5,1.4,0.1,23.7,25.3,26.4,0.5,3.6,1.8,23.7,1.2,38.8,8.3,2,1,35.3,12.4,54.5,32.6,0.4,32.3,0.5
17,MEGHALAYA,294,East Garo Hills,00000,East Garo Hills,000000,0000,District - East Garo Hills,Rural,100,47.5,48.9,3.6,99.2,47.2,48.4,3.6,0.8,0.3,0.4,0,36,1.1,0.2,0.3,0.1,1.1,60.7,0.4,0.1,85.3,1.4,2.2,1,0.6,0.3,0.1,7.8,0.9,0.3,68.7,16.8,0.7,0.2,13.5,0.1,0.1,1,23.4,44,22,6,2,1.6,1.3,7.1,13,16.7,16.6,36,9.3,98.1,1.4,0.5,8.7,79.5,11,0.7,0.1,0,5.3,9.3,1.9,38.7,0.1,0.2,41.7,1.6,0.5,0.7,21.6,53.3,25.1,35.5,62.6,1.1,0.2,0.2,0.5,79.3,7.3,6.5,23.6,4.6,36.1,0.3,0.2,0.7,20.7,3,17.6,3.1,5.8,91.1,1.3,9.3,89.4,98.5,0.5,0.1,0,0.1,0.6,0,0,0,0.1,100,51.9,48,3.9,48,46.4,1.6,0.1,19.4,26.2,21.2,0.3,2.8,1.3,18.6,1.1,37.5,6,1.1,0.3,38.7,9.6,52.9,37,0.5,36.5,0.5
17,MEGHALAYA,294,East Garo Hills,00000,East Garo Hills,000000,0000,District - East Garo Hills,Urban,100,56.5,42.3,1.2,99.3,56.1,42,1.2,0.7,0.4,0.3,0,4.1,0.8,0.1,0.2,0.2,1.8,90.2,2.7,0,66.6,0.7,1.6,0.4,1.4,0.6,0.9,21.8,5.3,0.7,54,1.4,0.8,0.2,43.2,0.4,0,0.2,16.3,29.2,28.7,13.4,6,6.2,4,5.8,11,15.4,17,35.2,11.5,81,17.7,1.3,15.5,72.6,10.4,1.3,0.3,0,33.8,5.9,8,40.6,1.1,2.8,5.5,0.9,0.1,1.3,64.3,23.2,12.6,89.8,9.4,0.1,0.1,0,0.6,96.7,16.1,28.3,18,12.7,21.5,0.1,0,0,3.3,1.3,2.1,30.2,15.2,54.6,10.8,25.2,64,77.2,0.5,0.3,0,1.1,19.7,0.8,0.2,0,0.2,100,59.4,54.9,4.5,40.4,40.1,0.3,0.2,51.3,19.8,59.5,2.1,9.1,5.1,55.9,2.2,47.1,22.5,7.9,4.9,13.7,29.9,64.6,4.8,0,4.7,0.7
17,MEGHALAYA,294,East Garo Hills,01970,Resubelpara,000000,0000,Sub-Dist - Resubelpara,Total,100,46.9,50,3.1,99.1,46.7,49.4,3.1,0.9,0.2,0.6,0,28.1,1.7,0.1,0.6,0.1,1.3,67.2,0.7,0.1,80.3,0.5,3.9,0.6,1.1,0.4,0.3,10.9,1.2,0.8,71.6,9.4,0.9,0.2,17.7,0.1,0,0.5,18.3,44,22.6,8.8,3.2,2.6,1.5,6.3,12.9,17.5,17.3,35.4,9,96.2,3,0.7,11,75.8,12.2,0.9,0.1,0,4.6,3.9,4.3,60.9,0.5,1.2,23,0.3,0.3,0.9,43.1,46.4,10.5,56.5,42,0.6,0.4,0,0.6,88.8,5.4,9.5,27.9,8.7,35.6,0.1,0,1.5,11.2,0.6,10.6,8.4,9.5,82.2,3.8,15.9,80.3,96.2,0.5,0.2,0,0.1,2.7,0.1,0.1,0,0.1,100,66.9,62.7,4.2,33,31.6,1.4,0.1,25.2,24.6,31.1,0.6,3.7,2.7,27.8,1.8,59.1,11.7,2,1,24.5,13.8,55.7,29.6,0.5,29.2,0.9
17,MEGHALAYA,294,East Garo Hills,01970,Resubelpara,000000,0000,Sub-Dist - Resubelpara,Rural,100,44.7,51.7,3.5,99.1,44.6,51,3.5,0.9,0.2,0.7,0,33.1,2,0.1,0.8,0,1.4,62,0.4,0.1,83.4,0.6,4.5,0.5,0.7,0.3,0.1,8.3,0.9,0.7,73.3,11.3,1,0.2,14.1,0.1,0.1,0.6,18.6,47.2,22.1,7.3,2.4,1.8,1,6.5,13.3,17.8,17.3,35.3,8.8,98.4,1,0.5,9.8,77,12.4,0.8,0.1,0,3.7,4.1,3.2,59.8,0.2,0.3,27.1,0.4,0.3,0.9,35.4,52.8,11.8,48.9,49.4,0.7,0.4,0,0.6,86.4,4.6,6.3,30.7,6.6,36.3,0.1,0,1.9,13.6,0.6,13,3.8,7,89.2,2.6,13.4,84.1,98.4,0.5,0.1,0,0,0.8,0,0,0,0.1,100,64.4,60.5,3.9,35.5,33.8,1.7,0.1,21.2,24.9,26.9,0.4,2.8,1.8,23.5,1.5,56.5,8.8,1.3,0.5,27.4,10.2,54.1,34.8,0.6,34.2,0.9
17,MEGHALAYA,294,East Garo Hills,01970,Resubelpara,000000,0000,Sub-Dist - Resubelpara,Urban,100,56.4,42.5,1.1,99.1,55.7,42.2,1.1,0.9,0.7,0.3,0,6.5,0.7,0.1,0,0.1,0.8,90,1.8,0,66.9,0.3,1.6,0.7,2.8,0.9,1.1,22.5,2.3,0.9,64,1.3,0.9,0.2,33.4,0.3,0,0.3,16.9,30.3,24.6,15.1,6.4,6.4,3.6,5.3,11.3,16.2,17.3,36.2,10.1,86.6,11.9,1.5,16.4,70.5,11.3,1.4,0.4,0,8.8,2.7,9.4,65.5,2.2,5.3,4.9,0.1,0,1.1,76.6,18.6,4.8,89.8,9.4,0.1,0.1,0,0.5,98.9,8.8,23.6,15.7,18,32.5,0.3,0,0,1.1,0.7,0.4,28.5,20.2,51.2,9.4,27,63.6,86.8,0.5,0.2,0,0.5,11.3,0.2,0.3,0,0.1,100,77.6,72.1,5.5,22.3,22.3,0,0.1,42.7,23.4,49.7,1.4,7.8,6.9,46.6,2.9,70.4,24,5.3,3.6,11.9,29.5,62.6,7,0,7,0.9
17,MEGHALAYA,294,East Garo Hills,01971,Dambo Rongjeng,000000,0000,Sub-Dist - Dambo Rongjeng,Total,100,55.8,40.6,3.6,99.2,55.3,40.4,3.5,0.8,0.5,0.2,0.1,35,0.2,0.8,0,0.1,1.8,61.4,0.5,0.2,86.1,2,1.3,1.6,0.6,0.1,0.2,7,0.8,0.3,70.7,15.7,0.4,0.3,12.7,0.1,0.1,2,40.5,38.4,13.7,3.7,1,0.5,1.3,6.9,12.3,15.2,15.2,37.1,11.9,96.9,2.7,0.4,8.3,78.1,12.8,0.6,0.2,0,3.8,13.2,1.2,26.9,0,0.2,52.8,1.2,0.3,0.3,10.4,61,28.6,24.7,74.2,0.4,0,0.2,0.5,76.4,4.3,5.5,20.9,5.5,39.7,0.4,0.2,0.1,23.6,0.8,22.8,2.2,4.1,93.8,0.9,5.5,93.6,97.6,0.7,0,0,0.3,1.3,0,0,0,0.1,100,77.3,72.7,4.6,22.7,20.9,1.7,0.1,13.3,25.8,13.9,0.2,3.9,1.1,10.9,1,18.9,3.7,1.1,0.3,53.9,8.6,55.6,35.2,0.4,34.8,0.5
17,MEGHALAYA,294,East Garo Hills,01971,Dambo Rongjeng,000000,0000,Sub-Dist - Dambo Rongjeng,Rural,100,55.8,40.6,3.6,99.2,55.3,40.4,3.5,0.8,0.5,0.2,0.1,35,0.2,0.8,0,0.1,1.8,61.4,0.5,0.2,86.1,2,1.3,1.6,0.6,0.1,0.2,7,0.8,0.3,70.7,15.7,0.4,0.3,12.7,0.1,0.1,2,40.5,38.4,13.7,3.7,1,0.5,1.3,6.9,12.3,15.2,15.2,37.1,11.9,96.9,2.7,0.4,8.3,78.1,12.8,0.6,0.2,0,3.8,13.2,1.2,26.9,0,0.2,52.8,1.2,0.3,0.3,10.4,61,28.6,24.7,74.2,0.4,0,0.2,0.5,76.4,4.3,5.5,20.9,5.5,39.7,0.4,0.2,0.1,23.6,0.8,22.8,2.2,4.1,93.8,0.9,5.5,93.6,97.6,0.7,0,0,0.3,1.3,0,0,0,0.1,100,77.3,72.7,4.6,22.7,20.9,1.7,0.1,13.3,25.8,13.9,0.2,3.9,1.1,10.9,1,18.9,3.7,1.1,0.3,53.9,8.6,55.6,35.2,0.4,34.8,0.5
17,MEGHALAYA,294,East Garo Hills,01972,Kharkutta,000000,0000,Sub-Dist - Kharkutta,Total,100,32.7,62,5.3,99.3,32.5,61.5,5.3,0.7,0.3,0.4,0,28.9,0.7,0,0.1,0,0.3,69.5,0.4,0,82,0.6,1.4,0.8,1,0.5,0.2,12.2,1.1,0.1,76.8,5.4,1.1,0.1,16.4,0.1,0.1,0.5,28.3,37.4,19.6,8.1,3.2,3,1.3,5.8,12.2,16.9,17.6,36.9,9.4,98.4,0.9,0.6,8,79.7,11.3,0.9,0.1,0,3.6,8.6,1.8,49.6,0.1,0.3,35,0.1,0.3,0.6,23.8,48.5,27.7,33.7,66,0.2,0,0,0.1,82,7.9,7.3,13.3,2.9,49.6,0.2,0.7,0.1,18,5,13,4.9,8.3,86.8,0.5,7.7,91.7,99,0.4,0.1,0,0.1,0.3,0,0,0,0.1,100,43.8,40.2,3.6,56.2,55.3,0.8,0.1,22.5,28.4,23.4,0.2,1.7,1.4,20.7,1.2,58.2,7.4,1.2,0.4,28,15,55.4,29.5,0.2,29.3,0.2
17,MEGHALAYA,294,East Garo Hills,01972,Kharkutta,000000,0000,Sub-Dist - Kharkutta,Rural,100,32.7,62,5.3,99.3,32.5,61.5,5.3,0.7,0.3,0.4,0,28.9,0.7,0,0.1,0,0.3,69.5,0.4,0,82,0.6,1.4,0.8,1,0.5,0.2,12.2,1.1,0.1,76.8,5.4,1.1,0.1,16.4,0.1,0.1,0.5,28.3,37.4,19.6,8.1,3.2,3,1.3,5.8,12.2,16.9,17.6,36.9,9.4,98.4,0.9,0.6,8,79.7,11.3,0.9,0.1,0,3.6,8.6,1.8,49.6,0.1,0.3,35,0.1,0.3,0.6,23.8,48.5,27.7,33.7,66,0.2,0,0,0.1,82,7.9,7.3,13.3,2.9,49.6,0.2,0.7,0.1,18,5,13,4.9,8.3,86.8,0.5,7.7,91.7,99,0.4,0.1,0,0.1,0.3,0,0,0,0.1,100,43.8,40.2,3.6,56.2,55.3,0.8,0.1,22.5,28.4,23.4,0.2,1.7,1.4,20.7,1.2,58.2,7.4,1.2,0.4,28,15,55.4,29.5,0.2,29.3,0.2
17,MEGHALAYA,294,East Garo Hills,01973,Songsak,000000,0000,Sub-Dist - Songsak,Total,100,52.2,45.6,2.2,99.4,51.8,45.4,2.2,0.6,0.4,0.2,0,55.2,1,0,0.4,0.3,0.6,42.3,0.2,0,89.3,2.4,1.2,1.3,0.4,0.3,0.1,4.5,0.6,0.1,63.3,27.6,0.2,0.1,8.7,0.1,0,1.6,19.4,50.3,21.5,4.5,1.4,1.3,1.4,9.1,14.2,16.9,16.2,35.4,6.8,98.7,1.1,0.2,7.6,83.7,8.1,0.5,0,0,5.6,14,0.8,25.2,0,0.1,51.4,0.6,1.3,0.9,15,59.8,25.2,23.2,73.8,1.9,0,0.1,1.1,68.6,9,4.3,19.8,1.9,32.9,0.6,0,0.2,31.4,8.4,22.9,1.4,4.9,93.7,0.6,10.1,89.3,98.8,0.6,0.2,0,0.1,0.2,0.1,0,0,0.1,100,27.4,23.3,4,72.6,70.7,1.9,0.1,15.6,27.7,13.6,0.2,2.6,0.7,12.3,0.5,22.8,3.8,0.7,0.2,48.5,5.7,38.1,56.1,0.9,55.2,0.1
17,MEGHALAYA,294,East Garo Hills,01973,Songsak,000000,0000,Sub-Dist - Songsak,Rural,100,52.2,45.6,2.2,99.4,51.8,45.4,2.2,0.6,0.4,0.2,0,55.2,1,0,0.4,0.3,0.6,42.3,0.2,0,89.3,2.4,1.2,1.3,0.4,0.3,0.1,4.5,0.6,0.1,63.3,27.6,0.2,0.1,8.7,0.1,0,1.6,19.4,50.3,21.5,4.5,1.4,1.3,1.4,9.1,14.2,16.9,16.2,35.4,6.8,98.7,1.1,0.2,7.6,83.7,8.1,0.5,0,0,5.6,14,0.8,25.2,0,0.1,51.4,0.6,1.3,0.9,15,59.8,25.2,23.2,73.8,1.9,0,0.1,1.1,68.6,9,4.3,19.8,1.9,32.9,0.6,0,0.2,31.4,8.4,22.9,1.4,4.9,93.7,0.6,10.1,89.3,98.8,0.6,0.2,0,0.1,0.2,0.1,0,0,0.1,100,27.4,23.3,4,72.6,70.7,1.9,0.1,15.6,27.7,13.6,0.2,2.6,0.7,12.3,0.5,22.8,3.8,0.7,0.2,48.5,5.7,38.1,56.1,0.9,55.2,0.1
17,MEGHALAYA,294,East Garo Hills,01974,Samanda,000000,0000,Sub-Dist - Samanda,Total,100,57,40.5,2.5,99.3,56.6,40.2,2.5,0.7,0.3,0.4,0.1,14.6,0.9,0.1,0.1,0.1,1.7,80.8,1.6,0,78.7,1.9,1,0.5,0.2,0.2,0.4,12.9,4.1,0.3,47.8,19.5,0.6,0.3,31.6,0.3,0,0.5,11.3,37.2,36.2,8.1,3.3,3.4,2.9,7.3,11.8,15.3,16.4,35.2,11.3,88.8,10.4,0.9,11.5,78.2,9.4,0.8,0.1,0,31.5,9.2,3.5,12.4,0.5,0.4,35.1,6.3,0.3,0.7,29.1,33.4,37.5,61.7,35.3,2.2,0.1,0.5,0.3,85.9,18.1,20.3,27,6.7,13.3,0.1,0,0.5,14.1,1.1,13,15.1,6.1,78.8,5.8,13.2,81,86.2,0.4,0.3,0,0.8,11.6,0.6,0,0,0.1,100,37.9,34.6,3.3,61.9,60.7,1.3,0.1,39.9,21.1,44.4,1.3,5.9,2.2,41.8,1.2,16.8,11.3,5,2.8,32.1,17.6,66.7,15.4,0,15.4,0.3
17,MEGHALAYA,294,East Garo Hills,01974,Samanda,000000,0000,Sub-Dist - Samanda,Rural,100,57.2,39.4,3.4,99.1,56.8,39,3.3,0.9,0.4,0.4,0.1,23.8,0.9,0.1,0,0,1,73.9,0.3,0,87.7,2.6,0.6,0.7,0.2,0,0.2,6.6,1.3,0.1,49.3,32.7,0.5,0.3,17.1,0.1,0,0.7,8,43.8,39.3,5.2,1.6,1.4,1.8,8,12.5,15.6,16,35.7,10.2,97.9,1.4,0.6,9.1,81.1,9.2,0.5,0.1,0,14.5,9.8,1.1,7,0.7,0.2,56.4,9.8,0.3,0.1,10.8,38.1,51.1,41.2,54.2,3.8,0.1,0.8,0,79.4,15.2,11.6,32.2,5.5,13.9,0.1,0,0.9,20.6,0.6,20,3,2.5,94.5,1.3,5.5,93.2,98.7,0.2,0.3,0,0.1,0.4,0.1,0,0,0,100,33.3,30.3,3.1,66.6,64.9,1.8,0,26.3,24.2,27.2,0.3,2.7,1.1,25.7,1,8.8,4,1.3,0.4,44.6,8.3,67,24.6,0,24.6,0.2
17,MEGHALAYA,294,East Garo Hills,01974,Samanda,000000,0000,Sub-Dist - Samanda,Urban,100,56.6,42.1,1.3,99.5,56.5,41.8,1.3,0.5,0.2,0.3,0,2.1,0.9,0.1,0.3,0.3,2.6,90.3,3.5,0,66.5,1,1.6,0.1,0.2,0.4,0.6,21.3,7.8,0.5,45.8,1.5,0.7,0.2,51.4,0.4,0,0.2,15.8,28.3,32,11.9,5.7,6.1,4.3,6.2,10.8,14.7,16.8,34.4,12.7,76.3,22.5,1.2,14.7,74.3,9.7,1.1,0.1,0,54.6,8.5,6.8,19.8,0.3,0.7,6,1.5,0.2,1.6,54,27,19,89.8,9.4,0.1,0.1,0,0.6,94.8,22.1,32.2,19.9,8.2,12.4,0,0,0,5.2,1.7,3.5,31.6,11,57.4,11.9,23.7,64.3,69.2,0.6,0.3,0,1.6,26.7,1.3,0,0,0.3,100,44.2,40.5,3.7,55.5,54.9,0.5,0.3,58.4,16.8,67.7,2.7,10.2,3.6,63.6,1.5,27.7,21.1,10.1,6,15.1,30.3,66.3,2.9,0,2.9,0.5
17,MEGHALAYA,295,South Garo Hills,00000,South Garo Hills,000000,0000,District - South Garo Hills,Total,100,45.8,50.3,3.8,99.2,45.5,49.9,3.8,0.8,0.3,0.4,0,14.8,1.1,0.3,0.3,0.3,0.9,81.4,0.9,0,79,2,6.9,1.4,0.6,0.2,1.1,6.8,1.3,0.7,54.3,25.9,0.3,0.4,19,0.1,0,2.2,15.6,40,30.2,7.7,2.7,1.7,2.8,6.4,10.7,14.4,15.6,36.9,13.2,94.9,3.6,1.5,11.5,73,13.9,1.3,0.3,0.1,15,11.9,1.8,11.8,0.1,0.3,45.7,9.9,2.4,1.2,11.2,45.7,43,45.2,51,2.2,0.1,0.1,1.4,65.7,11.1,10.2,16.6,8.2,16.8,0.4,0.9,1.5,34.3,4.8,29.4,4.3,5.4,90.3,2.6,13,84.4,94.8,1,0.5,0.1,1,2,0.2,0.2,0,0.2,100,51.9,46.7,5.2,47.9,45.2,2.7,0.2,19.9,29.8,27.8,0.7,6,1.5,22.3,1.9,10.7,7,2.9,0.8,39.7,9.9,73.6,15.8,1,14.8,0.8
17,MEGHALAYA,295,South Garo Hills,00000,South Garo Hills,000000,0000,District - South Garo Hills,Rural,100,44.8,51.2,4,99.2,44.5,50.8,3.9,0.8,0.3,0.5,0,16.2,1.2,0.3,0.3,0.4,0.7,80.2,0.7,0.1,81.8,2,7.2,1.5,0.5,0.2,0.6,4.4,1.2,0.5,56.4,27.4,0.3,0.4,15.4,0.1,0,2.4,15,41,30.7,7.2,2.4,1.3,2.2,6.3,10.7,14.6,15.7,37.4,13.1,96.5,2.4,1,10.7,73.7,13.9,1.3,0.3,0.1,14,12.6,1.4,11.4,0.1,0.3,45.3,10.8,2.6,1.3,10.2,46.3,43.5,41.3,54.6,2.4,0.1,0.1,1.5,63.4,10.4,7.9,16.6,8.2,17.4,0.4,1,1.5,36.6,5.1,31.5,2.6,4.7,92.7,2.3,10.1,87.6,97.1,0.9,0.5,0,0.5,0.5,0.1,0.1,0,0.2,100,50.6,45.5,5.1,49.2,46.3,2.8,0.2,16,31.4,24.9,0.5,5.2,1.3,18.7,1.8,10.7,6.1,2.3,0.5,42,7,75.1,17.3,1.1,16.2,0.5
17,MEGHALAYA,295,South Garo Hills,00000,South Garo Hills,000000,0000,District - South Garo Hills,Urban,100,55.4,41.9,2.7,99.4,55,41.7,2.7,0.6,0.4,0.2,0,1.6,0.2,0.1,0,0.1,2.8,92.5,2.6,0,53.9,1.9,4,1,0.8,0.1,5,28.5,2.3,2.6,35.1,11.7,0.3,0.2,52.3,0.3,0,1.1,20.7,30.1,25.3,11.6,5.7,5.6,8.1,7.3,9.8,13.4,15,32.4,14,79.6,14.3,6,18.7,66.2,13.5,1.3,0.2,0.1,23.4,4.8,4.7,15.5,0.1,0.5,49,1.5,0.5,0,20.7,40.4,38.9,81.1,17.8,0.2,0.2,0,0.6,87.4,18.2,31.3,16.7,8.1,11.4,0.3,0,1.4,12.6,2.2,10.4,19.9,11.6,68.5,4.9,39.7,55.4,73.7,1.3,0.6,0.2,5.6,15.8,1,1.6,0,0.3,100,63.7,57.9,5.8,36,35,1.1,0.3,56.7,14.5,53.8,2.7,13.1,3,55.9,3.6,9.9,15.7,7.8,3.9,19.1,36.6,59,1.8,0,1.7,2.7
17,MEGHALAYA,295,South Garo Hills,01975,Chokpot,000000,0000,Sub-Dist - Chokpot,Total,100,41.4,54.5,4.1,99.2,41.1,54,4.1,0.8,0.3,0.5,0,23.1,1,0.2,0,0.1,0.7,74.2,0.6,0,82.8,1.4,8.6,1.1,0.4,0.3,0.1,4.3,0.6,0.4,54.6,30.7,0.2,0.2,14.2,0,0,1.1,10.4,45,33.8,6.6,2,1,1.5,5.9,10.4,14.8,15.3,37.7,14.4,98.1,1.1,0.8,8.5,76.7,13.6,0.9,0.3,0,21.8,13.7,1.2,8.3,0.1,0,31.9,20.2,1.2,1.6,8.9,47,44.1,38.1,56,3.3,0.1,0,2.4,68.5,16.1,6.5,18.4,10,16.8,0.1,0,0.5,31.5,5.5,26,1.6,7.5,90.9,2,13.6,84.3,98.2,0.7,0.4,0,0.2,0.2,0.1,0,0.1,0.1,100,51.8,48.6,3.2,48.2,46.3,1.8,0.1,10.9,33,24.2,0.4,7.8,1.3,24.2,1.1,7.3,5.5,1.3,0.5,41.2,5.7,70,24,2,22,0.4
17,MEGHALAYA,295,South Garo Hills,01975,Chokpot,000000,0000,Sub-Dist - Chokpot,Rural,100,41.4,54.5,4.1,99.2,41.1,54,4.1,0.8,0.3,0.5,0,23.1,1,0.2,0,0.1,0.7,74.2,0.6,0,82.8,1.4,8.6,1.1,0.4,0.3,0.1,4.3,0.6,0.4,54.6,30.7,0.2,0.2,14.2,0,0,1.1,10.4,45,33.8,6.6,2,1,1.5,5.9,10.4,14.8,15.3,37.7,14.4,98.1,1.1,0.8,8.5,76.7,13.6,0.9,0.3,0,21.8,13.7,1.2,8.3,0.1,0,31.9,20.2,1.2,1.6,8.9,47,44.1,38.1,56,3.3,0.1,0,2.4,68.5,16.1,6.5,18.4,10,16.8,0.1,0,0.5,31.5,5.5,26,1.6,7.5,90.9,2,13.6,84.3,98.2,0.7,0.4,0,0.2,0.2,0.1,0,0.1,0.1,100,51.8,48.6,3.2,48.2,46.3,1.8,0.1,10.9,33,24.2,0.4,7.8,1.3,24.2,1.1,7.3,5.5,1.3,0.5,41.2,5.7,70,24,2,22,0.4
17,MEGHALAYA,295,South Garo Hills,01976,Gasuapara,000000,0000,Sub-Dist - Gasuapara,Total,100,35.3,61.7,3.1,99.6,35.1,61.5,3,0.4,0.2,0.1,0.1,17.9,0.4,0.4,0,1,0.4,79.7,0.2,0,77.2,1.6,14.7,0.5,0.5,0.1,0.4,3.5,1,0.4,72.8,12.8,0.2,1.2,13,0,0,1.9,21.1,46.5,23.6,4.8,1.4,0.7,3.1,6.9,12.1,15.2,17,35.7,10,96.9,2.2,1,12.5,73.7,12.2,1.3,0.3,0.1,9.7,5.2,2.6,30.3,0.1,1,34.9,9.6,5.2,1.4,8.8,44.5,46.8,30.4,66.1,1.7,0.1,0.1,1.5,57.6,7.2,5.6,11.8,6,24.8,0.1,0.8,1.4,42.4,5.2,37.1,2.2,3,94.8,2.4,8.3,89.3,97,1.3,0.8,0.1,0.1,0.4,0.1,0,0,0.3,100,45.6,38.2,7.3,54.2,50.9,3.2,0.3,17.4,28.2,19.3,0.8,4,1.6,12,2.4,22.7,5.1,0.9,0.5,45.7,5.5,75.8,18.3,1.7,16.6,0.4
17,MEGHALAYA,295,South Garo Hills,01976,Gasuapara,000000,0000,Sub-Dist - Gasuapara,Rural,100,35.3,61.7,3.1,99.6,35.1,61.5,3,0.4,0.2,0.1,0.1,17.9,0.4,0.4,0,1,0.4,79.7,0.2,0,77.2,1.6,14.7,0.5,0.5,0.1,0.4,3.5,1,0.4,72.8,12.8,0.2,1.2,13,0,0,1.9,21.1,46.5,23.6,4.8,1.4,0.7,3.1,6.9,12.1,15.2,17,35.7,10,96.9,2.2,1,12.5,73.7,12.2,1.3,0.3,0.1,9.7,5.2,2.6,30.3,0.1,1,34.9,9.6,5.2,1.4,8.8,44.5,46.8,30.4,66.1,1.7,0.1,0.1,1.5,57.6,7.2,5.6,11.8,6,24.8,0.1,0.8,1.4,42.4,5.2,37.1,2.2,3,94.8,2.4,8.3,89.3,97,1.3,0.8,0.1,0.1,0.4,0.1,0,0,0.3,100,45.6,38.2,7.3,54.2,50.9,3.2,0.3,17.4,28.2,19.3,0.8,4,1.6,12,2.4,22.7,5.1,0.9,0.5,45.7,5.5,75.8,18.3,1.7,16.6,0.4
17,MEGHALAYA,295,South Garo Hills,01977,Baghmara,000000,0000,Sub-Dist - Baghmara,Total,100,57.4,38.3,4.4,99,57,37.6,4.3,1,0.4,0.6,0,6.6,1.7,0.4,0,0.3,1.4,87.7,1.7,0.1,74.6,2.2,2.5,2.1,0.8,0.2,2.1,11.6,2.7,1.3,45.3,25.3,0.5,0.1,28.5,0.2,0,1.6,16.5,33.5,30.4,10.9,4.1,3.1,3.7,6.5,9.8,13.3,14.9,37,14.8,90.9,6.6,2.5,13.6,69.5,15.1,1.4,0.3,0.1,15.2,11.9,2.4,8.2,0.1,0.2,54.6,4.9,1.4,1,15.2,42.6,42.2,64.9,33.3,0.6,0.1,0.3,0.8,73.2,10.2,16.2,20.8,8.9,14.6,0.2,1.3,1.1,26.8,4.6,22.2,8.8,6.7,84.6,3.6,18.5,77.9,89.4,1,0.5,0.1,2.5,5.2,0.4,0.6,0,0.4,100,56.9,52.4,4.5,42.7,40.3,2.4,0.4,27.9,24.4,39.1,1.1,6.4,1.8,33.7,2.5,7.9,10.1,6.1,1.5,32.6,17.2,73.2,8.1,0.2,7.9,1.4
17,MEGHALAYA,295,South Garo Hills,01977,Baghmara,000000,0000,Sub-Dist - Baghmara,Rural,100,58.1,36.8,5,98.8,57.7,36.1,4.9,1.2,0.4,0.8,0.1,8.5,2.3,0.5,0,0.4,0.9,85.9,1.4,0.1,82.6,2.3,1.9,2.6,0.8,0.2,0.9,5.1,2.8,0.9,49.3,30.6,0.6,0.1,19.3,0.2,0,1.8,14.8,34.8,32.3,10.6,3.5,2.1,2,6.2,9.8,13.3,14.8,38.7,15.2,95.3,3.6,1.1,11.7,70.8,15.7,1.4,0.3,0,12.1,14.7,1.6,5.4,0,0.1,56.8,6.3,1.7,1.3,13,43.5,43.5,58.5,39.3,0.7,0.1,0.4,0.9,67.7,7.1,10.4,22.4,9.2,15.8,0.1,1.8,1,32.3,5.5,26.8,4.5,4.8,90.8,3.1,10.3,86.6,95.4,0.9,0.5,0.1,1.3,1.1,0.1,0.1,0,0.4,100,54.2,50.3,3.9,45.3,42.3,3,0.4,16.7,28.3,33.4,0.5,3.7,1.4,25.1,2,7.2,7.9,5.4,0.6,37.9,9.7,78.8,10.6,0.3,10.3,1
17,MEGHALAYA,295,South Garo Hills,01977,Baghmara,000000,0000,Sub-Dist - Baghmara,Urban,100,55.4,41.9,2.7,99.4,55,41.7,2.7,0.6,0.4,0.2,0,1.6,0.2,0.1,0,0.1,2.8,92.5,2.6,0,53.9,1.9,4,1,0.8,0.1,5,28.5,2.3,2.6,35.1,11.7,0.3,0.2,52.3,0.3,0,1.1,20.7,30.1,25.3,11.6,5.7,5.6,8.1,7.3,9.8,13.4,15,32.4,14,79.6,14.3,6,18.7,66.2,13.5,1.3,0.2,0.1,23.4,4.8,4.7,15.5,0.1,0.5,49,1.5,0.5,0,20.7,40.4,38.9,81.1,17.8,0.2,0.2,0,0.6,87.4,18.2,31.3,16.7,8.1,11.4,0.3,0,1.4,12.6,2.2,10.4,19.9,11.6,68.5,4.9,39.7,55.4,73.7,1.3,0.6,0.2,5.6,15.8,1,1.6,0,0.3,100,63.7,57.9,5.8,36,35,1.1,0.3,56.7,14.5,53.8,2.7,13.1,3,55.9,3.6,9.9,15.7,7.8,3.9,19.1,36.6,59,1.8,0,1.7,2.7
17,MEGHALAYA,295,South Garo Hills,01978,Rongara,000000,0000,Sub-Dist - Rongara,Total,100,42.1,54.6,3.3,99.4,41.8,54.3,3.3,0.6,0.3,0.3,0,14.4,0.8,0.2,1.7,0.1,0.5,82.1,0.2,0,84.5,3.2,3.3,1.6,0.5,0.3,1.2,4.8,0.2,0.4,49.5,35.5,0.2,0.2,14.5,0.1,0,6.1,15.5,36.7,31.7,6.2,2.5,1.3,2.6,6.2,11.1,15.2,16.1,36.9,11.9,95.1,3.3,1.6,10.7,73.3,13.9,1.6,0.4,0.1,9.2,16.9,0.2,2.2,0,0,64.2,3.4,3.2,0.7,9.9,52,38.1,33.8,61,4.3,0,0,0.9,55.2,9.5,9.5,10.3,6.5,11.5,1.9,1.8,4.1,44.8,3.5,41.3,2,2,96,1.6,5.8,92.6,98,0.8,0.4,0,0.4,0.2,0.1,0,0,0.1,100,49.3,41.7,7.6,50.6,46.7,3.9,0.1,21.8,37.7,20.3,0.4,4.5,1.1,7.5,1.7,7.2,5.4,1.2,0.2,44.8,6.9,77.7,15,0.2,14.8,0.4
17,MEGHALAYA,295,South Garo Hills,01978,Rongara,000000,0000,Sub-Dist - Rongara,Rural,100,42.1,54.6,3.3,99.4,41.8,54.3,3.3,0.6,0.3,0.3,0,14.4,0.8,0.2,1.7,0.1,0.5,82.1,0.2,0,84.5,3.2,3.3,1.6,0.5,0.3,1.2,4.8,0.2,0.4,49.5,35.5,0.2,0.2,14.5,0.1,0,6.1,15.5,36.7,31.7,6.2,2.5,1.3,2.6,6.2,11.1,15.2,16.1,36.9,11.9,95.1,3.3,1.6,10.7,73.3,13.9,1.6,0.4,0.1,9.2,16.9,0.2,2.2,0,0,64.2,3.4,3.2,0.7,9.9,52,38.1,33.8,61,4.3,0,0,0.9,55.2,9.5,9.5,10.3,6.5,11.5,1.9,1.8,4.1,44.8,3.5,41.3,2,2,96,1.6,5.8,92.6,98,0.8,0.4,0,0.4,0.2,0.1,0,0,0.1,100,49.3,41.7,7.6,50.6,46.7,3.9,0.1,21.8,37.7,20.3,0.4,4.5,1.1,7.5,1.7,7.2,5.4,1.2,0.2,44.8,6.9,77.7,15,0.2,14.8,0.4
17,MEGHALAYA,296,West Khasi Hills,00000,West Khasi Hills,000000,0000,District - West Khasi Hills,Total,100,36.3,55,8.7,99,36,54.5,8.6,1,0.3,0.6,0.1,18.8,0.9,0.2,0.7,0.3,1,72.4,4.9,0.7,30.3,1.4,2.7,47.2,0.8,1.3,4.5,4,7.7,0.1,21.1,61.9,0.2,0.5,15.9,0.2,0.1,2.5,24.1,35.5,21.2,9.6,3.6,3.5,2.8,6.1,10.7,13.5,14,36.6,16.3,93.5,5.6,1,14.7,72.8,11.3,1,0.2,0,22.4,13.3,7.2,19.1,0.5,1.8,21.5,2.9,9.9,1.4,8.8,50.2,41,51.7,45.6,1.4,0.3,0.3,0.6,46.4,2.4,11,4,9.4,17.5,0.2,0.4,1.4,53.6,3.7,50,18.3,6.9,74.9,1.5,24,74.6,96.6,0.9,0.1,0.7,0.2,0.7,0.4,0.1,0,0.2,100,89.8,74.3,15.5,10,7.9,2.2,0.2,19.3,21.3,19.7,0.2,3.6,0.6,28.6,1.1,5.2,1.4,2.6,0.3,50.2,18,61.7,19.5,2.4,17,0.8
17,MEGHALAYA,296,West Khasi Hills,00000,West Khasi Hills,000000,0000,District - West Khasi Hills,Rural,100,34.8,56.1,9.2,99.1,34.5,55.5,9.1,0.9,0.2,0.6,0.1,20.6,1,0.2,0.8,0.4,1.1,71.3,3.8,0.8,33.5,1.3,2.7,45.4,0.9,1.4,4.9,3.1,6.5,0.2,23.3,62.2,0.2,0.5,13.5,0.1,0.1,2.7,24.7,36.2,21.2,9.2,3.2,2.7,2.8,6.2,10.7,13.5,14,36.6,16.2,95.9,3.4,0.7,14.4,72.8,11.7,1,0.2,0,18.3,13.2,7.3,20.7,0.4,2,23,3.2,10.5,1.5,7.3,48.8,44,47.4,49.7,1.6,0.4,0.3,0.7,40.8,2.4,7.3,3.8,8.5,16.6,0.2,0.5,1.5,59.2,3.9,55.3,14,6.8,79.2,1.1,21.1,77.8,98.1,0.9,0.1,0.2,0.1,0.2,0.1,0,0,0.2,100,89.1,72.9,16.3,10.7,8.3,2.4,0.2,16.2,22.6,16.6,0.2,3.5,0.6,25.5,1.1,5.7,1.3,2.1,0.2,52.1,16.5,61.3,21.3,2.6,18.7,0.9
17,MEGHALAYA,296,West Khasi Hills,00000,West Khasi Hills,000000,0000,District - West Khasi Hills,Urban,100,48.6,46.8,4.6,98.7,47.6,46.5,4.6,1.3,1,0.3,0,4.4,0.1,0.1,0.2,0.2,0.2,80.4,14.2,0.2,4.3,1.7,2.5,61.3,0.2,0.4,1.6,11.3,16.7,0,4.2,59.9,0.1,0.5,34.9,0.2,0.1,0.6,18.8,29.9,21.7,12.6,6.5,9.8,2.4,5.7,10,13.7,14.3,36.9,17.1,73.7,23.1,3.2,17.4,73.5,8.1,0.8,0.1,0,54.9,14,7.2,6.1,0.8,1,9.5,0.2,5.5,0.8,21.3,61.6,17,85.7,13.4,0.1,0.2,0.3,0.3,90.5,2.1,41.1,5.2,16.9,24.9,0,0,0.3,9.5,2,7.5,52.2,6.9,40.9,4.6,46.4,49,85.1,0.9,0,4.9,1.2,4.8,2.2,0.8,0,0.1,100,95.1,86.1,9.1,4.8,4.4,0.4,0.1,43.4,11,44.2,0.8,4.4,0.4,53.1,0.8,1.3,2.3,7.1,1.5,34.9,30.1,65.2,4.5,1.1,3.3,0.2
17,MEGHALAYA,296,West Khasi Hills,01979,Mawshynrut,000000,0000,Sub-Dist - Mawshynrut,Total,100,29.7,62.2,8.1,98,29.4,60.7,7.9,2,0.3,1.5,0.2,33.8,1,0,0.9,0.3,0.8,61.9,0.8,0.4,66.9,1.4,1,22.6,0.2,0.1,0.6,4.1,2.9,0.2,46.5,43,0.2,0.1,10.1,0,0,4.3,23.3,38,21.1,8.7,2.7,1.9,1.4,5.8,11.6,15.1,15.3,37.6,13.2,98.1,1.5,0.4,11.2,75.5,12.1,1,0.3,0,17.3,6.3,1.9,21.2,0,3.1,37.7,4.9,5.4,2.1,14.9,43.1,42,29.6,65.5,4.5,0.1,0,0.2,50.7,3.8,3.3,7.6,8,26,0.7,0,1.3,49.3,2.3,47,3.4,5.8,90.8,1.1,9.7,89.2,98.8,0.7,0.1,0.1,0.1,0.2,0,0,0,0.1,100,77.9,61.9,16,22.1,19.3,2.7,0.1,13.1,25.8,17.6,0.1,4.4,1.1,24.4,1.3,14.9,2.6,2,0.2,44.6,7.8,56.9,34.7,2.7,32.1,0.6
17,MEGHALAYA,296,West Khasi Hills,01979,Mawshynrut,000000,0000,Sub-Dist - Mawshynrut,Rural,100,29.7,62.2,8.1,98,29.4,60.7,7.9,2,0.3,1.5,0.2,33.8,1,0,0.9,0.3,0.8,61.9,0.8,0.4,66.9,1.4,1,22.6,0.2,0.1,0.6,4.1,2.9,0.2,46.5,43,0.2,0.1,10.1,0,0,4.3,23.3,38,21.1,8.7,2.7,1.9,1.4,5.8,11.6,15.1,15.3,37.6,13.2,98.1,1.5,0.4,11.2,75.5,12.1,1,0.3,0,17.3,6.3,1.9,21.2,0,3.1,37.7,4.9,5.4,2.1,14.9,43.1,42,29.6,65.5,4.5,0.1,0,0.2,50.7,3.8,3.3,7.6,8,26,0.7,0,1.3,49.3,2.3,47,3.4,5.8,90.8,1.1,9.7,89.2,98.8,0.7,0.1,0.1,0.1,0.2,0,0,0,0.1,100,77.9,61.9,16,22.1,19.3,2.7,0.1,13.1,25.8,17.6,0.1,4.4,1.1,24.4,1.3,14.9,2.6,2,0.2,44.6,7.8,56.9,34.7,2.7,32.1,0.6
17,MEGHALAYA,296,West Khasi Hills,01980,Nongstoin,000000,0000,Sub-Dist - Nongstoin,Total,100,38.6,55.1,6.2,99.2,38.4,54.6,6.2,0.8,0.3,0.5,0,19.6,0.1,0.1,0.5,0.1,1.1,72.7,5.7,0.1,24.9,1.7,1.8,55.1,0.3,0.7,1.6,6.1,7.7,0,14.5,65.8,0.1,0.3,19,0.1,0,1.2,23.3,33.1,24.1,9.8,4,4.6,2.4,5.6,10.1,12.8,13.7,36.9,18.6,89.6,8.8,1.6,14.2,72.6,11.8,1.2,0.2,0,27.1,15.5,4.7,15.7,0.4,0.9,19.1,1.7,13.6,1.2,12.2,53.6,34.2,54.5,43.8,1,0.1,0.2,0.3,50.5,1.5,18.9,4,7.3,15.6,0,0.5,2.7,49.5,3.7,45.8,22.5,4.3,73.1,1.9,26.2,71.9,93.4,0.7,0,2.3,0.5,2,0.7,0.4,0,0,100,92.1,78,14.1,7.9,6.6,1.3,0,25,17,24.8,0.4,3.6,0.3,37.1,0.8,2.5,1.3,3.6,0.7,46.5,16.4,63.8,19.6,2.4,17.2,0.1
17,MEGHALAYA,296,West Khasi Hills,01980,Nongstoin,000000,0000,Sub-Dist - Nongstoin,Rural,100,31.9,60.7,7.4,99.3,31.9,60.1,7.4,0.7,0,0.6,0,26.8,0.1,0.1,0.7,0.1,1.5,69.9,0.9,0,35.1,2,0.9,53.7,0.4,0.8,1.7,2.7,2.6,0,19.2,72.6,0.1,0.2,7.8,0,0,1.7,27,34.9,24.1,8.2,2.6,1.6,2.3,5.7,10.1,12.6,13.4,37,18.8,97.7,1.8,0.5,13.4,71.4,13.5,1.4,0.2,0,14.2,14.6,5,20.5,0.2,1,23.5,2.5,17.2,1.3,5.8,50.7,43.4,39.1,58.8,1.5,0.1,0.1,0.4,29.6,0.7,5.4,2.4,3.1,13.1,0.1,0.7,4,70.4,4.3,66.1,8,3.9,88.1,0.5,16,83.4,99.5,0.4,0,0,0,0.1,0,0,0,0,100,91.5,74.6,16.9,8.5,6.8,1.7,0,13.4,21.3,12.7,0.1,2.6,0.3,25,0.7,3.1,0.6,1.3,0,55.8,8.1,65,26.8,2.8,24,0.1
17,MEGHALAYA,296,West Khasi Hills,01980,Nongstoin,000000,0000,Sub-Dist - Nongstoin,Urban,100,50.8,45.1,4.1,99,50.1,44.8,4.1,1,0.7,0.3,0,6.5,0.1,0.1,0.3,0.2,0.3,77.9,14.2,0.3,6.3,1,3.5,57.6,0.2,0.6,1.5,12.2,17.1,0,6.1,53.6,0.1,0.5,39.3,0.3,0.1,0.4,16.6,30,24,12.7,6.5,9.9,2.5,5.2,10.1,13,14.3,36.6,18.2,75.1,21.5,3.5,15.5,74.8,8.6,0.9,0.2,0,50.4,17.1,4,7.1,0.9,0.8,11.1,0.3,7.1,1.2,23.8,58.7,17.6,82.3,16.7,0.1,0.2,0.5,0.2,88.5,2.8,43.4,6.9,14.9,20,0,0,0.4,11.5,2.6,8.9,48.8,5.1,46.1,4.3,44.7,51,82.5,1.2,0,6.5,1.3,5.4,1.9,1,0,0.1,100,93,84,9,6.9,6.2,0.6,0.1,46,9.2,46.8,1,5.4,0.4,59,1.1,1.5,2.7,7.7,1.8,29.7,31.4,61.8,6.6,1.6,5,0.3
17,MEGHALAYA,296,West Khasi Hills,01981,Mawthadraishan,000000,0000,Sub-Dist - Mawthadraishan,Total,100,36.8,55.4,7.8,99.4,36.6,55.1,7.8,0.6,0.2,0.3,0,10.2,0.7,0,2.4,0.1,0.4,81.7,1.9,2.6,11.4,0.8,0.6,76.5,0.5,1.5,2,1.2,5.2,0.4,11.9,77,0.1,1.6,9.4,0,0.1,3.2,28.5,33.9,19.1,9.6,3.6,2.2,3.5,6.7,10,11.9,12.6,34.6,20.6,94.6,4.8,0.6,17.7,68.9,11.9,1.1,0.3,0.1,15.5,20.1,6.1,27.5,0,1,19,0.3,8.1,2.4,2.9,46.4,50.7,57,40.1,0.3,1.2,0.4,1.1,50.6,1.2,9,3.4,13.6,20.9,0.1,0,2.5,49.4,3.8,45.6,19.4,6.1,74.5,1.4,23.1,75.5,97.9,1.3,0.1,0.1,0.1,0.1,0.4,0,0,0,100,97,79.3,17.8,2.9,0.5,2.4,0,22.6,20.8,15.3,0.2,3.3,0.4,33.2,1.7,0.7,0.7,1.7,0.2,51.9,10.2,76.1,10.8,2.7,8.1,2.8
17,MEGHALAYA,296,West Khasi Hills,01981,Mawthadraishan,000000,0000,Sub-Dist - Mawthadraishan,Rural,100,36.8,55.4,7.8,99.4,36.6,55.1,7.8,0.6,0.2,0.3,0,10.2,0.7,0,2.4,0.1,0.4,81.7,1.9,2.6,11.4,0.8,0.6,76.5,0.5,1.5,2,1.2,5.2,0.4,11.9,77,0.1,1.6,9.4,0,0.1,3.2,28.5,33.9,19.1,9.6,3.6,2.2,3.5,6.7,10,11.9,12.6,34.6,20.6,94.6,4.8,0.6,17.7,68.9,11.9,1.1,0.3,0.1,15.5,20.1,6.1,27.5,0,1,19,0.3,8.1,2.4,2.9,46.4,50.7,57,40.1,0.3,1.2,0.4,1.1,50.6,1.2,9,3.4,13.6,20.9,0.1,0,2.5,49.4,3.8,45.6,19.4,6.1,74.5,1.4,23.1,75.5,97.9,1.3,0.1,0.1,0.1,0.1,0.4,0,0,0,100,97,79.3,17.8,2.9,0.5,2.4,0,22.6,20.8,15.3,0.2,3.3,0.4,33.2,1.7,0.7,0.7,1.7,0.2,51.9,10.2,76.1,10.8,2.7,8.1,2.8
17,MEGHALAYA,296,West Khasi Hills,01982,Mairang,000000,0000,Sub-Dist - Mairang,Total,100,40.8,50.9,8.3,99.6,40.5,50.8,8.3,0.4,0.3,0.1,0,8.9,0.1,0,0,0.1,0.3,86.4,4,0.2,9.9,1,0.2,79.1,0.1,0.2,1.3,2.6,5.5,0,4.3,87.4,0,0.2,8,0,0,1.8,21.8,34.4,20.6,12,4.6,4.9,3.6,6.3,10.4,13.8,13.6,36.7,15.6,90.3,8.6,1.1,18,72.1,9.1,0.7,0.1,0,26.4,12.1,17.3,18.5,0.2,0.7,12.4,0.1,12,0.3,7.2,50.6,42.3,67.3,31.3,0.5,0.3,0.3,0.3,58.9,2,11.8,3.5,16.9,24.2,0,0.3,0.2,41.1,4.6,36.5,39.9,10.3,49.8,1.7,39,59.3,96.7,1.2,0,0.4,0.2,0.7,0.6,0.1,0,0,100,98.5,90.2,8.4,1.4,0.5,1,0,20.8,27,20.6,0.1,2.1,0.3,32.2,0.5,0.8,0.6,3.2,0.3,48.5,9.7,81.1,9,2.1,6.9,0.2
17,MEGHALAYA,296,West Khasi Hills,01982,Mairang,000000,0000,Sub-Dist - Mairang,Rural,100,40.1,51.1,8.9,99.9,40,51,8.9,0.1,0.1,0,0,10.7,0.1,0,0,0.1,0.4,86.6,1.8,0.2,11.9,0.6,0.2,81.4,0.1,0.2,1.2,1.1,3.2,0,5.1,90.6,0,0.1,4.1,0,0,1.9,21.6,35.4,21.3,11.8,4.1,3.8,3.9,6.3,10.6,13.5,13.4,36.6,15.8,94.4,4.9,0.8,17.3,72.4,9.5,0.7,0.1,0,18.5,13,18.1,21.6,0,0.5,13.7,0.1,14,0.4,5.2,47,47.9,62,36.5,0.6,0.3,0.3,0.3,51.4,2.3,6.5,3.9,16,22,0,0.4,0.2,48.6,5.3,43.3,35.9,10.3,53.8,1,36.8,62.3,98.1,1.4,0,0.1,0.1,0.1,0.2,0,0,0,100,98.4,90.2,8.2,1.6,0.4,1.2,0,17.1,29.6,16.7,0.1,2.1,0.3,30.2,0.5,0.7,0.4,2.6,0.1,49.2,5.9,83.1,10.8,2.5,8.3,0.2
17,MEGHALAYA,296,West Khasi Hills,01982,Mairang,000000,0000,Sub-Dist - Mairang,Urban,100,44.4,50,5.6,98.1,42.9,49.6,5.6,1.9,1.5,0.4,0,0.4,0,0,0,0,0,85.2,14.2,0,0.5,3,0.5,68.4,0.1,0,1.8,9.7,16.1,0,0.6,72.1,0,0.4,26.6,0.2,0,1.2,23,29.8,17.3,12.6,6.5,9.7,2.1,6.5,9.7,15,14.3,37.6,14.8,71.1,26.3,2.6,21.1,71,7.3,0.7,0,0,63.7,8.1,13.4,4.1,0.7,1.3,6.5,0,2.3,0,16.7,67.4,15.9,92.3,7.1,0.1,0.1,0,0.4,94.4,0.8,36.7,1.8,20.7,34.3,0.1,0,0,5.6,0.9,4.7,58.6,10.4,31,5.2,49.6,45.2,90.1,0.3,0,2.1,0.8,3.7,2.6,0.4,0,0,100,99.2,90,9.2,0.8,0.7,0,0,38.3,14.5,39.2,0.3,2.4,0.3,41.7,0.3,0.9,1.5,6.1,0.9,45,27.6,71.9,0.4,0.2,0.2,0
17,MEGHALAYA,296,West Khasi Hills,01983,Ranikor,000000,0000,Sub-Dist - Ranikor,Total,100,52.2,40.4,7.3,98.6,51.3,40,7.2,1.4,0.9,0.4,0.1,25.9,3.3,0.1,0.8,0.8,0.7,60.5,7.2,0.6,49.5,1.5,14.3,7.7,1.1,1.5,9.9,3.5,10.7,0.3,37.2,33.1,0.2,0.3,28.7,0,0.5,1.2,23.2,41.4,19.9,7.7,2.9,3.7,3.1,6.8,11.5,15,16.1,36.5,11.1,94.3,4.9,0.9,15.6,73.6,9.9,0.9,0.1,0,36.1,17.4,0.9,5.8,2.8,2.1,17,13.1,2,2.8,6.7,57.2,36,37.6,60.6,0.7,0,0,1,21.8,4.3,11.2,2.2,0.9,2.9,0.2,0,0.1,78.2,0.9,77.3,6,5.6,88.3,0.8,17.2,82,97.9,0.6,0.1,0,0.2,0.3,0.1,0.2,0,0.6,100,76.5,58.8,17.6,22.9,18.9,4.1,0.6,17.5,16.2,20.2,0.2,2.5,0.5,12.1,1.5,12.6,2.7,1.9,0.1,57.7,25.6,45.6,28.2,3.3,24.9,0.7
17,MEGHALAYA,296,West Khasi Hills,01983,Ranikor,000000,0000,Sub-Dist - Ranikor,Rural,100,52.2,40.4,7.3,98.6,51.3,40,7.2,1.4,0.9,0.4,0.1,25.9,3.3,0.1,0.8,0.8,0.7,60.5,7.2,0.6,49.5,1.5,14.3,7.7,1.1,1.5,9.9,3.5,10.7,0.3,37.2,33.1,0.2,0.3,28.7,0,0.5,1.2,23.2,41.4,19.9,7.7,2.9,3.7,3.1,6.8,11.5,15,16.1,36.5,11.1,94.3,4.9,0.9,15.6,73.6,9.9,0.9,0.1,0,36.1,17.4,0.9,5.8,2.8,2.1,17,13.1,2,2.8,6.7,57.2,36,37.6,60.6,0.7,0,0,1,21.8,4.3,11.2,2.2,0.9,2.9,0.2,0,0.1,78.2,0.9,77.3,6,5.6,88.3,0.8,17.2,82,97.9,0.6,0.1,0,0.2,0.3,0.1,0.2,0,0.6,100,76.5,58.8,17.6,22.9,18.9,4.1,0.6,17.5,16.2,20.2,0.2,2.5,0.5,12.1,1.5,12.6,2.7,1.9,0.1,57.7,25.6,45.6,28.2,3.3,24.9,0.7
17,MEGHALAYA,296,West Khasi Hills,01984,Mawkyrwat,000000,0000,Sub-Dist - Mawkyrwat,Total,100,21.8,62.8,15.3,99.4,21.8,62.4,15.2,0.6,0.1,0.4,0.1,13.9,1.4,1.3,0.3,1,3,66.1,12,1.2,19.5,1.8,2.4,27,3.6,5.1,17.2,6,17.2,0.2,16.4,53.5,0.8,1.2,27.2,0.8,0.1,3.3,26.7,34.1,21.1,8.5,3.3,2.9,3,6.1,10.5,12.3,12.7,36.7,18.7,95.9,3.1,1,12.3,73.4,13.3,0.9,0.1,0,11.1,12.5,9,25.4,0.2,3.7,22.1,0.1,15.7,0.2,4.8,52.2,43,60.9,35.4,0.7,0.5,1.2,1.4,30.9,1.8,10.7,1.5,6.3,6.9,0.1,1.9,1.6,69.1,6.2,63,8.2,8.3,83.5,1.7,23.5,74.9,96,1.2,0.3,0.7,0.2,0.8,0.3,0,0,0.5,100,94.3,70.2,24.1,5.3,2.6,2.7,0.5,15.6,17.1,17.3,0.3,6.2,0.6,25.6,1.1,0.6,1.1,2.8,0.5,58.2,48.3,35.7,14.6,1.8,12.8,1.3
17,MEGHALAYA,296,West Khasi Hills,01984,Mawkyrwat,000000,0000,Sub-Dist - Mawkyrwat,Rural,100,21.8,62.8,15.3,99.4,21.8,62.4,15.2,0.6,0.1,0.4,0.1,13.9,1.4,1.3,0.3,1,3,66.1,12,1.2,19.5,1.8,2.4,27,3.6,5.1,17.2,6,17.2,0.2,16.4,53.5,0.8,1.2,27.2,0.8,0.1,3.3,26.7,34.1,21.1,8.5,3.3,2.9,3,6.1,10.5,12.3,12.7,36.7,18.7,95.9,3.1,1,12.3,73.4,13.3,0.9,0.1,0,11.1,12.5,9,25.4,0.2,3.7,22.1,0.1,15.7,0.2,4.8,52.2,43,60.9,35.4,0.7,0.5,1.2,1.4,30.9,1.8,10.7,1.5,6.3,6.9,0.1,1.9,1.6,69.1,6.2,63,8.2,8.3,83.5,1.7,23.5,74.9,96,1.2,0.3,0.7,0.2,0.8,0.3,0,0,0.5,100,94.3,70.2,24.1,5.3,2.6,2.7,0.5,15.6,17.1,17.3,0.3,6.2,0.6,25.6,1.1,0.6,1.1,2.8,0.5,58.2,48.3,35.7,14.6,1.8,12.8,1.3
17,MEGHALAYA,297,Ribhoi,00000,Ribhoi,000000,0000,District - Ribhoi,Total,100,42.1,52.3,5.7,98.7,41.5,51.6,5.6,1.3,0.6,0.7,0.1,31.8,0.9,0.2,0.4,0.3,1.9,60.4,3.8,0.3,48.9,1.8,7.3,16.7,1.8,2.3,0.5,8.3,11.8,0.5,36.1,33.3,0.6,0.6,29,0.2,0.2,2.2,14.5,31.4,26.1,14.3,5.9,5.6,3.9,6.6,11.6,15.3,15.8,35.4,11.4,85.3,11.5,3.1,18.4,71.6,8.9,0.9,0.2,0,24.6,23.3,4.6,14.1,0.6,1.5,17.8,3.9,6.4,3.1,13.9,45.7,40.5,67.2,30,1.1,0.3,0.1,1.3,66.4,3,14.4,6.4,10.7,29.8,0.5,0.8,0.9,33.6,2.4,31.2,14.3,8.5,77.2,3.3,28,68.6,90.3,0.7,0.1,0.9,0.7,5.1,1.6,0.4,0.1,0.1,100,93.3,85,8.2,6.6,5.5,1.1,0.1,33.6,33,31.7,0.6,3.5,1.7,42.1,1.5,8.3,3.6,4.1,0.9,31.6,24.4,42.5,32.3,3.2,29.1,0.7
17,MEGHALAYA,297,Ribhoi,00000,Ribhoi,000000,0000,District - Ribhoi,Rural,100,40.2,53.9,5.9,98.7,39.7,53.2,5.8,1.3,0.5,0.6,0.1,33.8,1,0.2,0.4,0.3,1.7,59.2,3,0.3,49.8,1.9,7.5,17.7,1.8,2.4,0.5,8.1,9.7,0.5,37.7,34.4,0.6,0.7,26.2,0.3,0.2,2.3,14.1,31.3,26.3,14.4,6,5.6,3.7,6.6,11.6,15.4,15.8,35.4,11.4,86.9,9.9,3.2,17.7,72,9.2,1,0.2,0,23.2,23.7,4.4,14.7,0.6,1.5,18.5,4.1,6.1,3,12.9,45,42,65.7,31.3,1.2,0.3,0.1,1.4,64.1,2.7,12.8,6.2,10.4,29.7,0.5,0.8,1,35.9,2.6,33.3,12.8,8.1,79.1,3,26.7,70.2,91.7,0.7,0.1,0.6,0.6,4.1,1.6,0.4,0.1,0.1,100,92.9,84.4,8.5,6.9,5.7,1.2,0.1,31.7,33.2,29.8,0.6,3.5,1.8,40.1,1.5,8.6,3.5,3.8,0.8,32.7,22.2,42.7,34.4,3.4,31,0.7
17,MEGHALAYA,297,Ribhoi,00000,Ribhoi,000000,0000,District - Ribhoi,Urban,100,62.8,34.1,3.1,98.5,62,33.4,3.1,1.5,0.8,0.7,0,9.5,0,0,0,0.2,4,74.7,11.6,0,38.7,1.1,4.7,5.5,2,1.7,0.2,10.5,34.9,0.7,18.7,21.3,0.1,0.2,59.5,0.1,0,0.6,19,32,23.3,13.6,5.3,6.3,5.6,6.8,11.5,14.4,15.6,35.4,10.7,67.9,29.5,2.6,26.1,67.4,5.9,0.5,0.1,0,39.8,18.7,6.6,7.3,0.8,1.7,9.4,1.4,10,4.3,24,53.4,22.6,84.3,14.8,0.3,0.1,0.3,0.1,91.4,6.1,32.6,8,13.9,30.5,0.2,0,0.1,8.6,0.7,7.9,31.1,13,55.8,6.7,42.6,50.7,75.2,0.8,0,4.6,2.1,15.6,1.2,0.1,0.2,0.2,100,96.7,91.8,4.9,3.1,2.9,0.1,0.2,54.9,31.1,53,0.7,3.4,0.6,64.5,1,4.6,4.8,7.2,1.6,19.2,49.1,40.7,9.4,0.7,8.7,0.8
17,MEGHALAYA,297,Ribhoi,01985,Umling,000000,0000,Sub-Dist - Umling,Total,100,52,43.9,4,98.5,51.3,43.2,4,1.5,0.7,0.7,0.1,27.8,0.4,0.3,0.9,0.4,2.6,61.7,5.5,0.4,54.3,2.1,5.4,5.6,1.9,1.6,0.4,11.7,16.6,0.4,46.2,15.2,0.8,0.3,37.2,0.2,0.1,0.9,16.8,32.5,24.3,14.1,6,5.4,3.6,6.5,11.9,15.5,16,35.4,11.2,82.6,14.8,2.6,16.1,73.9,8.8,1,0.2,0,24.9,24.9,4.9,14.3,0.7,1.5,17.3,1.2,4.6,5.7,20.1,46.5,33.4,77.5,20.2,0.4,0.2,0.2,1.5,77.7,3.7,20.1,6.6,12.6,32,0.6,1.9,0.3,22.3,3.1,19.3,16.1,13.2,70.7,3.9,31.5,64.6,83.6,0.8,0.1,1.2,1.3,11.2,0.4,1.1,0.1,0.2,100,94.1,85.1,9,5.7,4.7,1,0.2,43.3,31.9,42.9,0.8,4.5,2.5,54.3,1.5,10.2,5.6,5.1,1.2,22.7,31.7,39.6,27.8,1.3,26.5,0.8
17,MEGHALAYA,297,Ribhoi,01985,Umling,000000,0000,Sub-Dist - Umling,Rural,100,49,46.6,4.5,98.5,48.3,45.8,4.4,1.5,0.7,0.7,0.1,32.8,0.5,0.3,1.1,0.4,2.1,58.5,3.7,0.5,57.7,2.3,6,6.2,1.9,1.6,0.5,11.9,11.5,0.4,52.9,14,1,0.4,31.4,0.2,0.1,1,15.7,32.5,24.9,14.3,6.2,5.4,3,6.3,11.8,15.7,16.1,35.7,11.4,87.2,10.2,2.7,13.7,75.5,9.5,1.1,0.2,0,21,28.2,4.2,15.7,0.6,1.4,19.2,1.1,2.8,5.9,18.2,45.6,36.2,75.9,21.4,0.4,0.2,0.2,1.8,74.5,2.9,16.3,7.3,12.6,32,0.7,2.3,0.3,25.5,3.6,21.9,12.1,12.9,75,3.1,27.9,69.1,86.6,0.8,0.1,0.2,1.1,9.4,0.2,1.4,0,0.1,100,93.3,83.5,9.8,6.5,5.3,1.2,0.1,40.1,32,40.1,0.9,4.8,2.9,51.5,1.7,11.7,5.8,4.7,1.1,23.9,26.9,39.4,32.8,1.6,31.2,0.9
17,MEGHALAYA,297,Ribhoi,01985,Umling,000000,0000,Sub-Dist - Umling,Urban,100,64.4,33.4,2.3,98.6,63.6,32.7,2.3,1.4,0.7,0.7,0,8,0,0,0,0.2,4.5,74.5,12.6,0,40.6,1.1,3.3,3.5,2,1.3,0.3,10.7,37.1,0.3,19.2,19.7,0.2,0.3,60.6,0.1,0,0.5,21.3,32.4,22.2,13,4.9,5.6,5.8,7,12.3,14.6,15.5,34.1,10.7,64.5,33.2,2.3,25.6,67.6,6,0.6,0.2,0,40.7,11.9,7.6,8.7,1,2,9.8,1.5,11.8,4.8,27.8,50,22.2,83.6,15.3,0.4,0.1,0.4,0.2,90.5,7,35,3.9,12.7,31.6,0.2,0,0.1,9.5,0.9,8.6,32.3,14.4,53.2,7.5,45.9,46.7,71.7,0.9,0,5.1,2.4,18.4,1,0.1,0.3,0.3,100,97.3,91.6,5.7,2.4,2.3,0.1,0.3,56.4,31.3,54.2,0.8,3.5,0.5,65.5,1,4.2,4.5,6.8,1.8,18.1,51.2,40.6,7.9,0.2,7.7,0.3
17,MEGHALAYA,297,Ribhoi,01986,Jirang,000000,0000,Sub-Dist - Jirang,Total,100,30.8,67.2,2,99.7,30.7,66.9,2,0.3,0.1,0.3,0,58.5,0.9,0.2,0.3,0,2,37.4,0.6,0.1,66.1,1,9,8.6,1,1.5,0.1,10.1,1.9,0.6,44.5,39.6,0.3,0.6,14.8,0.1,0.1,4.6,26.9,35.1,21.5,8,1.9,2.1,2.7,6.4,12.4,19.3,17.6,35.1,6.5,96.7,3,0.4,14.3,75.5,9.3,0.7,0.2,0,20.1,24,1,17.4,0.4,2.1,22.9,6.4,4.5,1.1,13.7,48.7,37.6,29.7,64.7,2.5,0.3,0,2.8,48,2.1,4.6,7.1,9.1,20.7,0.7,0.8,3,52,3.9,48,2.7,5,92.2,0.4,14,85.5,98.4,0.7,0.4,0.1,0.2,0.1,0.1,0,0,0.1,100,82.6,65.1,17.5,17.3,16.2,1.1,0.1,16.2,47.1,13.3,0.3,3.2,2.1,13.9,2.3,20.7,3.6,1.6,0.4,37,14.1,26.4,58.9,8,50.9,0.7
17,MEGHALAYA,297,Ribhoi,01986,Jirang,000000,0000,Sub-Dist - Jirang,Rural,100,30.8,67.2,2,99.7,30.7,66.9,2,0.3,0.1,0.3,0,58.5,0.9,0.2,0.3,0,2,37.4,0.6,0.1,66.1,1,9,8.6,1,1.5,0.1,10.1,1.9,0.6,44.5,39.6,0.3,0.6,14.8,0.1,0.1,4.6,26.9,35.1,21.5,8,1.9,2.1,2.7,6.4,12.4,19.3,17.6,35.1,6.5,96.7,3,0.4,14.3,75.5,9.3,0.7,0.2,0,20.1,24,1,17.4,0.4,2.1,22.9,6.4,4.5,1.1,13.7,48.7,37.6,29.7,64.7,2.5,0.3,0,2.8,48,2.1,4.6,7.1,9.1,20.7,0.7,0.8,3,52,3.9,48,2.7,5,92.2,0.4,14,85.5,98.4,0.7,0.4,0.1,0.2,0.1,0.1,0,0,0.1,100,82.6,65.1,17.5,17.3,16.2,1.1,0.1,16.2,47.1,13.3,0.3,3.2,2.1,13.9,2.3,20.7,3.6,1.6,0.4,37,14.1,26.4,58.9,8,50.9,0.7
17,MEGHALAYA,297,Ribhoi,01987,Umsning,000000,0000,Sub-Dist - Umsning,Total,100,38.3,54,7.6,98.6,37.8,53.3,7.5,1.4,0.6,0.7,0.1,27.9,1.3,0.2,0.1,0.3,1.5,65.2,3.4,0.2,41.2,1.9,8,26,2,3,0.7,5.7,11.1,0.5,27.5,43.6,0.5,0.8,27,0.3,0.3,2.4,10,29.7,28.4,16,6.9,6.6,4.3,6.7,11.2,14.3,15.3,35.5,12.6,84.4,11.5,4.1,20.8,69.1,8.8,0.9,0.2,0,25.4,22.1,5.3,13.2,0.6,1.4,16.9,5,8.1,1.9,9.8,44.4,45.8,69.6,27.9,1.2,0.3,0.1,0.8,63.4,2.7,13.1,6,9.8,30.6,0.4,0,0.8,36.6,1.7,34.9,15.8,6.4,77.8,3.6,29.2,67.2,92.7,0.7,0.1,0.9,0.4,2.3,2.7,0,0.1,0.1,100,95.3,89.8,5.5,4.6,3.4,1.2,0.1,31.5,30.4,28.8,0.6,3,1.1,41.1,1.2,3.9,2.3,4,0.8,36,22.2,48.3,28.8,3.3,25.5,0.7
17,MEGHALAYA,297,Ribhoi,01987,Umsning,000000,0000,Sub-Dist - Umsning,Rural,100,37.9,54.5,7.6,98.6,37.4,53.8,7.5,1.4,0.6,0.7,0.1,28.2,1.3,0.2,0.1,0.3,1.5,64.9,3.3,0.2,41.5,1.9,7.9,26.2,2,3,0.7,5.6,10.8,0.4,27.8,44,0.5,0.8,26.3,0.3,0.3,2.4,10.1,29.7,28.3,16,6.9,6.5,4.3,6.8,11.3,14.3,15.2,35.4,12.7,84.3,11.5,4.1,20.6,69.2,8.9,1,0.2,0,25.1,21.3,5.4,13.6,0.7,1.4,17.1,5.2,8.3,1.9,9.9,43.7,46.3,69.1,28.4,1.2,0.4,0.1,0.9,62.6,2.7,12.9,5.4,9.5,30.7,0.4,0,0.8,37.4,1.7,35.7,15.6,6.4,78,3.7,29.3,67.1,92.7,0.7,0.1,0.9,0.4,2.3,2.7,0,0.1,0.1,100,95.3,89.7,5.6,4.6,3.3,1.3,0.1,31.1,30.4,28.4,0.6,3,1.1,40.6,1.3,3.9,2.1,3.9,0.8,36.3,21.7,48.5,29.1,3.3,25.9,0.6
17,MEGHALAYA,297,Ribhoi,01987,Umsning,000000,0000,Sub-Dist - Umsning,Urban,100,54.3,38,7.6,98,53.3,37.2,7.5,2,1,0.8,0.2,16.9,0,0,0,0,1,75.4,6.6,0,28.4,1.3,12.3,16.3,1.7,3.7,0.2,9.3,23.6,3.3,16.1,29.4,0,0.2,54,0.2,0.2,0.7,7,29.7,29.4,16.4,7,9.8,4.8,5.8,7.6,13,15.9,42,10.8,85.4,10.6,4,28.4,66.3,5.1,0.2,0,0,34.9,53.8,1.2,0,0,0,7,0.7,0.7,1.8,4.7,70.9,24.4,88,12,0,0,0,0,96,1.3,19.9,29.2,20.4,25.1,0,0,0,4,0,4,24.9,5.8,69.3,2.7,25.4,71.9,93.5,0.5,0,2.2,0.5,1,2.3,0,0,0,100,93.7,93.2,0.5,6.3,6.1,0.2,0,47.2,30.1,46.5,0.3,2.7,0.8,59.1,1,6.1,6.8,9.3,0.8,24.6,38.4,41.4,16.9,3.3,13.6,3.3
17,MEGHALAYA,298,East Khasi Hills,00000,East Khasi Hills,000000,0000,District - East Khasi Hills,Total,100,55.2,39,5.9,98.7,54.5,38.4,5.8,1.3,0.7,0.6,0.1,5.2,0.7,0.3,0.2,0.5,2,65.8,24.1,1.2,9.1,0.9,4,29.3,3,9.2,4.3,8.7,28.8,2.7,6.2,44.6,0.3,0.8,46.7,1.2,0.2,1.8,23.6,30.6,20,11.1,5.6,7.3,5.5,9.1,14,17.6,16.2,29.1,8.5,58.4,37.1,4.5,24.2,66.7,7.9,1,0.2,0,54,16,5.2,6.1,1.1,1.4,8.9,1.7,3.5,2,35.1,40.8,24.1,84.5,14.3,0.2,0.2,0.3,0.5,69.2,4.7,48.5,2.1,6.8,6.3,0.3,0.1,0.5,30.8,1.9,28.9,63.2,4.7,32.2,11,51.8,37.2,52,0.4,0,6.2,11,25.8,4.1,0.2,0.1,0.2,100,97.8,90.1,7.7,2.1,1.1,1,0.2,57.4,28.7,49.7,3.1,8.9,1.4,53.1,3.7,3.2,5,9.4,5.6,29.8,52.8,38.4,5,1.5,3.5,3.8
17,MEGHALAYA,298,East Khasi Hills,00000,East Khasi Hills,000000,0000,District - East Khasi Hills,Rural,100,37.9,52.9,9.3,98.9,37.4,52.3,9.2,1.1,0.5,0.6,0.1,8.2,0.9,0.3,0.3,0.3,1.6,78.3,8.9,1.1,16.1,1.3,4,39.2,3.5,11.2,6.2,4.7,13.4,0.5,10.2,59.5,0.2,0.8,28.9,0.2,0.1,2.6,22.9,33,21,11,4.8,4.7,5.5,8.4,12.3,14.8,15.2,33,10.9,83.9,13.1,3,23.2,67.2,8.5,0.9,0.2,0,34.6,21,7.8,11,1.8,1.2,11.6,3.2,6.2,1.7,9.8,55.1,35.1,72.4,25.8,0.3,0.3,0.3,0.8,44.3,2.2,18,2.6,9.6,10.5,0.4,0,1,55.7,2.2,53.5,40.8,6.4,52.8,2.1,33.3,64.5,89.9,0.5,0,1.8,2.2,3,2.2,0.1,0.1,0.1,100,96.4,85.8,10.6,3.5,1.7,1.8,0.1,41,19.1,24.1,0.4,3,0.7,32,0.7,1.9,1.5,3.4,0.9,50.6,38.3,51.6,8.5,2.1,6.4,1.6
17,MEGHALAYA,298,East Khasi Hills,00000,East Khasi Hills,000000,0000,District - East Khasi Hills,Urban,100,74.4,23.5,2.1,98.5,73.6,22.9,2,1.5,0.9,0.6,0.1,1.9,0.5,0.2,0.1,0.8,2.5,51.8,40.9,1.3,1.2,0.5,4,18.4,2.5,6.9,2.1,13.2,46,5.1,1.7,28.1,0.4,0.8,66.6,2.3,0.2,1,24.4,27.9,18.9,11.2,6.4,10.1,5.5,9.8,15.8,20.8,17.4,24.8,5.8,30.1,63.7,6.2,25.3,66.2,7.1,1.2,0.2,0,75.6,10.4,2.3,0.7,0.4,1.6,5.9,0.1,0.6,2.3,63.2,25,11.8,98,1.4,0,0.1,0.2,0.3,96.9,7.4,82.4,1.5,3.7,1.5,0.2,0.1,0.1,3.1,1.6,1.5,88.1,2.7,9.2,20.8,72.3,6.9,9.9,0.3,0,11,20.7,51.2,6.3,0.3,0.1,0.2,100,99.3,94.8,4.5,0.5,0.4,0.1,0.2,75.7,39.5,78.2,6.1,15.4,2.3,76.6,7,4.7,8.9,15.9,10.9,6.7,68.9,23.7,1,0.8,0.2,6.4
17,MEGHALAYA,298,East Khasi Hills,01988,Mawphlang,000000,0000,Sub-Dist - Mawphlang,Total,100,24,61.9,14,98.6,23.7,61.1,13.9,1.4,0.3,0.9,0.2,3,1.6,0.2,0.3,0.1,1.4,88.7,4.6,0.1,5.3,2.2,1.9,68.5,0.8,4,6.3,4.7,6.1,0.1,5.4,77.4,0.1,0.3,16.7,0.1,0,2.8,27.2,34.6,19.1,9.7,3.3,3.4,4.5,8.8,12.1,13.6,14.8,33.8,12.4,86.5,11.4,2.1,25.6,63.8,9.5,0.9,0.1,0,45.3,18.6,3.8,11.5,0.6,1.6,10,0.4,6.7,1.5,14.5,53.9,31.6,82.1,16.8,0,0.1,0.1,0.8,54.4,2.9,17.6,2.8,20.4,9.6,0.1,0,1,45.6,1.6,44,86.3,3.7,10,2.3,43.9,53.8,95.9,0.4,0,1.9,0.6,0.5,0.6,0,0,0.1,100,97.8,93.1,4.6,2.2,0.6,1.6,0.1,29.7,13.2,15.8,0.2,3.7,0.7,25.3,0.4,0.4,0.5,2.3,0.3,60.5,21.5,74,4.2,1.7,2.5,0.2
17,MEGHALAYA,298,East Khasi Hills,01988,Mawphlang,000000,0000,Sub-Dist - Mawphlang,Rural,100,24,61.9,14,98.6,23.7,61.1,13.9,1.4,0.3,0.9,0.2,3,1.6,0.2,0.3,0.1,1.4,88.7,4.6,0.1,5.3,2.2,1.9,68.5,0.8,4,6.3,4.7,6.1,0.1,5.4,77.4,0.1,0.3,16.7,0.1,0,2.8,27.2,34.6,19.1,9.7,3.3,3.4,4.5,8.8,12.1,13.6,14.8,33.8,12.4,86.5,11.4,2.1,25.6,63.8,9.5,0.9,0.1,0,45.3,18.6,3.8,11.5,0.6,1.6,10,0.4,6.7,1.5,14.5,53.9,31.6,82.1,16.8,0,0.1,0.1,0.8,54.4,2.9,17.6,2.8,20.4,9.6,0.1,0,1,45.6,1.6,44,86.3,3.7,10,2.3,43.9,53.8,95.9,0.4,0,1.9,0.6,0.5,0.6,0,0,0.1,100,97.8,93.1,4.6,2.2,0.6,1.6,0.1,29.7,13.2,15.8,0.2,3.7,0.7,25.3,0.4,0.4,0.5,2.3,0.3,60.5,21.5,74,4.2,1.7,2.5,0.2
17,MEGHALAYA,298,East Khasi Hills,01989,Mylliem,000000,0000,Sub-Dist - Mylliem,Total,100,72.1,25.6,2.4,98.6,71.3,25,2.3,1.4,0.8,0.5,0.1,2.5,0.5,0.2,0.1,0.8,2.4,55.6,36.6,1.3,1.7,0.6,3.6,23,2.2,6.8,1.9,12.6,43,4.5,2.4,31.8,0.3,0.8,62.4,2,0.2,1.2,23.4,27.6,19.5,11.6,6.6,10,5.3,9.6,15.6,20.2,17.3,25.7,6.4,36,58.1,5.9,24.2,67,7.4,1.2,0.2,0,71,11.3,2.7,2.2,0.5,1.7,7.5,0.1,0.6,2.5,55.1,29.7,15.2,95.8,3.6,0.1,0.1,0.2,0.3,94.3,6.7,75.3,2.3,5.3,4.3,0.1,0.1,0.1,5.7,1.7,4,83.3,2.8,13.9,18.4,68.7,13,19.4,0.4,0,10,18.4,45.1,6,0.3,0.1,0.2,100,98.7,94.4,4.3,1.1,0.5,0.6,0.2,73.3,37.2,72.9,5.5,14.1,2.1,72.9,6.2,4.4,8.2,15,9.9,10.3,64.9,27.9,1.6,1,0.5,5.6
17,MEGHALAYA,298,East Khasi Hills,01989,Mylliem,000000,0000,Sub-Dist - Mylliem,Rural,100,59.6,36.2,4.2,99.3,59.3,35.9,4.1,0.7,0.4,0.2,0.1,5.1,0.1,0,0,1,1.8,73.6,17.5,0.7,3.7,0.9,1.3,42.3,1.7,12.8,1.8,7.8,27.1,0.6,5.6,47.7,0.1,0.8,45.2,0.4,0.1,2,18.7,26.2,22.5,13.8,7.7,9.1,4.3,8.4,13.6,16.2,16.6,31.1,9.8,67.9,27.8,4.3,19.6,70,9,1.2,0.2,0,46.7,16.5,4.2,9.3,0.8,1.7,15.4,0.6,1.7,3.1,12.5,55.9,31.5,84.3,14.5,0.2,0.2,0.3,0.5,77.3,2.7,37.6,6.3,12.4,17.7,0,0,0.6,22.7,2.6,20.1,56.7,3.8,39.5,5.3,51.5,43.2,69.5,0.8,0,5.9,6.5,11.3,5.2,0.3,0.3,0.1,100,95.8,92.4,3.4,4,1,3,0.1,58.9,24.2,44,1.6,6.4,0.9,51.5,1.6,2.9,4.2,8.8,3.4,31.1,50,44.7,4.1,2,2,1.3
17,MEGHALAYA,298,East Khasi Hills,01989,Mylliem,000000,0000,Sub-Dist - Mylliem,Urban,100,74.7,23.3,2,98.5,73.9,22.7,1.9,1.5,0.8,0.6,0.1,1.9,0.5,0.3,0.1,0.8,2.5,51.8,40.7,1.4,1.2,0.5,4.1,18.9,2.4,5.6,2,13.6,46.4,5.3,1.7,28.4,0.4,0.8,66.1,2.4,0.2,1,24.4,27.9,18.8,11.2,6.4,10.2,5.5,9.9,16,21,17.4,24.6,5.7,29.2,64.6,6.2,25.2,66.3,7.1,1.2,0.2,0,76.1,10.2,2.3,0.7,0.4,1.7,5.8,0,0.3,2.4,64.2,24.1,11.7,98.2,1.2,0,0.1,0.1,0.3,97.9,7.6,83.3,1.5,3.7,1.5,0.2,0.1,0.1,2.1,1.6,0.6,89,2.6,8.4,21.1,72.3,6.5,8.8,0.3,0.1,10.8,20.9,52.3,6.1,0.3,0.1,0.3,100,99.3,94.8,4.5,0.5,0.4,0.1,0.3,76.4,40,79.1,6.3,15.8,2.3,77.4,7.2,4.8,9.1,16.3,11.2,5.9,68.1,24.3,1.1,0.8,0.2,6.6
17,MEGHALAYA,298,East Khasi Hills,01990,Mawryngkneng,000000,0000,Sub-Dist - Mawryngkneng,Total,100,41,47.8,11.3,98.6,40.1,47.2,11.2,1.4,0.8,0.6,0,5.7,1,0.1,0,0.1,0.7,83.8,6.8,1.7,7.7,0.8,5.6,42.7,1.9,10.4,5.1,5.5,19.3,0.8,8.1,52.5,0.1,0.8,38.1,0.3,0,2.1,24,27.9,18.5,13.7,6.5,7.2,3.8,7.7,11.4,14.7,15.1,34.8,12.5,79.9,15.9,4.2,20,72.3,7.2,0.5,0.1,0,25.9,15.5,21.7,15.4,3.1,1.7,8.4,0.2,7.9,0.2,7.9,48.7,43.3,73.2,24.4,0.2,0.1,0.4,1.7,59.2,2.2,20,1.4,11.4,23.8,0.3,0,0,40.8,2.6,38.3,46,3.1,50.9,1.6,42.5,55.9,89.1,0.2,0,1.9,3.8,2.2,2.4,0.1,0.1,0.2,100,97.2,94.8,2.5,2.6,1.4,1.2,0.2,55.4,25.2,26.6,0.2,2.7,0.6,36.4,0.4,0.9,1.7,4,0.6,45.8,41.7,49.6,6.2,2.4,3.8,2.5
17,MEGHALAYA,298,East Khasi Hills,01990,Mawryngkneng,000000,0000,Sub-Dist - Mawryngkneng,Rural,100,41,47.8,11.3,98.6,40.1,47.2,11.2,1.4,0.8,0.6,0,5.7,1,0.1,0,0.1,0.7,83.8,6.8,1.7,7.7,0.8,5.6,42.7,1.9,10.4,5.1,5.5,19.3,0.8,8.1,52.5,0.1,0.8,38.1,0.3,0,2.1,24,27.9,18.5,13.7,6.5,7.2,3.8,7.7,11.4,14.7,15.1,34.8,12.5,79.9,15.9,4.2,20,72.3,7.2,0.5,0.1,0,25.9,15.5,21.7,15.4,3.1,1.7,8.4,0.2,7.9,0.2,7.9,48.7,43.3,73.2,24.4,0.2,0.1,0.4,1.7,59.2,2.2,20,1.4,11.4,23.8,0.3,0,0,40.8,2.6,38.3,46,3.1,50.9,1.6,42.5,55.9,89.1,0.2,0,1.9,3.8,2.2,2.4,0.1,0.1,0.2,100,97.2,94.8,2.5,2.6,1.4,1.2,0.2,55.4,25.2,26.6,0.2,2.7,0.6,36.4,0.4,0.9,1.7,4,0.6,45.8,41.7,49.6,6.2,2.4,3.8,2.5
17,MEGHALAYA,298,East Khasi Hills,01991,Mawkynrew,000000,0000,Sub-Dist - Mawkynrew,Total,100,19.8,64.2,15.9,99.5,19.7,63.9,15.9,0.5,0.2,0.3,0,9.5,0.1,0.6,0.2,0.1,1.9,83.3,3.6,0.9,20,1.1,2.6,46.3,5.1,9.8,5.4,2.7,6.8,0.1,3.4,81.8,0.3,2.2,12.2,0.1,0,7.5,26.4,30,20.1,9.3,3.7,3,5.3,7.1,11.1,13.6,13.7,35.4,13.8,94.8,2.4,2.7,24.4,67.4,7.4,0.7,0.1,0,24.5,33.1,15,9.5,0,0,6.7,1.5,8.4,1.1,10.1,48.1,41.8,54.5,44.6,0.2,0.5,0.1,0,35.6,1.3,10,1.6,10.8,10.7,1,0,0.2,64.4,3.1,61.3,12.3,7.9,79.8,1.2,19.2,79.6,98.8,0.4,0,0.1,0.4,0.1,0.3,0,0,0,100,98.4,59.2,39.2,1.6,0.7,0.9,0,42.1,19.1,7.6,0.1,2,0.8,25.3,0.4,0.4,0.4,1.7,0.1,61.4,29.6,60,9.4,2.4,7,0.9
17,MEGHALAYA,298,East Khasi Hills,01991,Mawkynrew,000000,0000,Sub-Dist - Mawkynrew,Rural,100,19.8,64.2,15.9,99.5,19.7,63.9,15.9,0.5,0.2,0.3,0,9.5,0.1,0.6,0.2,0.1,1.9,83.3,3.6,0.9,20,1.1,2.6,46.3,5.1,9.8,5.4,2.7,6.8,0.1,3.4,81.8,0.3,2.2,12.2,0.1,0,7.5,26.4,30,20.1,9.3,3.7,3,5.3,7.1,11.1,13.6,13.7,35.4,13.8,94.8,2.4,2.7,24.4,67.4,7.4,0.7,0.1,0,24.5,33.1,15,9.5,0,0,6.7,1.5,8.4,1.1,10.1,48.1,41.8,54.5,44.6,0.2,0.5,0.1,0,35.6,1.3,10,1.6,10.8,10.7,1,0,0.2,64.4,3.1,61.3,12.3,7.9,79.8,1.2,19.2,79.6,98.8,0.4,0,0.1,0.4,0.1,0.3,0,0,0,100,98.4,59.2,39.2,1.6,0.7,0.9,0,42.1,19.1,7.6,0.1,2,0.8,25.3,0.4,0.4,0.4,1.7,0.1,61.4,29.6,60,9.4,2.4,7,0.9
17,MEGHALAYA,298,East Khasi Hills,01992,Khatarshnong Laitkroh,000000,0000,Sub-Dist - Khatarshnong Laitkroh,Total,100,33.3,54.7,12.1,99,32.8,54.3,11.9,1,0.4,0.4,0.1,5.1,0.7,0.1,0,0.1,0.9,87.8,5.2,0.1,13.5,1,5.3,34.3,7.8,21.1,7.6,3.1,6.3,0.1,5.3,64.5,0.1,1.1,28.7,0.2,0.1,2,24.8,32.9,22.8,11.1,3.5,2.9,6.3,9,13.2,14.9,15,32,9.5,87.6,9.4,3,28,65.2,6.2,0.5,0.1,0,13,22,18.5,17.5,0.1,0.2,16.5,0.9,11.1,0.2,5,36.3,58.7,62.1,34.7,1.8,0.9,0,0.5,25.6,0.7,9.9,0.5,7.2,6.8,0.1,0,0.4,74.4,0.7,73.7,32,6.3,61.7,0.7,28.6,70.7,96.7,0.3,0,0.3,0.4,0.4,2,0,0,0,100,95.7,82.6,13,4.3,0.8,3.5,0,49.8,20.7,17.4,0.2,0.8,0.4,33,0.5,0.4,0.5,1.9,0.2,50.2,45.1,49.5,5.2,1.4,3.8,0.2
17,MEGHALAYA,298,East Khasi Hills,01992,Khatarshnong Laitkroh,000000,0000,Sub-Dist - Khatarshnong Laitkroh,Rural,100,33.3,54.7,12.1,99,32.8,54.3,11.9,1,0.4,0.4,0.1,5.1,0.7,0.1,0,0.1,0.9,87.8,5.2,0.1,13.5,1,5.3,34.3,7.8,21.1,7.6,3.1,6.3,0.1,5.3,64.5,0.1,1.1,28.7,0.2,0.1,2,24.8,32.9,22.8,11.1,3.5,2.9,6.3,9,13.2,14.9,15,32,9.5,87.6,9.4,3,28,65.2,6.2,0.5,0.1,0,13,22,18.5,17.5,0.1,0.2,16.5,0.9,11.1,0.2,5,36.3,58.7,62.1,34.7,1.8,0.9,0,0.5,25.6,0.7,9.9,0.5,7.2,6.8,0.1,0,0.4,74.4,0.7,73.7,32,6.3,61.7,0.7,28.6,70.7,96.7,0.3,0,0.3,0.4,0.4,2,0,0,0,100,95.7,82.6,13,4.3,0.8,3.5,0,49.8,20.7,17.4,0.2,0.8,0.4,33,0.5,0.4,0.5,1.9,0.2,50.2,45.1,49.5,5.2,1.4,3.8,0.2
17,MEGHALAYA,298,East Khasi Hills,01993,Mawsynram,000000,0000,Sub-Dist - Mawsynram,Total,100,38.7,56.9,4.4,99.2,38.4,56.4,4.4,0.8,0.3,0.5,0,12.5,0.5,1,0.9,0.6,2.6,71.9,9.9,0.1,26.6,1.3,6.5,21.1,7.4,12.1,8.3,5.2,11.3,0.1,26.3,39.6,0.3,1.1,32.2,0.2,0.3,0.9,22.1,40.5,20.4,9.1,3.5,3.4,4.2,8,11.6,15.4,16.5,34,10.3,93.4,5.9,0.7,19.4,70.2,9.3,0.8,0.2,0,29.9,16.7,1.9,17.6,0.1,2.2,14.9,10.4,5.6,0.7,7.4,65.9,26.7,74,24.3,0.2,0.1,0.1,1.2,28.5,1.9,11.1,1.3,6,5.7,0,0.1,2.4,71.5,1.5,69.9,18.1,5.6,76.3,1.4,19,79.5,96.9,0.7,0,0.2,0.5,0.2,1.2,0.2,0,0,100,93.4,80.7,12.6,6.6,6,0.6,0,31.4,17.6,24.7,0.1,2,0.8,23.9,0.6,7.1,1.5,1.6,0.2,51.7,44.1,42.9,12.8,2.1,10.6,0.2
17,MEGHALAYA,298,East Khasi Hills,01993,Mawsynram,000000,0000,Sub-Dist - Mawsynram,Rural,100,38.7,56.9,4.4,99.2,38.4,56.4,4.4,0.8,0.3,0.5,0,12.5,0.5,1,0.9,0.6,2.6,71.9,9.9,0.1,26.6,1.3,6.5,21.1,7.4,12.1,8.3,5.2,11.3,0.1,26.3,39.6,0.3,1.1,32.2,0.2,0.3,0.9,22.1,40.5,20.4,9.1,3.5,3.4,4.2,8,11.6,15.4,16.5,34,10.3,93.4,5.9,0.7,19.4,70.2,9.3,0.8,0.2,0,29.9,16.7,1.9,17.6,0.1,2.2,14.9,10.4,5.6,0.7,7.4,65.9,26.7,74,24.3,0.2,0.1,0.1,1.2,28.5,1.9,11.1,1.3,6,5.7,0,0.1,2.4,71.5,1.5,69.9,18.1,5.6,76.3,1.4,19,79.5,96.9,0.7,0,0.2,0.5,0.2,1.2,0.2,0,0,100,93.4,80.7,12.6,6.6,6,0.6,0,31.4,17.6,24.7,0.1,2,0.8,23.9,0.6,7.1,1.5,1.6,0.2,51.7,44.1,42.9,12.8,2.1,10.6,0.2
17,MEGHALAYA,298,East Khasi Hills,01994,Shella Bholaganj,000000,0000,Sub-Dist - Shella Bholaganj,Total,100,44.4,49.4,6.2,97.6,43.3,48.2,6.2,2.4,1.1,1.3,0,10.5,1.2,0.1,0,0.1,2.2,62.7,20.3,2.9,19.9,1.2,7.9,12.9,5.8,24.6,6.7,1.6,19.1,0.2,25.4,28.4,0.1,0.6,45.3,0.1,0.1,2.6,22.2,38,20.6,9.5,3.9,3.2,7.1,9.3,12.7,15.1,15.8,32.4,7.6,76.8,19.8,3.4,21.4,67.5,9.8,1,0.2,0,31.5,21.9,0.5,6.8,8.5,0.6,14.1,8.1,6.6,1.4,17.7,53.8,28.5,69.7,29.2,0.1,0.2,0.4,0.5,30.3,2.3,22.6,1.7,1.4,1.4,0.2,0,0.6,69.7,2.4,67.3,31.7,10.5,57.8,2.9,33.8,63.3,78.6,0.9,0.1,4.3,4,5.5,6,0.1,0.4,0.1,100,95.7,86,9.8,4.2,2.3,1.8,0.1,34.7,16.1,28.5,0.2,2.1,0.5,28.8,0.4,2.3,0.7,3,0.3,53,57.4,28.1,11.4,3,8.4,3.1
17,MEGHALAYA,298,East Khasi Hills,01994,Shella Bholaganj,000000,0000,Sub-Dist - Shella Bholaganj,Rural,100,38.7,54.7,6.6,97.5,37.7,53.2,6.6,2.5,1,1.5,0,13.1,1.5,0.2,0,0.1,2.2,65.9,13.4,3.6,25,1.5,10,16,5.8,17.5,6.9,2.1,15.2,0.3,31.8,31.6,0.1,0.6,35.6,0.1,0.2,3,22.1,40.4,20.7,8.6,3.1,2.2,7.3,9.5,13,14.9,15.7,32.4,7.2,81.4,15.3,3.4,19.6,69.1,10.2,0.9,0.2,0,24.1,22.9,0.5,7.9,10.7,0.7,15.8,9.9,5.8,1.7,14.2,53.6,32.1,63.9,35,0.1,0.2,0.3,0.6,20.6,2.1,14.2,1.7,0.8,0.9,0.2,0,0.7,79.4,2.6,76.8,24.8,11.3,64,1,23.6,75.4,87.9,1,0.1,1,1.5,2.8,5,0,0.5,0.1,100,94.8,83.8,11,5,2.8,2.3,0.1,29.7,14.7,23.2,0.1,1.8,0.5,23.4,0.4,2.3,0.5,2.4,0.1,59,46.8,35,14.3,3.8,10.5,3.8
17,MEGHALAYA,298,East Khasi Hills,01994,Shella Bholaganj,000000,0000,Sub-Dist - Shella Bholaganj,Urban,100,65.7,29.5,4.8,98,64.1,29.2,4.7,2,1.6,0.3,0.1,0.9,0.1,0,0,0.1,1.8,50.8,46.2,0,0.9,0.2,0.4,1.2,5.9,51.3,6.2,0.1,33.8,0,1.1,16.4,0,0.5,81.7,0.1,0.1,1.1,22.8,28.9,20.3,12.7,7.3,6.8,6.2,8.4,11.6,16,16.2,32.4,9.2,59.5,37,3.6,28.1,61.8,8.5,1.4,0.1,0.1,59.6,18,0.8,2.6,0,0,7.6,1.4,10,0,31,54.1,14.9,91.5,7.5,0,0.1,0.7,0.2,66.3,3,54.1,1.9,3.7,3.3,0.1,0,0.2,33.7,1.8,31.9,58,7.5,34.5,10.2,71.9,17.9,43.8,0.6,0,16.5,13.6,15.4,9.7,0.3,0,0,100,99,94,5,1,0.7,0.3,0,53.6,21.6,48.6,0.4,3.3,0.8,49,0.6,2.7,1.5,5.4,1.1,30.7,96.9,2.4,0.7,0,0.7,0.1
17,MEGHALAYA,298,East Khasi Hills,01995,Pynursla,000000,0000,Sub-Dist - Pynursla,Total,100,33.8,57.2,8.9,98.9,33.3,56.7,8.9,1.1,0.5,0.5,0,14.8,1.3,0.3,0.6,0.1,1.5,73.4,5.9,2.1,37.4,1.6,1.5,28.7,2.1,7.8,11,3.4,5.2,1.4,1.2,84,0.2,0.3,14,0,0.3,1.7,20.7,35.8,24.2,10.3,4.4,2.9,9.4,9,11.8,14.3,13.3,31.3,11,91.2,6.1,2.6,31.5,58.4,8.3,1.5,0.2,0.1,46.4,29.2,2.3,2,0.1,0.4,5.7,3.8,6.4,3.6,3.8,69.1,27,67,29.8,0.5,0.9,1.2,0.5,19.8,2.6,8.3,2.3,1.7,0.9,1.6,0,2.4,80.2,2.6,77.6,17.9,13,69.1,1.1,18.9,80.1,97.2,0.5,0,0.2,0.8,1,0.2,0,0,0.1,100,97.6,85.1,12.5,2.3,1,1.3,0.1,24.8,15.9,18.7,0.1,1.5,0.6,25.8,0.5,0.3,0.4,1.2,0.1,56.9,28.4,53.1,15.2,1.1,14,3.3
17,MEGHALAYA,298,East Khasi Hills,01995,Pynursla,000000,0000,Sub-Dist - Pynursla,Rural,100,33.8,57.2,8.9,98.9,33.3,56.7,8.9,1.1,0.5,0.5,0,14.8,1.3,0.3,0.6,0.1,1.5,73.4,5.9,2.1,37.4,1.6,1.5,28.7,2.1,7.8,11,3.4,5.2,1.4,1.2,84,0.2,0.3,14,0,0.3,1.7,20.7,35.8,24.2,10.3,4.4,2.9,9.4,9,11.8,14.3,13.3,31.3,11,91.2,6.1,2.6,31.5,58.4,8.3,1.5,0.2,0.1,46.4,29.2,2.3,2,0.1,0.4,5.7,3.8,6.4,3.6,3.8,69.1,27,67,29.8,0.5,0.9,1.2,0.5,19.8,2.6,8.3,2.3,1.7,0.9,1.6,0,2.4,80.2,2.6,77.6,17.9,13,69.1,1.1,18.9,80.1,97.2,0.5,0,0.2,0.8,1,0.2,0,0,0.1,100,97.6,85.1,12.5,2.3,1,1.3,0.1,24.8,15.9,18.7,0.1,1.5,0.6,25.8,0.5,0.3,0.4,1.2,0.1,56.9,28.4,53.1,15.2,1.1,14,3.3
17,MEGHALAYA,299,Jaintia Hills,00000,Jaintia Hills,000000,0000,District - Jaintia Hills,Total,100,48.3,43.9,7.9,98.7,47.6,43.2,7.8,1.3,0.6,0.6,0.1,13,3.1,0.8,0.5,0.9,3.1,65.1,12.4,1.1,18,2.1,13.9,30.8,3.1,5.1,2.7,9.3,13.8,1.3,23.3,36.4,0.3,0.7,38.6,0.6,0.2,1.8,11.4,21.9,21.1,18.2,11.5,14,3.3,5.6,9.5,13,14.4,38.1,16.1,88.3,10,1.7,15.9,65,15.3,3,0.7,0.2,18.2,7.3,24,14.4,0.3,3.5,19.4,2.2,6.1,4.7,12.9,46.1,41,64.3,32.1,0.7,0.9,0.7,1.3,47.7,4.4,17,4,6.9,14.1,0.5,0.2,0.8,52.3,4.2,48.1,63.4,7.3,29.3,5.9,34.2,59.8,83.3,0.9,0.1,2.3,0.9,11,0.8,0.2,0.3,0.2,100,95.3,89.4,5.9,4.6,3,1.6,0.2,36.7,15.7,26.8,0.8,5.9,1,45.2,1,2.8,1.5,7.4,1.4,40.7,32.7,50.2,14.9,5.6,9.3,2.2
17,MEGHALAYA,299,Jaintia Hills,00000,Jaintia Hills,000000,0000,District - Jaintia Hills,Rural,100,45.2,46.4,8.4,98.8,44.7,45.8,8.3,1.2,0.5,0.6,0.1,13.8,3.3,0.8,0.6,1,3.3,67.6,8.8,0.9,19.4,2.2,14.3,32.7,3.2,5.1,2.8,8.7,10.1,1.3,25.2,37.8,0.3,0.7,35.3,0.5,0.2,1.9,11.4,21.9,21.4,18.5,11.4,13.4,3.3,5.5,9.6,12.8,14.3,38.3,16.3,91.6,7,1.5,15.6,65.2,15.4,2.9,0.7,0.2,14.2,7.6,25.1,15.6,0.2,3.7,20,2.4,6.4,4.8,9.1,47.6,43.3,61.4,34.8,0.8,0.9,0.7,1.4,43.6,2.1,13.3,4.2,7.3,15.1,0.5,0.2,0.9,56.4,4.4,52.1,60.4,7.8,31.8,4.1,31.2,64.7,90.2,1,0.1,1.6,0.8,4.9,0.8,0.2,0.3,0.2,100,94.9,88.7,6.2,4.9,3.2,1.7,0.2,32.6,15.6,22.6,0.5,5.1,0.8,42.1,0.8,2.5,1.2,6.3,0.7,43.7,28.9,52.9,16,5.9,10.1,2.1
17,MEGHALAYA,299,Jaintia Hills,00000,Jaintia Hills,000000,0000,District - Jaintia Hills,Urban,100,83.9,14,2.1,97.5,82.1,13.4,2,2.5,1.9,0.6,0,3.3,0.3,0,0.2,0.7,1.6,36.3,54.8,3,1.7,0.8,9.2,8.4,1,6,0.8,15.2,56.5,0.4,0.6,20.7,0.1,0.4,76,2.2,0.1,0.4,11.9,21.5,17.9,15.3,11.5,21.3,3.7,6.9,9.2,14.6,15.9,35.2,14.4,50.9,45.4,3.7,19.5,62,14,3.6,0.7,0.3,63.9,3.7,11.2,1.2,0.7,1,13.2,0,2,3,57.5,28.8,13.8,97.9,1,0.1,0.1,0.4,0.4,96.1,30.8,59.9,1.3,2,1.7,0.3,0,0.1,3.9,2.1,1.8,98.1,1.1,0.8,27.8,69.3,2.9,3.5,0.5,0,9.7,2.7,81.7,1.3,0,0.4,0.1,100,99.4,97.3,2.1,0.5,0.4,0.1,0.1,84,16.3,75.3,3.9,15.5,3.6,81.6,2.8,6.5,4.9,19.6,9.1,6,76.4,17.8,2.4,2.1,0.3,3.3
17,MEGHALAYA,299,Jaintia Hills,01996,Thadlaskein,000000,0000,Sub-Dist - Thadlaskein,Total,100,50,43.3,6.7,98.6,49.3,42.6,6.7,1.4,0.7,0.6,0,11,0.6,0.2,0.1,0.9,1.9,68.7,15.7,0.9,14.2,1.3,21.5,24.2,2.5,4.3,0.8,9.4,20.9,1,17.9,37.9,0.3,0.5,42.8,0.6,0,1.4,9.9,21.9,20.5,18.9,11.8,15.5,2.9,5.6,9.6,13.3,14.9,38.2,15.5,83.5,14.7,1.9,15.5,63.1,17.1,3.3,0.8,0.3,18.2,2.7,26.7,19.4,0.5,2.6,21.3,0.8,6.8,1,17.4,40.4,42.2,66.7,29.7,0.9,1.1,0.4,1.2,60.9,8.1,21.9,3.6,8.5,17.6,0.3,0.5,0.4,39.1,5.4,33.7,75.9,5.6,18.5,8.8,42,49.3,72.6,0.8,0.1,2.9,0.8,21.8,0.6,0.2,0.1,0.1,100,96.5,91.7,4.7,3.4,2.2,1.2,0.1,39.6,16.8,31.6,1.3,7.5,1.2,50.1,1.5,5,1.8,7.5,2.5,35,36.6,50.7,10.9,3.8,7.1,1.8
17,MEGHALAYA,299,Jaintia Hills,01996,Thadlaskein,000000,0000,Sub-Dist - Thadlaskein,Rural,100,40.1,51.8,8.1,99,39.8,51.2,8,1,0.4,0.6,0.1,13.3,0.7,0.2,0.1,1,2,78.1,4.3,0.4,17.8,1.4,25.1,28.8,2.9,3.8,0.7,7.7,10.5,1.2,22.9,42.9,0.4,0.5,33.1,0.1,0,1.7,9.4,22,21.3,19.9,11.9,13.9,2.7,5.2,9.7,12.9,14.6,39.1,15.8,93,5.7,1.3,14.3,63.4,18,3.2,0.8,0.3,4.8,2.4,31.2,24.7,0.5,3,23.7,1,8.2,0.5,5.7,43.8,50.5,57.6,38.1,1.2,1.4,0.4,1.4,50.6,1.5,10.8,4.3,10.4,22.3,0.3,0.6,0.5,49.4,6.4,43,69.5,6.9,23.6,3.2,34,62.8,92.7,0.9,0.1,0.9,0.2,4.3,0.4,0.3,0,0.1,100,95.6,90.1,5.5,4.3,2.8,1.5,0.1,26.7,16.9,18.8,0.5,5.2,0.6,40.9,1.1,4.6,1,4,0.6,43.5,25,60.3,13.3,4.3,9.1,1.4
17,MEGHALAYA,299,Jaintia Hills,01996,Thadlaskein,000000,0000,Sub-Dist - Thadlaskein,Urban,100,83.9,14,2.1,97.5,82.1,13.4,2,2.5,1.9,0.6,0,3.3,0.3,0,0.2,0.7,1.6,36.3,54.8,3,1.7,0.8,9.2,8.4,1,6,0.8,15.2,56.5,0.4,0.6,20.7,0.1,0.4,76,2.2,0.1,0.4,11.9,21.5,17.9,15.3,11.5,21.3,3.7,6.9,9.2,14.6,15.9,35.2,14.4,50.9,45.4,3.7,19.5,62,14,3.6,0.7,0.3,63.9,3.7,11.2,1.2,0.7,1,13.2,0,2,3,57.5,28.8,13.8,97.9,1,0.1,0.1,0.4,0.4,96.1,30.8,59.9,1.3,2,1.7,0.3,0,0.1,3.9,2.1,1.8,98.1,1.1,0.8,27.8,69.3,2.9,3.5,0.5,0,9.7,2.7,81.7,1.3,0,0.4,0.1,100,99.4,97.3,2.1,0.5,0.4,0.1,0.1,84,16.3,75.3,3.9,15.5,3.6,81.6,2.8,6.5,4.9,19.6,9.1,6,76.4,17.8,2.4,2.1,0.3,3.3
17,MEGHALAYA,299,Jaintia Hills,01997,Laskein,000000,0000,Sub-Dist - Laskein,Total,100,45.6,45.5,8.9,98.7,44.9,45,8.8,1.3,0.7,0.5,0.1,16.7,2.7,0.5,0.1,0.1,2.4,72,5.4,0,22.4,1.6,14.9,42.7,2.4,2.4,0.8,6.6,6.2,0.1,32.3,45,0.2,0.4,21.7,0.3,0,2.4,10.8,22,20.4,18.3,11.8,14.4,2.8,4.8,8.4,12.5,14.2,39,18.3,93.7,5.2,1.2,16.5,64.7,14.9,3,0.7,0.1,6.7,3.5,47.2,12.3,0.2,5.6,19.1,1.2,2.7,1.5,7.7,50.4,41.9,49.4,47.3,0.3,1.1,0.3,1.6,49.7,1.1,9.3,4.2,12.7,21.1,0.1,0,1.1,50.3,1.8,48.5,61.7,7.3,31.1,2.7,29.5,67.8,93.6,0.9,0.1,1.6,0.5,2.5,0.5,0.2,0.1,0.2,100,93.5,89.7,3.9,6.2,4.9,1.4,0.2,26.5,16.4,16.2,0.3,2.9,1,39.9,0.8,2.3,1.3,3.9,0.3,48.4,17.4,63.9,18.6,6.5,12,0.1
17,MEGHALAYA,299,Jaintia Hills,01997,Laskein,000000,0000,Sub-Dist - Laskein,Rural,100,45.6,45.5,8.9,98.7,44.9,45,8.8,1.3,0.7,0.5,0.1,16.7,2.7,0.5,0.1,0.1,2.4,72,5.4,0,22.4,1.6,14.9,42.7,2.4,2.4,0.8,6.6,6.2,0.1,32.3,45,0.2,0.4,21.7,0.3,0,2.4,10.8,22,20.4,18.3,11.8,14.4,2.8,4.8,8.4,12.5,14.2,39,18.3,93.7,5.2,1.2,16.5,64.7,14.9,3,0.7,0.1,6.7,3.5,47.2,12.3,0.2,5.6,19.1,1.2,2.7,1.5,7.7,50.4,41.9,49.4,47.3,0.3,1.1,0.3,1.6,49.7,1.1,9.3,4.2,12.7,21.1,0.1,0,1.1,50.3,1.8,48.5,61.7,7.3,31.1,2.7,29.5,67.8,93.6,0.9,0.1,1.6,0.5,2.5,0.5,0.2,0.1,0.2,100,93.5,89.7,3.9,6.2,4.9,1.4,0.2,26.5,16.4,16.2,0.3,2.9,1,39.9,0.8,2.3,1.3,3.9,0.3,48.4,17.4,63.9,18.6,6.5,12,0.1
17,MEGHALAYA,299,Jaintia Hills,01998,Amlarem,000000,0000,Sub-Dist - Amlarem,Total,100,46.1,45.8,8.1,99,45.6,45.3,8.1,1,0.5,0.5,0,9.7,0.5,1.6,1.5,1,1.8,73.4,8.3,2.2,25.6,1.1,14.4,9.6,7.7,15.7,1.9,3.8,14.3,5.6,34.7,14,0.2,0.8,49.3,0.1,0.9,1.1,12.9,22.3,24.4,19.5,11.6,8.2,5.9,6.8,10.2,13.2,13.7,34.9,15.2,88.8,7.3,3.9,20.9,59.9,15.2,3,0.7,0.4,40.9,25.8,7.5,8,0,1.7,7.7,4.3,2.7,1.3,15.5,51,33.5,70.6,27.4,0.3,0.1,0.2,1.4,17.7,4.2,9.9,1.1,0.5,1,0.2,0,0.8,82.3,3.9,78.5,25.3,10.3,64.4,3.5,26.5,70.1,95,0.5,0,0.1,0.9,2.5,0.2,0.5,0.1,0.1,100,96.9,92.1,4.7,3,1.3,1.7,0.1,45.5,8,20.5,0.3,2.2,0.6,32.9,0.7,0.3,0.6,2.2,0.2,54.3,42.5,41.3,8.5,2,6.4,7.7
17,MEGHALAYA,299,Jaintia Hills,01998,Amlarem,000000,0000,Sub-Dist - Amlarem,Rural,100,46.1,45.8,8.1,99,45.6,45.3,8.1,1,0.5,0.5,0,9.7,0.5,1.6,1.5,1,1.8,73.4,8.3,2.2,25.6,1.1,14.4,9.6,7.7,15.7,1.9,3.8,14.3,5.6,34.7,14,0.2,0.8,49.3,0.1,0.9,1.1,12.9,22.3,24.4,19.5,11.6,8.2,5.9,6.8,10.2,13.2,13.7,34.9,15.2,88.8,7.3,3.9,20.9,59.9,15.2,3,0.7,0.4,40.9,25.8,7.5,8,0,1.7,7.7,4.3,2.7,1.3,15.5,51,33.5,70.6,27.4,0.3,0.1,0.2,1.4,17.7,4.2,9.9,1.1,0.5,1,0.2,0,0.8,82.3,3.9,78.5,25.3,10.3,64.4,3.5,26.5,70.1,95,0.5,0,0.1,0.9,2.5,0.2,0.5,0.1,0.1,100,96.9,92.1,4.7,3,1.3,1.7,0.1,45.5,8,20.5,0.3,2.2,0.6,32.9,0.7,0.3,0.6,2.2,0.2,54.3,42.5,41.3,8.5,2,6.4,7.7
17,MEGHALAYA,299,Jaintia Hills,01999,Khliehriat,000000,0000,Sub-Dist - Khliehriat,Total,100,47.6,41.9,10.5,98.2,46.9,41,10.4,1.8,0.7,0.9,0.1,11.1,7.1,1.7,0.8,1.5,5.7,52.6,18.2,1.3,14.3,3.5,3.5,36.1,2.4,3.5,6.2,15.8,14,0.7,19.3,30.3,0.4,1,47.6,1.1,0.2,1.4,10.3,20.5,22,17.5,11.4,16.9,3.3,5.7,10.1,12.8,14,37.8,16.3,86.7,12.1,1.2,13.8,69.2,13.6,2.7,0.6,0.2,22.1,8.1,9,13,0.1,4.9,21.4,3.9,6.5,10.9,14,51.6,34.5,73,22.9,1,0.5,1.4,1.2,44.7,2.9,23.8,4.6,3.3,7.1,1.3,0,1.6,55.3,4.3,51,64.4,6.1,29.5,6.8,33.4,59.9,79,1.2,0.1,3.9,1.9,10.9,1.6,0.2,1,0.2,100,94.5,89.1,5.4,5.3,2.9,2.3,0.2,41.2,18.2,35.9,0.9,7.3,1.1,50.7,0.8,1.7,1.6,12.8,1.8,35.3,40,41.6,16.6,8.7,7.9,1.8
17,MEGHALAYA,299,Jaintia Hills,01999,Khliehriat,000000,0000,Sub-Dist - Khliehriat,Rural,100,47.6,41.9,10.5,98.2,46.9,41,10.4,1.8,0.7,0.9,0.1,11.1,7.1,1.7,0.8,1.5,5.7,52.6,18.2,1.3,14.3,3.5,3.5,36.1,2.4,3.5,6.2,15.8,14,0.7,19.3,30.3,0.4,1,47.6,1.1,0.2,1.4,10.3,20.5,22,17.5,11.4,16.9,3.3,5.7,10.1,12.8,14,37.8,16.3,86.7,12.1,1.2,13.8,69.2,13.6,2.7,0.6,0.2,22.1,8.1,9,13,0.1,4.9,21.4,3.9,6.5,10.9,14,51.6,34.5,73,22.9,1,0.5,1.4,1.2,44.7,2.9,23.8,4.6,3.3,7.1,1.3,0,1.6,55.3,4.3,51,64.4,6.1,29.5,6.8,33.4,59.9,79,1.2,0.1,3.9,1.9,10.9,1.6,0.2,1,0.2,100,94.5,89.1,5.4,5.3,2.9,2.3,0.2,41.2,18.2,35.9,0.9,7.3,1.1,50.7,0.8,1.7,1.6,12.8,1.8,35.3,40,41.6,16.6,8.7,7.9,1.8
17,MEGHALAYA,299,Jaintia Hills,02000,Saipung,000000,0000,Sub-Dist - Saipung,Total,100,52.2,44.4,3.4,99.5,52,44.1,3.4,0.5,0.2,0.3,0,20.6,6.6,0.4,1.5,1.5,4.9,54.7,7.7,2.2,21.7,4.4,6.5,41.2,2.8,5.3,7,6.2,3.9,1,17.7,53.5,0.3,0.7,26.8,0.9,0.1,3.9,19.8,24.7,18.9,16.1,9.1,7.6,2.9,5.7,9.8,13.2,14.5,39.7,14.1,97.6,2.1,0.4,14.8,68.6,13.6,2.4,0.4,0.2,7.6,8.2,15.6,11.7,0,0.8,23,3.1,14.6,15.4,2.2,38.4,59.4,61.1,33.5,0.8,1.2,1.7,1.5,37.7,1.3,8.6,7.3,3.4,16.8,0.2,0,0.1,62.3,5.1,57.2,64.7,13,22.3,3.8,27.5,68.6,95.7,1,0.1,0.5,0.1,1,1.3,0.1,0,0.1,100,94.7,76.7,18,5.2,3.9,1.3,0.1,27.6,13.5,18.9,0.2,8.1,0.5,41.2,0.6,1.5,1.6,8.3,0.2,40.2,23.7,47.4,26.1,7.6,18.5,2.8
17,MEGHALAYA,299,Jaintia Hills,02000,Saipung,000000,0000,Sub-Dist - Saipung,Rural,100,52.2,44.4,3.4,99.5,52,44.1,3.4,0.5,0.2,0.3,0,20.6,6.6,0.4,1.5,1.5,4.9,54.7,7.7,2.2,21.7,4.4,6.5,41.2,2.8,5.3,7,6.2,3.9,1,17.7,53.5,0.3,0.7,26.8,0.9,0.1,3.9,19.8,24.7,18.9,16.1,9.1,7.6,2.9,5.7,9.8,13.2,14.5,39.7,14.1,97.6,2.1,0.4,14.8,68.6,13.6,2.4,0.4,0.2,7.6,8.2,15.6,11.7,0,0.8,23,3.1,14.6,15.4,2.2,38.4,59.4,61.1,33.5,0.8,1.2,1.7,1.5,37.7,1.3,8.6,7.3,3.4,16.8,0.2,0,0.1,62.3,5.1,57.2,64.7,13,22.3,3.8,27.5,68.6,95.7,1,0.1,0.5,0.1,1,1.3,0.1,0,0.1,100,94.7,76.7,18,5.2,3.9,1.3,0.1,27.6,13.5,18.9,0.2,8.1,0.5,41.2,0.6,1.5,1.6,8.3,0.2,40.2,23.7,47.4,26.1,7.6,18.5,2.8
