15,MIZORAM,000,MIZORAM,00000,MIZORAM,000000,0000,State - MIZORAM,Rural,100,49.78,45.94,4.28,98.48,48.92,45.31,4.26,1.52,0.87,0.63,0.02,31.25,0.72,0.08,0.08,0.04,0.63,65.59,1.43,0.19,49.16,1.2,0.15,3.96,0.07,0.2,40.48,1.49,1.56,1.72,5.79,86.74,0.09,0.08,7.08,0.13,0.09,4.05,25.52,44.16,19.35,5,1.25,0.66,4.82,8.23,12.69,17.19,18.85,31.88,6.35,85.66,12.62,1.73,16.49,73.44,9.14,0.84,0.08,0.01,14.61,26.77,1.72,3.44,0.79,1.22,25.55,14.5,2.34,9.06,6.37,61.56,32.07,68.79,26.85,2.74,0.61,0.53,0.48,84.58,6.37,23.01,9.1,21.7,23.71,0.07,0.1,0.52,15.42,2.52,12.9,44.71,14.12,41.16,5.01,32.6,62.39,80.78,0.34,0.07,0.26,0.29,17.93,0.09,0.07,0.08,0.08,100,97.87,78.76,19.12,2.05,0.94,1.11,0.08,35.93,28.41,34.44,0.43,4.3,1.38,48.42,4.3,2.81,7.19,2.49,1.27,32.78,43.33,23.36,31.49,0.2,31.28,1.83,15,MIZORAM,000,MIZORAM,00000,MIZORAM,000000,0000,State - MIZORAM,Rural,100,49.78,45.94,4.28,98.48,48.92,45.31,4.26,1.52,0.87,0.63,0.02,31.25,0.72,0.08,0.08,0.04,0.63,65.59,1.43,0.19,49.16,1.2,0.15,3.96,0.07,0.2,40.48,1.49,1.56,1.72,5.79,86.74,0.09,0.08,7.08,0.13,0.09,4.05,25.52,44.16,19.35,5,1.25,0.66,4.82,8.23,12.69,17.19,18.85,31.88,6.35,85.66,12.62,1.73,16.49,73.44,9.14,0.84,0.08,0.01,14.61,26.77,1.72,3.44,0.79,1.22,25.55,14.5,2.34,9.06,6.37,61.56,32.07,68.79,26.85,2.74,0.61,0.53,0.48,84.58,6.37,23.01,9.1,21.7,23.71,0.07,0.1,0.52,15.42,2.52,12.9,44.71,14.12,41.16,5.01,32.6,62.39,80.78,0.34,0.07,0.26,0.29,17.93,0.09,0.07,0.08,0.08,100,97.87,78.76,19.12,2.05,0.94,1.11,0.08,35.93,28.41,34.44,0.43,4.3,1.38,48.42,4.3,2.81,7.19,2.49,1.27,32.78,43.33,23.36,31.49,0.2,31.28,1.83
15,MIZORAM,000,MIZORAM,00000,MIZORAM,000000,0000,State - MIZORAM,Total,100,62.32,34.86,2.82,98.46,61.37,34.3,2.8,1.54,0.96,0.56,0.02,17.61,0.51,0.06,0.13,0.12,0.95,66.84,13.65,0.12,28.98,0.84,0.21,2.68,0.17,0.28,48.21,7.19,10.2,1.23,5.34,69.86,0.1,0.09,23.64,0.83,0.13,2.8,18.84,42.55,22.2,8.32,2.99,2.3,4.96,8.45,12.9,18.02,19.74,29.89,6.03,65.83,31.8,2.37,20.02,69.97,9.04,0.89,0.07,0.01,39.44,19.28,1.96,2.74,0.82,0.89,18.41,7.71,1.82,6.93,31.16,46.66,22.18,84.2,13.53,1.33,0.34,0.32,0.28,91.91,5.7,48.41,6.65,15.11,15.47,0.26,0.05,0.25,8.09,1.51,6.58,65.18,9.89,24.93,13.12,46.5,40.38,44.49,0.28,0.05,0.44,1.76,52.55,0.15,0.1,0.05,0.14,100,98.59,83.13,15.46,1.27,0.66,0.61,0.14,54.86,33.52,55.06,2.54,12.69,1.67,63.89,7.15,4.26,13.83,7.27,7.71,18.96,64.23,18.17,16.29,0.14,16.15,1.31,15,MIZORAM,000,MIZORAM,00000,MIZORAM,000000,0000,State - MIZORAM,Total,100,62.32,34.86,2.82,98.46,61.37,34.3,2.8,1.54,0.96,0.56,0.02,17.61,0.51,0.06,0.13,0.12,0.95,66.84,13.65,0.12,28.98,0.84,0.21,2.68,0.17,0.28,48.21,7.19,10.2,1.23,5.34,69.86,0.1,0.09,23.64,0.83,0.13,2.8,18.84,42.55,22.2,8.32,2.99,2.3,4.96,8.45,12.9,18.02,19.74,29.89,6.03,65.83,31.8,2.37,20.02,69.97,9.04,0.89,0.07,0.01,39.44,19.28,1.96,2.74,0.82,0.89,18.41,7.71,1.82,6.93,31.16,46.66,22.18,84.2,13.53,1.33,0.34,0.32,0.28,91.91,5.7,48.41,6.65,15.11,15.47,0.26,0.05,0.25,8.09,1.51,6.58,65.18,9.89,24.93,13.12,46.5,40.38,44.49,0.28,0.05,0.44,1.76,52.55,0.15,0.1,0.05,0.14,100,98.59,83.13,15.46,1.27,0.66,0.61,0.14,54.86,33.52,55.06,2.54,12.69,1.67,63.89,7.15,4.26,13.83,7.27,7.71,18.96,64.23,18.17,16.29,0.14,16.15,1.31
15,MIZORAM,000,MIZORAM,00000,MIZORAM,000000,0000,State - MIZORAM,Urban,100,73.64,24.86,1.5,98.45,72.6,24.37,1.48,1.55,1.04,0.49,0.02,5.31,0.32,0.05,0.18,0.2,1.23,67.97,24.68,0.06,10.77,0.51,0.26,1.53,0.27,0.36,55.18,12.33,18,0.8,4.94,54.64,0.11,0.1,38.59,1.46,0.16,1.67,12.8,41.1,24.78,11.32,4.56,3.78,5.1,8.66,13.08,18.78,20.53,28.09,5.75,47.94,49.1,2.96,23.2,66.85,8.95,0.92,0.07,0.01,61.84,12.52,2.17,2.11,0.85,0.59,11.97,1.58,1.35,5.01,53.53,33.21,13.26,98.12,1.5,0.06,0.09,0.12,0.11,98.52,5.09,71.33,4.44,9.16,8.04,0.44,0.01,0.01,1.48,0.6,0.88,83.66,6.07,10.28,20.43,59.05,20.52,11.75,0.22,0.03,0.59,3.07,83.79,0.21,0.11,0.02,0.2,100,99.24,87.08,12.16,0.56,0.4,0.16,0.2,71.94,38.14,73.67,4.43,20.25,1.93,77.86,9.72,5.57,19.82,11.59,13.52,6.5,83.09,13.49,2.57,0.09,2.49,0.85,15,MIZORAM,000,MIZORAM,00000,MIZORAM,000000,0000,State - MIZORAM,Urban,100,73.64,24.86,1.5,98.45,72.6,24.37,1.48,1.55,1.04,0.49,0.02,5.31,0.32,0.05,0.18,0.2,1.23,67.97,24.68,0.06,10.77,0.51,0.26,1.53,0.27,0.36,55.18,12.33,18,0.8,4.94,54.64,0.11,0.1,38.59,1.46,0.16,1.67,12.8,41.1,24.78,11.32,4.56,3.78,5.1,8.66,13.08,18.78,20.53,28.09,5.75,47.94,49.1,2.96,23.2,66.85,8.95,0.92,0.07,0.01,61.84,12.52,2.17,2.11,0.85,0.59,11.97,1.58,1.35,5.01,53.53,33.21,13.26,98.12,1.5,0.06,0.09,0.12,0.11,98.52,5.09,71.33,4.44,9.16,8.04,0.44,0.01,0.01,1.48,0.6,0.88,83.66,6.07,10.28,20.43,59.05,20.52,11.75,0.22,0.03,0.59,3.07,83.79,0.21,0.11,0.02,0.2,100,99.24,87.08,12.16,0.56,0.4,0.16,0.2,71.94,38.14,73.67,4.43,20.25,1.93,77.86,9.72,5.57,19.82,11.59,13.52,6.5,83.09,13.49,2.57,0.09,2.49,0.85
15,MIZORAM,281,Mamit,00000,Mamit,000000,0000,District - Mamit,Rural,100,44.3,49.7,5.9,98.4,43.5,49,5.9,1.6,0.9,0.7,0.1,39,1.4,0,0,0,0.3,57.8,1.2,0.2,58.1,1.6,0.2,1.9,0,0,35.2,0.8,2.1,0,9.2,83,0.1,0,7.4,0.2,0.1,6.4,32.7,37.4,17.6,4.2,1.2,0.6,5.5,8.2,13.6,17.5,19,31,5.2,85.4,12.4,2.1,16.5,74.6,8.2,0.6,0.1,0,5.8,10.5,0.4,3.5,0.8,0.1,42.5,16.7,2.6,17,8.4,62.9,28.7,65.2,31.2,2.1,0.3,0.8,0.4,83.1,2.4,19.4,7.9,26.9,25.4,0.2,0.6,0.1,16.9,1.6,15.3,31.6,14.3,54.1,6.3,30.3,63.5,83.7,0.5,0.4,0,0.3,14.8,0.1,0,0.1,0.1,100,96.8,84.6,12.2,3.1,0.7,2.3,0.1,28.2,31,31.7,0.4,4.6,0.7,49.5,2.7,2.3,7.4,2.3,1.4,34.2,37.9,21.8,40.2,0.2,39.9,0.2,15,MIZORAM,281,Mamit,00000,Mamit,000000,0000,District - Mamit,Rural,100,44.3,49.7,5.9,98.4,43.5,49,5.9,1.6,0.9,0.7,0.1,39,1.4,0,0,0,0.3,57.8,1.2,0.2,58.1,1.6,0.2,1.9,0,0,35.2,0.8,2.1,0,9.2,83,0.1,0,7.4,0.2,0.1,6.4,32.7,37.4,17.6,4.2,1.2,0.6,5.5,8.2,13.6,17.5,19,31,5.2,85.4,12.4,2.1,16.5,74.6,8.2,0.6,0.1,0,5.8,10.5,0.4,3.5,0.8,0.1,42.5,16.7,2.6,17,8.4,62.9,28.7,65.2,31.2,2.1,0.3,0.8,0.4,83.1,2.4,19.4,7.9,26.9,25.4,0.2,0.6,0.1,16.9,1.6,15.3,31.6,14.3,54.1,6.3,30.3,63.5,83.7,0.5,0.4,0,0.3,14.8,0.1,0,0.1,0.1,100,96.8,84.6,12.2,3.1,0.7,2.3,0.1,28.2,31,31.7,0.4,4.6,0.7,49.5,2.7,2.3,7.4,2.3,1.4,34.2,37.9,21.8,40.2,0.2,39.9,0.2
15,MIZORAM,281,Mamit,00000,Mamit,000000,0000,District - Mamit,Total,100,50.5,44.5,5,98.3,49.5,43.9,5,1.7,1,0.6,0.1,33.2,1.2,0,0,0,0.3,62.7,2.4,0.1,52.9,1.5,0.2,1.7,0,0,38.7,1.2,3.7,0.1,8.8,80.3,0.1,0,10.4,0.2,0.1,5.9,29.2,38.5,19.1,5.3,1.5,0.7,6,8.4,13.7,17.7,19,30,5.1,80.1,17,2.9,17.9,73.1,8.2,0.7,0.1,0,14.1,11.5,0.6,3,0.6,0.1,36.4,13.8,2.3,17.6,13.8,60.8,25.4,70.7,26.2,1.8,0.3,0.7,0.3,85.9,3.4,25.6,7.8,24.6,23.7,0.2,0.5,0.1,14.1,1.5,12.6,37.7,14.3,48,7.3,34.7,58,74.9,0.5,0.3,0,0.6,23.3,0.1,0,0.1,0.1,100,97.2,85.2,12,2.7,0.8,1.9,0.1,34.7,30.5,36.4,0.5,5.7,0.7,54.9,2.7,3.2,9.4,3.3,2.3,30.2,43.3,22.4,34,0.2,33.8,0.3,15,MIZORAM,281,Mamit,00000,Mamit,000000,0000,District - Mamit,Total,100,50.5,44.5,5,98.3,49.5,43.9,5,1.7,1,0.6,0.1,33.2,1.2,0,0,0,0.3,62.7,2.4,0.1,52.9,1.5,0.2,1.7,0,0,38.7,1.2,3.7,0.1,8.8,80.3,0.1,0,10.4,0.2,0.1,5.9,29.2,38.5,19.1,5.3,1.5,0.7,6,8.4,13.7,17.7,19,30,5.1,80.1,17,2.9,17.9,73.1,8.2,0.7,0.1,0,14.1,11.5,0.6,3,0.6,0.1,36.4,13.8,2.3,17.6,13.8,60.8,25.4,70.7,26.2,1.8,0.3,0.7,0.3,85.9,3.4,25.6,7.8,24.6,23.7,0.2,0.5,0.1,14.1,1.5,12.6,37.7,14.3,48,7.3,34.7,58,74.9,0.5,0.3,0,0.6,23.3,0.1,0,0.1,0.1,100,97.2,85.2,12,2.7,0.8,1.9,0.1,34.7,30.5,36.4,0.5,5.7,0.7,54.9,2.7,3.2,9.4,3.3,2.3,30.2,43.3,22.4,34,0.2,33.8,0.3
15,MIZORAM,281,Mamit,00000,Mamit,000000,0000,District - Mamit,Urban,100,77.7,21.4,1,98,76.2,20.9,1,2,1.5,0.4,0,7.1,0.3,0,0,0.2,0,84.4,8,0.1,29.7,0.9,0.1,0.7,0.1,0,54.5,2.9,10.7,0.6,7,68.5,0.1,0,24.1,0.1,0.2,3.5,13.5,43.3,25.8,10,2.9,1,8.4,9.4,13.9,18.7,19.1,25.8,4.7,56.5,37.3,6.2,24.2,66.4,8.3,1.1,0.1,0,51.5,15.5,1.7,0.6,0,0.1,9.3,0.7,0.6,20.1,37.8,51.7,10.6,95.2,4,0.4,0.2,0.1,0.1,98.7,7.9,53.1,7.5,14.4,15.7,0.1,0,0,1.3,0.7,0.5,64.8,14.3,21,11.7,54.6,33.7,35.8,0.4,0,0.1,1.9,61.3,0.3,0.1,0,0.1,100,98.8,87.7,11.1,1.1,1,0.1,0.1,63.6,28.5,57.1,1.1,10.9,0.5,78.9,2.8,7,18.5,7.6,6,12.1,67.4,25.3,6.7,0,6.6,0.6,15,MIZORAM,281,Mamit,00000,Mamit,000000,0000,District - Mamit,Urban,100,77.7,21.4,1,98,76.2,20.9,1,2,1.5,0.4,0,7.1,0.3,0,0,0.2,0,84.4,8,0.1,29.7,0.9,0.1,0.7,0.1,0,54.5,2.9,10.7,0.6,7,68.5,0.1,0,24.1,0.1,0.2,3.5,13.5,43.3,25.8,10,2.9,1,8.4,9.4,13.9,18.7,19.1,25.8,4.7,56.5,37.3,6.2,24.2,66.4,8.3,1.1,0.1,0,51.5,15.5,1.7,0.6,0,0.1,9.3,0.7,0.6,20.1,37.8,51.7,10.6,95.2,4,0.4,0.2,0.1,0.1,98.7,7.9,53.1,7.5,14.4,15.7,0.1,0,0,1.3,0.7,0.5,64.8,14.3,21,11.7,54.6,33.7,35.8,0.4,0,0.1,1.9,61.3,0.3,0.1,0,0.1,100,98.8,87.7,11.1,1.1,1,0.1,0.1,63.6,28.5,57.1,1.1,10.9,0.5,78.9,2.8,7,18.5,7.6,6,12.1,67.4,25.3,6.7,0,6.6,0.6
15,MIZORAM,282,Kolasib,00000,Kolasib,000000,0000,District - Kolasib,Rural,100,50.7,47.1,2.2,98.7,49.9,46.6,2.2,1.3,0.8,0.5,0,27,3.3,0.4,0.1,0.1,0.8,65.4,2.9,0.1,60,1.2,0.1,2.7,0.3,0.1,28.6,2.7,3.1,1.2,16.5,69.1,0.1,0,14.1,0.1,0,5.3,25.7,44.9,19.8,3.4,0.8,0.1,5.4,9.3,13.7,17.3,18.6,29.3,6.4,75.5,22.1,2.4,19.1,70.9,9.1,0.9,0.1,0,41.4,11.9,0.7,7.6,0.1,3.9,13.7,16.2,4.5,0.1,10.9,60.7,28.4,77.4,21.9,0.2,0.1,0.1,0.4,95.7,8.7,27,8.3,28.5,22.9,0.1,0,0.2,4.3,1.2,3.1,33.7,20.3,46,2.4,37.8,59.9,68.5,0.4,0.1,0,0.3,30.3,0.3,0,0,0.1,100,96.5,79.6,16.9,3.4,1.3,2.2,0.1,31.4,19.9,36.2,0.5,5,1.2,62.1,3.9,6.9,9.9,2.2,1.4,23.9,34.1,35.1,29.6,0.1,29.5,1.2,15,MIZORAM,282,Kolasib,00000,Kolasib,000000,0000,District - Kolasib,Rural,100,50.7,47.1,2.2,98.7,49.9,46.6,2.2,1.3,0.8,0.5,0,27,3.3,0.4,0.1,0.1,0.8,65.4,2.9,0.1,60,1.2,0.1,2.7,0.3,0.1,28.6,2.7,3.1,1.2,16.5,69.1,0.1,0,14.1,0.1,0,5.3,25.7,44.9,19.8,3.4,0.8,0.1,5.4,9.3,13.7,17.3,18.6,29.3,6.4,75.5,22.1,2.4,19.1,70.9,9.1,0.9,0.1,0,41.4,11.9,0.7,7.6,0.1,3.9,13.7,16.2,4.5,0.1,10.9,60.7,28.4,77.4,21.9,0.2,0.1,0.1,0.4,95.7,8.7,27,8.3,28.5,22.9,0.1,0,0.2,4.3,1.2,3.1,33.7,20.3,46,2.4,37.8,59.9,68.5,0.4,0.1,0,0.3,30.3,0.3,0,0,0.1,100,96.5,79.6,16.9,3.4,1.3,2.2,0.1,31.4,19.9,36.2,0.5,5,1.2,62.1,3.9,6.9,9.9,2.2,1.4,23.9,34.1,35.1,29.6,0.1,29.5,1.2
15,MIZORAM,282,Kolasib,00000,Kolasib,000000,0000,District - Kolasib,Total,100,55.4,42.3,2.3,98.4,54.4,41.8,2.3,1.6,1,0.5,0,20.6,2.2,0.2,0.2,0.2,1.6,63.9,11,0.1,47.7,1.1,0.4,1.9,0.3,0.1,31.6,6.4,9.4,1.2,14.6,57.9,0.2,0.1,26.8,0.2,0.2,4.9,20.1,42.7,23.7,5.8,1.9,1,5.5,8.8,13.9,18.2,19.5,28.5,5.6,66.1,30.3,3.6,20.4,69.8,9,0.8,0.1,0,55.8,10.5,1.2,4.2,0.2,2.4,10.7,9.1,4.4,1.5,27.4,53.8,18.8,85.9,13.6,0.1,0.1,0.1,0.2,96.2,9.3,40.8,8.2,20.6,17,0.1,0,0.1,3.8,0.9,2.9,48.4,16.9,34.7,7.6,46.4,46,46.1,0.6,0.1,0.6,1.5,50.8,0.2,0.1,0,0.1,100,97.6,82.5,15.1,2.2,1.2,1,0.1,44.7,18.7,48.5,2.1,9.4,1.4,65.4,7.4,6.5,14.4,5,5.2,18.6,46.1,31.4,21.2,0.2,21,1.3,15,MIZORAM,282,Kolasib,00000,Kolasib,000000,0000,District - Kolasib,Total,100,55.4,42.3,2.3,98.4,54.4,41.8,2.3,1.6,1,0.5,0,20.6,2.2,0.2,0.2,0.2,1.6,63.9,11,0.1,47.7,1.1,0.4,1.9,0.3,0.1,31.6,6.4,9.4,1.2,14.6,57.9,0.2,0.1,26.8,0.2,0.2,4.9,20.1,42.7,23.7,5.8,1.9,1,5.5,8.8,13.9,18.2,19.5,28.5,5.6,66.1,30.3,3.6,20.4,69.8,9,0.8,0.1,0,55.8,10.5,1.2,4.2,0.2,2.4,10.7,9.1,4.4,1.5,27.4,53.8,18.8,85.9,13.6,0.1,0.1,0.1,0.2,96.2,9.3,40.8,8.2,20.6,17,0.1,0,0.1,3.8,0.9,2.9,48.4,16.9,34.7,7.6,46.4,46,46.1,0.6,0.1,0.6,1.5,50.8,0.2,0.1,0,0.1,100,97.6,82.5,15.1,2.2,1.2,1,0.1,44.7,18.7,48.5,2.1,9.4,1.4,65.4,7.4,6.5,14.4,5,5.2,18.6,46.1,31.4,21.2,0.2,21,1.3
15,MIZORAM,282,Kolasib,00000,Kolasib,000000,0000,District - Kolasib,Urban,100,59,38.5,2.4,98.2,57.9,37.9,2.4,1.8,1.1,0.6,0.1,15.6,1.3,0.1,0.2,0.3,2.2,62.7,17.4,0.2,37.9,0.9,0.7,1.2,0.3,0.1,33.9,9.3,14.4,1.2,13.1,49,0.2,0.2,36.9,0.3,0.3,4.6,15.6,40.9,26.8,7.7,2.7,1.6,5.6,8.4,14,19,20.2,27.9,4.9,58.7,36.7,4.6,21.4,68.9,8.9,0.7,0.1,0,67.3,9.4,1.6,1.4,0.2,1.3,8.3,3.5,4.2,2.6,40.5,48.4,11.1,92.6,6.9,0.1,0.1,0.2,0.1,96.6,9.7,51.9,8.1,14.3,12.4,0.1,0,0.1,3.4,0.7,2.8,60,14.2,25.7,11.7,53.3,35,28.3,0.7,0.1,1,2.4,67.1,0.1,0.1,0,0.2,100,98.6,84.9,13.7,1.3,1.1,0.1,0.2,55.3,17.7,58.3,3.4,12.8,1.5,68.1,10.3,6.2,18,7.3,8.3,14.5,55.7,28.4,14.5,0.3,14.2,1.4,15,MIZORAM,282,Kolasib,00000,Kolasib,000000,0000,District - Kolasib,Urban,100,59,38.5,2.4,98.2,57.9,37.9,2.4,1.8,1.1,0.6,0.1,15.6,1.3,0.1,0.2,0.3,2.2,62.7,17.4,0.2,37.9,0.9,0.7,1.2,0.3,0.1,33.9,9.3,14.4,1.2,13.1,49,0.2,0.2,36.9,0.3,0.3,4.6,15.6,40.9,26.8,7.7,2.7,1.6,5.6,8.4,14,19,20.2,27.9,4.9,58.7,36.7,4.6,21.4,68.9,8.9,0.7,0.1,0,67.3,9.4,1.6,1.4,0.2,1.3,8.3,3.5,4.2,2.6,40.5,48.4,11.1,92.6,6.9,0.1,0.1,0.2,0.1,96.6,9.7,51.9,8.1,14.3,12.4,0.1,0,0.1,3.4,0.7,2.8,60,14.2,25.7,11.7,53.3,35,28.3,0.7,0.1,1,2.4,67.1,0.1,0.1,0,0.2,100,98.6,84.9,13.7,1.3,1.1,0.1,0.2,55.3,17.7,58.3,3.4,12.8,1.5,68.1,10.3,6.2,18,7.3,8.3,14.5,55.7,28.4,14.5,0.3,14.2,1.4
15,MIZORAM,283,Aizawl,00000,Aizawl,000000,0000,District - Aizawl,Rural,100,63.7,34.6,1.7,98.5,62.6,34.2,1.7,1.5,1.1,0.5,0,7.7,0.4,0.1,0,0,0.4,87.7,3.6,0.1,27.2,0.7,0.2,1,0.1,0.4,63.7,2.9,3.1,0.7,4.9,82.9,0.1,0.1,11.5,0.5,0.1,2,13,48.3,26.9,7.1,1.7,1,5.7,8.2,12,17.5,19.7,30.2,6.8,81.2,16.6,2.2,19.6,69,10.3,1,0.1,0,14.9,19.1,2.7,1.1,0.6,0,28.1,2.6,2.9,28,7.3,71.3,21.5,90.8,7.2,1.6,0.1,0.1,0.1,97.4,7.6,43.2,12.6,17.9,16.1,0.1,0,0,2.6,0.8,1.8,64,15.8,20.2,8.8,47,44.2,63.7,0.2,0,0.2,0.5,35.1,0.1,0.1,0,0.1,100,97.5,87.6,9.9,2.4,1.2,1.2,0.1,47.5,35.1,48.9,0.6,4,1,68.1,6.2,4.2,11.7,4,1.9,16.5,69.7,22.1,7.5,0.1,7.4,0.8,15,MIZORAM,283,Aizawl,00000,Aizawl,000000,0000,District - Aizawl,Rural,100,63.7,34.6,1.7,98.5,62.6,34.2,1.7,1.5,1.1,0.5,0,7.7,0.4,0.1,0,0,0.4,87.7,3.6,0.1,27.2,0.7,0.2,1,0.1,0.4,63.7,2.9,3.1,0.7,4.9,82.9,0.1,0.1,11.5,0.5,0.1,2,13,48.3,26.9,7.1,1.7,1,5.7,8.2,12,17.5,19.7,30.2,6.8,81.2,16.6,2.2,19.6,69,10.3,1,0.1,0,14.9,19.1,2.7,1.1,0.6,0,28.1,2.6,2.9,28,7.3,71.3,21.5,90.8,7.2,1.6,0.1,0.1,0.1,97.4,7.6,43.2,12.6,17.9,16.1,0.1,0,0,2.6,0.8,1.8,64,15.8,20.2,8.8,47,44.2,63.7,0.2,0,0.2,0.5,35.1,0.1,0.1,0,0.1,100,97.5,87.6,9.9,2.4,1.2,1.2,0.1,47.5,35.1,48.9,0.6,4,1,68.1,6.2,4.2,11.7,4,1.9,16.5,69.7,22.1,7.5,0.1,7.4,0.8
15,MIZORAM,283,Aizawl,00000,Aizawl,000000,0000,District - Aizawl,Total,100,78.7,20.4,0.9,98.5,77.6,19.9,0.9,1.5,1.1,0.4,0,4.9,0.3,0.1,0.1,0.2,1.3,65.2,27.9,0.1,10.8,0.4,0.2,0.8,0.3,0.4,53.9,13.7,19,0.4,3.8,55.5,0.1,0.1,38.5,2,0.1,1.2,11.9,41.9,25,11.3,4.6,4.2,4.9,8.8,13,19,20.5,27.8,5.9,49.7,47.6,2.8,23.2,66.6,9.2,1,0.1,0,57.7,10.2,2.2,2.2,0.8,0.4,12.6,1.3,1.4,11.2,50,36.3,13.7,97.4,2,0.4,0.1,0.1,0.1,98.9,4.8,73.7,5.4,7.7,6.7,0.6,0,0,1.1,0.5,0.6,83.9,6.2,10,22.3,58.5,19.2,16.9,0.1,0,0.3,3.2,79,0.2,0,0,0.2,100,99.1,93.3,5.8,0.8,0.4,0.3,0.2,66.9,46.1,72.3,4.9,20.8,2.2,77.2,10.3,5.8,20.6,11.7,14.4,6.3,84.5,12.6,2.4,0.1,2.3,0.5,15,MIZORAM,283,Aizawl,00000,Aizawl,000000,0000,District - Aizawl,Total,100,78.7,20.4,0.9,98.5,77.6,19.9,0.9,1.5,1.1,0.4,0,4.9,0.3,0.1,0.1,0.2,1.3,65.2,27.9,0.1,10.8,0.4,0.2,0.8,0.3,0.4,53.9,13.7,19,0.4,3.8,55.5,0.1,0.1,38.5,2,0.1,1.2,11.9,41.9,25,11.3,4.6,4.2,4.9,8.8,13,19,20.5,27.8,5.9,49.7,47.6,2.8,23.2,66.6,9.2,1,0.1,0,57.7,10.2,2.2,2.2,0.8,0.4,12.6,1.3,1.4,11.2,50,36.3,13.7,97.4,2,0.4,0.1,0.1,0.1,98.9,4.8,73.7,5.4,7.7,6.7,0.6,0,0,1.1,0.5,0.6,83.9,6.2,10,22.3,58.5,19.2,16.9,0.1,0,0.3,3.2,79,0.2,0,0,0.2,100,99.1,93.3,5.8,0.8,0.4,0.3,0.2,66.9,46.1,72.3,4.9,20.8,2.2,77.2,10.3,5.8,20.6,11.7,14.4,6.3,84.5,12.6,2.4,0.1,2.3,0.5
15,MIZORAM,283,Aizawl,00000,Aizawl,000000,0000,District - Aizawl,Urban,100,82.7,16.6,0.7,98.5,81.6,16.2,0.7,1.5,1.1,0.4,0,4.2,0.2,0,0.2,0.2,1.5,59.2,34.4,0.1,6.5,0.3,0.2,0.7,0.3,0.4,51.3,16.6,23.2,0.4,3.5,48.2,0.1,0.1,45.7,2.4,0.1,1,11.6,40.2,24.5,12.4,5.3,5,4.7,8.9,13.3,19.4,20.7,27.2,5.7,41.4,55.7,2.9,24.1,65.9,8.9,0.9,0.1,0,69,7.8,2.1,2.5,0.8,0.5,8.5,1,1,6.8,61.3,27.1,11.6,99.2,0.6,0,0.1,0.1,0,99.3,4,81.8,3.5,5,4.2,0.7,0,0,0.7,0.4,0.3,89.2,3.6,7.2,25.8,61.5,12.6,4.5,0.1,0,0.3,3.9,90.6,0.2,0,0,0.2,100,99.5,94.8,4.6,0.3,0.2,0.1,0.2,72.1,49,78.5,6.1,25.3,2.5,79.6,11.4,6.2,23,13.7,17.7,3.6,88.4,10.1,1,0,1,0.4,15,MIZORAM,283,Aizawl,00000,Aizawl,000000,0000,District - Aizawl,Urban,100,82.7,16.6,0.7,98.5,81.6,16.2,0.7,1.5,1.1,0.4,0,4.2,0.2,0,0.2,0.2,1.5,59.2,34.4,0.1,6.5,0.3,0.2,0.7,0.3,0.4,51.3,16.6,23.2,0.4,3.5,48.2,0.1,0.1,45.7,2.4,0.1,1,11.6,40.2,24.5,12.4,5.3,5,4.7,8.9,13.3,19.4,20.7,27.2,5.7,41.4,55.7,2.9,24.1,65.9,8.9,0.9,0.1,0,69,7.8,2.1,2.5,0.8,0.5,8.5,1,1,6.8,61.3,27.1,11.6,99.2,0.6,0,0.1,0.1,0,99.3,4,81.8,3.5,5,4.2,0.7,0,0,0.7,0.4,0.3,89.2,3.6,7.2,25.8,61.5,12.6,4.5,0.1,0,0.3,3.9,90.6,0.2,0,0,0.2,100,99.5,94.8,4.6,0.3,0.2,0.1,0.2,72.1,49,78.5,6.1,25.3,2.5,79.6,11.4,6.2,23,13.7,17.7,3.6,88.4,10.1,1,0,1,0.4
15,MIZORAM,284,Champhai,00000,Champhai,000000,0000,District - Champhai,Rural,100,46.9,48.2,4.8,99,46.4,47.8,4.8,1,0.6,0.4,0,10.8,0.4,0,0.1,0,1.6,86.2,0.8,0,31,1.4,0.3,5,0.1,0.7,57.2,2,0.9,1.4,5,88.7,0.1,0.1,5.7,0,0.2,3.5,25.8,44,20.2,5,1.1,0.4,5.6,8.1,12.2,16.4,18.4,31.9,7.3,84.5,14.5,1.1,19.4,69.5,9.9,1,0.1,0,35.3,33.5,3,4.3,2.5,3.3,8.4,1.9,0.4,7.4,7.9,59.8,32.3,90.4,8.4,0.6,0.2,0.1,0.3,94.9,8.2,31.7,11.4,28.7,14.8,0,0,0,5.1,1,4.1,65.6,13.3,21.1,8.1,45.8,46.1,83.7,0.3,0,1.5,0.1,13.8,0.1,0.1,0.3,0.1,100,98.4,71.7,26.7,1.5,0.9,0.6,0.1,46.8,23.9,42.3,0.4,5.6,1.5,59.8,5.1,3.7,10,2.8,1.4,23.4,60.1,28,10.4,0.4,10,1.4,15,MIZORAM,284,Champhai,00000,Champhai,000000,0000,District - Champhai,Rural,100,46.9,48.2,4.8,99,46.4,47.8,4.8,1,0.6,0.4,0,10.8,0.4,0,0.1,0,1.6,86.2,0.8,0,31,1.4,0.3,5,0.1,0.7,57.2,2,0.9,1.4,5,88.7,0.1,0.1,5.7,0,0.2,3.5,25.8,44,20.2,5,1.1,0.4,5.6,8.1,12.2,16.4,18.4,31.9,7.3,84.5,14.5,1.1,19.4,69.5,9.9,1,0.1,0,35.3,33.5,3,4.3,2.5,3.3,8.4,1.9,0.4,7.4,7.9,59.8,32.3,90.4,8.4,0.6,0.2,0.1,0.3,94.9,8.2,31.7,11.4,28.7,14.8,0,0,0,5.1,1,4.1,65.6,13.3,21.1,8.1,45.8,46.1,83.7,0.3,0,1.5,0.1,13.8,0.1,0.1,0.3,0.1,100,98.4,71.7,26.7,1.5,0.9,0.6,0.1,46.8,23.9,42.3,0.4,5.6,1.5,59.8,5.1,3.7,10,2.8,1.4,23.4,60.1,28,10.4,0.4,10,1.4
15,MIZORAM,284,Champhai,00000,Champhai,000000,0000,District - Champhai,Total,100,49.8,46.7,3.5,98.9,49.2,46.2,3.5,1.1,0.6,0.6,0,8.3,0.3,0,0.1,0.1,1.2,86.1,3.8,0,22.7,1.1,0.3,3.7,0.1,0.4,62.2,2.7,5.1,1.7,5.5,80.7,0.1,0.1,12.9,0.1,0.5,3.7,23.1,44.4,20.7,5.8,1.4,0.9,5.7,8.4,12.6,17.2,18.9,30.8,6.3,74.8,23.5,1.7,20.5,68.8,9.7,0.9,0.1,0,41.4,26.2,4,3.3,2.1,2.5,12.4,1.3,0.9,5.7,12,61.3,26.7,93.3,5.6,0.4,0.2,0.2,0.3,95.9,6.1,41,9.7,25.6,13.4,0,0.1,0,4.1,1.1,3,70.9,11.5,17.5,7.8,52.9,39.4,61,0.3,0,2.3,0.3,35.5,0.2,0.1,0.2,0.1,100,98.8,65.2,33.6,1.1,0.7,0.4,0.1,50.7,16.9,52.4,0.7,8.1,1.2,67.8,5.2,3.6,12.2,4.8,3.6,18.2,68.9,22.1,7.2,0.3,6.8,1.8,15,MIZORAM,284,Champhai,00000,Champhai,000000,0000,District - Champhai,Total,100,49.8,46.7,3.5,98.9,49.2,46.2,3.5,1.1,0.6,0.6,0,8.3,0.3,0,0.1,0.1,1.2,86.1,3.8,0,22.7,1.1,0.3,3.7,0.1,0.4,62.2,2.7,5.1,1.7,5.5,80.7,0.1,0.1,12.9,0.1,0.5,3.7,23.1,44.4,20.7,5.8,1.4,0.9,5.7,8.4,12.6,17.2,18.9,30.8,6.3,74.8,23.5,1.7,20.5,68.8,9.7,0.9,0.1,0,41.4,26.2,4,3.3,2.1,2.5,12.4,1.3,0.9,5.7,12,61.3,26.7,93.3,5.6,0.4,0.2,0.2,0.3,95.9,6.1,41,9.7,25.6,13.4,0,0.1,0,4.1,1.1,3,70.9,11.5,17.5,7.8,52.9,39.4,61,0.3,0,2.3,0.3,35.5,0.2,0.1,0.2,0.1,100,98.8,65.2,33.6,1.1,0.7,0.4,0.1,50.7,16.9,52.4,0.7,8.1,1.2,67.8,5.2,3.6,12.2,4.8,3.6,18.2,68.9,22.1,7.2,0.3,6.8,1.8
15,MIZORAM,284,Champhai,00000,Champhai,000000,0000,District - Champhai,Urban,100,54.1,44.4,1.5,98.6,53.5,43.6,1.5,1.4,0.6,0.8,0,4.6,0.3,0,0.1,0.1,0.6,86,8.3,0,9.8,0.6,0.4,1.6,0.2,0,70,3.7,11.5,2.2,6.3,68.2,0.1,0,24.1,0.3,1.1,4,18.9,45,21.4,7.1,2,1.6,5.8,8.7,13.3,18.5,19.7,29.2,4.9,59.8,37.4,2.8,22.2,67.8,9.2,0.8,0.1,0,50.9,15,5.5,1.7,1.5,1.3,18.8,0.5,1.6,3.1,18.4,63.6,18,97.9,1.3,0,0.3,0.2,0.3,97.4,2.8,55.5,7,20.8,11.3,0,0.1,0,2.6,1.1,1.4,79.2,8.7,12.1,7.2,63.8,29,25.8,0.3,0,3.7,0.5,69.2,0.3,0.1,0,0.1,100,99.4,55,44.4,0.5,0.3,0.1,0.1,56.6,6.1,68,1.3,11.9,0.7,80.2,5.3,3.3,15.7,7.9,6.8,10.1,82.7,12.9,2.1,0.2,1.9,2.3,15,MIZORAM,284,Champhai,00000,Champhai,000000,0000,District - Champhai,Urban,100,54.1,44.4,1.5,98.6,53.5,43.6,1.5,1.4,0.6,0.8,0,4.6,0.3,0,0.1,0.1,0.6,86,8.3,0,9.8,0.6,0.4,1.6,0.2,0,70,3.7,11.5,2.2,6.3,68.2,0.1,0,24.1,0.3,1.1,4,18.9,45,21.4,7.1,2,1.6,5.8,8.7,13.3,18.5,19.7,29.2,4.9,59.8,37.4,2.8,22.2,67.8,9.2,0.8,0.1,0,50.9,15,5.5,1.7,1.5,1.3,18.8,0.5,1.6,3.1,18.4,63.6,18,97.9,1.3,0,0.3,0.2,0.3,97.4,2.8,55.5,7,20.8,11.3,0,0.1,0,2.6,1.1,1.4,79.2,8.7,12.1,7.2,63.8,29,25.8,0.3,0,3.7,0.5,69.2,0.3,0.1,0,0.1,100,99.4,55,44.4,0.5,0.3,0.1,0.1,56.6,6.1,68,1.3,11.9,0.7,80.2,5.3,3.3,15.7,7.9,6.8,10.1,82.7,12.9,2.1,0.2,1.9,2.3
15,MIZORAM,285,Serchhip,00000,Serchhip,000000,0000,District - Serchhip,Rural,100,41.8,52,6.2,98.9,41.2,51.5,6.2,1.1,0.6,0.5,0,5.3,0.7,0.1,0.1,0.1,1.2,90.6,1.9,0,19.4,3.6,0.2,0.7,0,0.1,72.4,2,1.5,0,2.6,89.9,0.1,0.2,7.2,0,0,1.2,13.7,58.9,20.6,4.5,0.9,0.3,5.6,7.7,11.4,15.2,17.7,33.9,8.5,83.8,15.1,1.1,21.1,67.5,10.3,1,0.1,0,16.8,44.3,0.3,0.2,1.7,0,35.6,0,0.3,0.9,4.5,72.9,22.6,98.3,1.3,0,0.3,0,0,96.4,8.1,29.9,6.4,34.7,17.3,0,0,0,3.6,1,2.6,81.2,11.9,6.9,6.3,73.5,20.2,77.9,0.3,0,0,0.2,21.4,0.1,0,0,0.1,100,98.8,68.6,30.2,1.1,0.3,0.8,0.1,83.6,30.9,47.2,0.8,3.6,0.9,71.3,5.5,2.9,10.6,3.8,1.8,15.5,75.2,19.7,5.1,0.1,5,0,15,MIZORAM,285,Serchhip,00000,Serchhip,000000,0000,District - Serchhip,Rural,100,41.8,52,6.2,98.9,41.2,51.5,6.2,1.1,0.6,0.5,0,5.3,0.7,0.1,0.1,0.1,1.2,90.6,1.9,0,19.4,3.6,0.2,0.7,0,0.1,72.4,2,1.5,0,2.6,89.9,0.1,0.2,7.2,0,0,1.2,13.7,58.9,20.6,4.5,0.9,0.3,5.6,7.7,11.4,15.2,17.7,33.9,8.5,83.8,15.1,1.1,21.1,67.5,10.3,1,0.1,0,16.8,44.3,0.3,0.2,1.7,0,35.6,0,0.3,0.9,4.5,72.9,22.6,98.3,1.3,0,0.3,0,0,96.4,8.1,29.9,6.4,34.7,17.3,0,0,0,3.6,1,2.6,81.2,11.9,6.9,6.3,73.5,20.2,77.9,0.3,0,0,0.2,21.4,0.1,0,0,0.1,100,98.8,68.6,30.2,1.1,0.3,0.8,0.1,83.6,30.9,47.2,0.8,3.6,0.9,71.3,5.5,2.9,10.6,3.8,1.8,15.5,75.2,19.7,5.1,0.1,5,0
15,MIZORAM,285,Serchhip,00000,Serchhip,000000,0000,District - Serchhip,Total,100,42.8,49.3,7.9,99,42.3,48.9,7.9,1,0.5,0.4,0,4.1,0.4,0.1,0,0.1,0.7,89.3,5.2,0,16.6,2.1,0.2,1,0.1,0.2,71.4,4.9,3.6,0,3.8,81.1,0.2,0.1,14.6,0.1,0,1.1,13.7,54.9,21.9,6.2,1.5,0.6,5.7,7.9,11.8,16.8,18.7,31.7,7.4,73.7,24.7,1.6,21.7,67.7,9.5,1,0.1,0,41.9,25.3,1,1.1,1.3,0,25.5,1.5,1.7,0.6,29.7,54.8,15.5,97.9,1.7,0,0.2,0.1,0.1,97.9,9.3,46.3,4.6,22.2,15.4,0,0,0,2.1,0.6,1.5,83.6,10.4,6,14.8,66,19.2,55,0.3,0,0.1,0.5,43.8,0.2,0,0,0.1,100,99,75.5,23.5,0.9,0.5,0.4,0.1,90.6,25,56,1,6.8,0.8,72.6,7.5,3.8,13.7,5.6,3.9,12.9,78.8,17.8,3.3,0,3.3,0,15,MIZORAM,285,Serchhip,00000,Serchhip,000000,0000,District - Serchhip,Total,100,42.8,49.3,7.9,99,42.3,48.9,7.9,1,0.5,0.4,0,4.1,0.4,0.1,0,0.1,0.7,89.3,5.2,0,16.6,2.1,0.2,1,0.1,0.2,71.4,4.9,3.6,0,3.8,81.1,0.2,0.1,14.6,0.1,0,1.1,13.7,54.9,21.9,6.2,1.5,0.6,5.7,7.9,11.8,16.8,18.7,31.7,7.4,73.7,24.7,1.6,21.7,67.7,9.5,1,0.1,0,41.9,25.3,1,1.1,1.3,0,25.5,1.5,1.7,0.6,29.7,54.8,15.5,97.9,1.7,0,0.2,0.1,0.1,97.9,9.3,46.3,4.6,22.2,15.4,0,0,0,2.1,0.6,1.5,83.6,10.4,6,14.8,66,19.2,55,0.3,0,0.1,0.5,43.8,0.2,0,0,0.1,100,99,75.5,23.5,0.9,0.5,0.4,0.1,90.6,25,56,1,6.8,0.8,72.6,7.5,3.8,13.7,5.6,3.9,12.9,78.8,17.8,3.3,0,3.3,0
15,MIZORAM,285,Serchhip,00000,Serchhip,000000,0000,District - Serchhip,Urban,100,43.8,46.6,9.6,99.1,43.3,46.3,9.5,0.9,0.5,0.4,0,3,0.1,0,0,0.1,0.2,88.1,8.5,0,13.8,0.5,0.3,1.3,0.1,0.2,70.4,7.7,5.6,0,5.1,72.3,0.2,0.1,22.1,0.3,0,1.1,13.8,50.9,23.3,8,2.1,0.9,5.7,8.1,12.2,18.4,19.8,29.5,6.3,63.6,34.5,2,22.4,68,8.7,0.9,0,0,67.2,6.3,1.8,2.1,1,0.1,15.2,2.9,3.2,0.3,55,36.6,8.4,97.5,2.2,0,0.1,0.1,0.1,99.4,10.5,62.9,2.8,9.7,13.5,0,0,0,0.6,0.2,0.3,86,8.8,5.2,23.3,58.6,18.2,32,0.3,0,0.2,0.8,66.3,0.3,0,0,0.1,100,99.1,82.4,16.7,0.8,0.7,0.1,0.1,97.7,19.1,64.8,1.3,10,0.8,74,9.5,4.7,16.8,7.4,6,10.3,82.5,15.9,1.6,0,1.6,0,15,MIZORAM,285,Serchhip,00000,Serchhip,000000,0000,District - Serchhip,Urban,100,43.8,46.6,9.6,99.1,43.3,46.3,9.5,0.9,0.5,0.4,0,3,0.1,0,0,0.1,0.2,88.1,8.5,0,13.8,0.5,0.3,1.3,0.1,0.2,70.4,7.7,5.6,0,5.1,72.3,0.2,0.1,22.1,0.3,0,1.1,13.8,50.9,23.3,8,2.1,0.9,5.7,8.1,12.2,18.4,19.8,29.5,6.3,63.6,34.5,2,22.4,68,8.7,0.9,0,0,67.2,6.3,1.8,2.1,1,0.1,15.2,2.9,3.2,0.3,55,36.6,8.4,97.5,2.2,0,0.1,0.1,0.1,99.4,10.5,62.9,2.8,9.7,13.5,0,0,0,0.6,0.2,0.3,86,8.8,5.2,23.3,58.6,18.2,32,0.3,0,0.2,0.8,66.3,0.3,0,0,0.1,100,99.1,82.4,16.7,0.8,0.7,0.1,0.1,97.7,19.1,64.8,1.3,10,0.8,74,9.5,4.7,16.8,7.4,6,10.3,82.5,15.9,1.6,0,1.6,0
15,MIZORAM,286,Lunglei,00000,Lunglei,000000,0000,District - Lunglei,Rural,100,46.3,49.8,3.9,98.6,45.5,49.2,3.9,1.4,0.8,0.6,0,39.6,0.3,0.1,0,0,0.4,58.4,0.4,0.7,55.5,0.5,0.1,1.1,0,0,34.9,0.6,0.7,6.5,4.2,90.9,0.1,0.1,4.7,0,0.1,5.3,31.2,45.4,14.1,2.9,0.7,0.4,4.9,8.5,11.9,17.5,19.7,31.7,5.7,89.6,9.3,1.1,16,75,8.2,0.7,0,0,3.5,30.7,0.9,1.6,0.4,1.1,38.1,16,2.5,5.1,4.1,61.8,34.1,68,25.5,2.7,1.5,0.8,1.4,80.5,3.5,17,7.5,13,39,0.1,0,0.4,19.5,0.7,18.8,39.2,15.4,45.3,3,24,73,88.4,0.3,0,0,0.2,10.9,0.1,0,0,0.1,100,98.3,75.2,23.1,1.6,0.9,0.7,0.1,28.8,33.8,29.2,0.3,4.5,1.2,43.4,4.4,1.2,6.1,1.8,1.2,36.8,35.9,17.9,39.4,0.1,39.3,6.8,15,MIZORAM,286,Lunglei,00000,Lunglei,000000,0000,District - Lunglei,Rural,100,46.3,49.8,3.9,98.6,45.5,49.2,3.9,1.4,0.8,0.6,0,39.6,0.3,0.1,0,0,0.4,58.4,0.4,0.7,55.5,0.5,0.1,1.1,0,0,34.9,0.6,0.7,6.5,4.2,90.9,0.1,0.1,4.7,0,0.1,5.3,31.2,45.4,14.1,2.9,0.7,0.4,4.9,8.5,11.9,17.5,19.7,31.7,5.7,89.6,9.3,1.1,16,75,8.2,0.7,0,0,3.5,30.7,0.9,1.6,0.4,1.1,38.1,16,2.5,5.1,4.1,61.8,34.1,68,25.5,2.7,1.5,0.8,1.4,80.5,3.5,17,7.5,13,39,0.1,0,0.4,19.5,0.7,18.8,39.2,15.4,45.3,3,24,73,88.4,0.3,0,0,0.2,10.9,0.1,0,0,0.1,100,98.3,75.2,23.1,1.6,0.9,0.7,0.1,28.8,33.8,29.2,0.3,4.5,1.2,43.4,4.4,1.2,6.1,1.8,1.2,36.8,35.9,17.9,39.4,0.1,39.3,6.8
15,MIZORAM,286,Lunglei,00000,Lunglei,000000,0000,District - Lunglei,Total,100,57.4,40,2.6,98.5,56.5,39.4,2.6,1.5,0.9,0.6,0,24.7,0.3,0.1,0.1,0.1,0.5,67.7,6.2,0.4,35.4,0.6,0.1,1,0.1,0.1,49.3,3.4,5.7,4.2,4.6,77.1,0.1,0.1,17.8,0.2,0.1,3.4,23.2,43.3,19.3,6.8,2.4,1.6,5.2,8.5,12.3,17.7,20.8,30.1,5.4,74.5,24,1.5,19.1,71.6,8.5,0.8,0,0,30.7,23.7,1,1.3,0.5,0.8,27,10.4,1.5,3.1,30.4,47.1,22.5,80.9,15.3,1.6,0.9,0.5,0.9,87.6,4.3,39.4,5.6,13,25.1,0.1,0,0.2,12.4,0.8,11.6,58.9,11.3,29.8,10.4,37.6,52,55.4,0.2,0,0.1,0.9,43,0.1,0,0,0.2,100,98.7,82,16.6,1.2,0.7,0.5,0.2,50.8,39.7,48.7,1.5,9.9,1.3,58.8,5.7,3.1,11.4,6.1,5.6,24,57.1,15.2,23.3,0.1,23.2,4.4,15,MIZORAM,286,Lunglei,00000,Lunglei,000000,0000,District - Lunglei,Total,100,57.4,40,2.6,98.5,56.5,39.4,2.6,1.5,0.9,0.6,0,24.7,0.3,0.1,0.1,0.1,0.5,67.7,6.2,0.4,35.4,0.6,0.1,1,0.1,0.1,49.3,3.4,5.7,4.2,4.6,77.1,0.1,0.1,17.8,0.2,0.1,3.4,23.2,43.3,19.3,6.8,2.4,1.6,5.2,8.5,12.3,17.7,20.8,30.1,5.4,74.5,24,1.5,19.1,71.6,8.5,0.8,0,0,30.7,23.7,1,1.3,0.5,0.8,27,10.4,1.5,3.1,30.4,47.1,22.5,80.9,15.3,1.6,0.9,0.5,0.9,87.6,4.3,39.4,5.6,13,25.1,0.1,0,0.2,12.4,0.8,11.6,58.9,11.3,29.8,10.4,37.6,52,55.4,0.2,0,0.1,0.9,43,0.1,0,0,0.2,100,98.7,82,16.6,1.2,0.7,0.5,0.2,50.8,39.7,48.7,1.5,9.9,1.3,58.8,5.7,3.1,11.4,6.1,5.6,24,57.1,15.2,23.3,0.1,23.2,4.4
15,MIZORAM,286,Lunglei,00000,Lunglei,000000,0000,District - Lunglei,Urban,100,72.4,26.8,0.8,98.4,71.4,26.2,0.7,1.6,1,0.6,0,4.5,0.3,0.1,0.1,0.1,0.7,80.2,14,0,8.2,0.8,0.1,0.8,0.2,0.2,68.9,7.2,12.5,1.1,5.2,58.6,0.1,0.1,35.5,0.5,0,0.8,12.3,40.4,26.4,12,4.8,3.2,5.5,8.5,12.8,18,22.2,28,5,54,43.9,2.2,23.3,66.9,8.9,0.9,0.1,0,67.6,14.2,1.2,0.8,0.6,0.3,11.8,2.9,0.2,0.5,65.9,27.2,6.9,98.3,1.4,0,0,0.1,0.2,97.2,5.4,69.6,2.9,12.9,6.3,0.1,0,0,2.8,1,1.8,85.5,5.7,8.8,20.5,56,23.5,10.9,0.1,0,0.1,1.9,86.5,0.1,0,0,0.3,100,99.2,91.3,7.9,0.6,0.4,0.2,0.3,80.4,47.6,74.9,3.1,17.3,1.5,79.7,7.4,5.7,18.5,11.8,11.4,6.6,85.9,11.5,1.6,0,1.5,1.1,15,MIZORAM,286,Lunglei,00000,Lunglei,000000,0000,District - Lunglei,Urban,100,72.4,26.8,0.8,98.4,71.4,26.2,0.7,1.6,1,0.6,0,4.5,0.3,0.1,0.1,0.1,0.7,80.2,14,0,8.2,0.8,0.1,0.8,0.2,0.2,68.9,7.2,12.5,1.1,5.2,58.6,0.1,0.1,35.5,0.5,0,0.8,12.3,40.4,26.4,12,4.8,3.2,5.5,8.5,12.8,18,22.2,28,5,54,43.9,2.2,23.3,66.9,8.9,0.9,0.1,0,67.6,14.2,1.2,0.8,0.6,0.3,11.8,2.9,0.2,0.5,65.9,27.2,6.9,98.3,1.4,0,0,0.1,0.2,97.2,5.4,69.6,2.9,12.9,6.3,0.1,0,0,2.8,1,1.8,85.5,5.7,8.8,20.5,56,23.5,10.9,0.1,0,0.1,1.9,86.5,0.1,0,0,0.3,100,99.2,91.3,7.9,0.6,0.4,0.2,0.3,80.4,47.6,74.9,3.1,17.3,1.5,79.7,7.4,5.7,18.5,11.8,11.4,6.6,85.9,11.5,1.6,0,1.5,1.1
15,MIZORAM,287,Lawngtlai,00000,Lawngtlai,000000,0000,District - Lawngtlai,Rural,100,45.1,49.7,5.2,97.5,43.9,48.5,5.2,2.5,1.3,1.2,0,65.3,0.3,0,0.1,0,0.4,33.1,0.7,0,77.5,1,0.1,2.2,0.1,0,17.4,0.7,0.8,0.1,3.8,91.5,0,0,4.5,0,0.1,4.8,28,40.8,17.8,5.9,1.6,1.1,2.8,7.8,13.8,17.9,18.1,33.8,5.9,90,7.5,2.4,9.6,80.2,9.2,0.9,0.1,0,5.6,27.7,1.1,3.8,0,0.5,19.7,38.2,2.6,0.7,5.3,52.1,42.6,28.9,60.7,7.5,1.2,1.2,0.4,60.5,7.7,6.8,6.3,13.2,24,0.1,0.1,2.3,39.5,8.2,31.3,18.4,8.6,73,1.8,9,89.1,88.1,0.3,0,0,0.4,10.9,0,0.2,0,0.1,100,98.2,79.4,18.8,1.7,1.1,0.6,0.1,18.9,24.1,20.9,0.4,3,1.9,19.7,3.3,1.9,1.6,1.6,0.5,53.7,18.9,15.6,65.4,0.1,65.3,0.1,15,MIZORAM,287,Lawngtlai,00000,Lawngtlai,000000,0000,District - Lawngtlai,Rural,100,45.1,49.7,5.2,97.5,43.9,48.5,5.2,2.5,1.3,1.2,0,65.3,0.3,0,0.1,0,0.4,33.1,0.7,0,77.5,1,0.1,2.2,0.1,0,17.4,0.7,0.8,0.1,3.8,91.5,0,0,4.5,0,0.1,4.8,28,40.8,17.8,5.9,1.6,1.1,2.8,7.8,13.8,17.9,18.1,33.8,5.9,90,7.5,2.4,9.6,80.2,9.2,0.9,0.1,0,5.6,27.7,1.1,3.8,0,0.5,19.7,38.2,2.6,0.7,5.3,52.1,42.6,28.9,60.7,7.5,1.2,1.2,0.4,60.5,7.7,6.8,6.3,13.2,24,0.1,0.1,2.3,39.5,8.2,31.3,18.4,8.6,73,1.8,9,89.1,88.1,0.3,0,0,0.4,10.9,0,0.2,0,0.1,100,98.2,79.4,18.8,1.7,1.1,0.6,0.1,18.9,24.1,20.9,0.4,3,1.9,19.7,3.3,1.9,1.6,1.6,0.5,53.7,18.9,15.6,65.4,0.1,65.3,0.1
15,MIZORAM,287,Lawngtlai,00000,Lawngtlai,000000,0000,District - Lawngtlai,Total,100,48.3,47.1,4.6,97.6,47,46.1,4.6,2.4,1.2,1.1,0,55.7,0.3,0,0.1,0.1,0.5,40.4,2.9,0,66.1,1,0.1,2.1,0.1,0,25.4,2.8,2.3,0.1,3.9,87.7,0.1,0,8.1,0.1,0.1,4.3,25,40.5,19.3,7.1,2.2,1.6,3.1,7.8,13.4,17.7,18.4,33.4,6.4,83.4,14.2,2.4,11.3,78.3,9.4,1,0.1,0,4.8,28.7,1,3.2,0.4,0.6,25.4,32.6,2.4,0.9,7.5,47.7,44.8,40.5,50.7,6.3,1,1.1,0.3,66.9,7.9,13.8,7.4,12.9,22.9,0.1,0.1,1.9,33.1,6.9,26.3,28.3,8.8,62.8,2.1,14.3,83.6,75.4,0.3,0,0,1.1,22.8,0,0.2,0,0.1,100,98.3,80.2,18.1,1.5,1,0.6,0.1,27.8,22.2,29.1,0.7,5.1,1.9,28.8,3.8,2.1,2.9,2.8,1.7,46.6,29.5,15.5,54.9,0.1,54.8,0.1,15,MIZORAM,287,Lawngtlai,00000,Lawngtlai,000000,0000,District - Lawngtlai,Total,100,48.3,47.1,4.6,97.6,47,46.1,4.6,2.4,1.2,1.1,0,55.7,0.3,0,0.1,0.1,0.5,40.4,2.9,0,66.1,1,0.1,2.1,0.1,0,25.4,2.8,2.3,0.1,3.9,87.7,0.1,0,8.1,0.1,0.1,4.3,25,40.5,19.3,7.1,2.2,1.6,3.1,7.8,13.4,17.7,18.4,33.4,6.4,83.4,14.2,2.4,11.3,78.3,9.4,1,0.1,0,4.8,28.7,1,3.2,0.4,0.6,25.4,32.6,2.4,0.9,7.5,47.7,44.8,40.5,50.7,6.3,1,1.1,0.3,66.9,7.9,13.8,7.4,12.9,22.9,0.1,0.1,1.9,33.1,6.9,26.3,28.3,8.8,62.8,2.1,14.3,83.6,75.4,0.3,0,0,1.1,22.8,0,0.2,0,0.1,100,98.3,80.2,18.1,1.5,1,0.6,0.1,27.8,22.2,29.1,0.7,5.1,1.9,28.8,3.8,2.1,2.9,2.8,1.7,46.6,29.5,15.5,54.9,0.1,54.8,0.1
15,MIZORAM,287,Lawngtlai,00000,Lawngtlai,000000,0000,District - Lawngtlai,Urban,100,63.8,34.6,1.6,98.1,62.7,33.9,1.5,1.9,1.1,0.7,0.1,8.2,0.3,0,0.2,0.2,1.2,76.4,13.4,0.1,9.7,0.8,0.2,1.7,0.2,0.1,64.8,12.7,9.9,0,4.5,68.7,0.2,0.1,26.2,0.3,0.1,1.9,10,38.8,26.6,13,5.5,4.3,4.6,7.8,11.8,16.5,19.5,31.4,8.4,50.5,47.2,2.4,19.8,69.1,9.9,1.2,0.1,0,1,33.8,0.1,0.1,2.2,0.8,53.4,4.8,1.7,2.1,18.2,26,55.7,97.8,1.4,0.2,0.2,0.4,0.1,98.3,8.9,48,12.7,10.9,17.8,0.1,0,0,1.7,0.2,1.4,77.4,10,12.6,3.5,40.3,56.2,12.7,0.3,0,0.1,4.8,81.5,0,0.1,0,0.4,100,99,83.9,15.1,0.6,0.4,0.1,0.4,71.4,12.9,69.3,2.2,15.4,1.5,73.7,6.4,3.1,9.3,8.4,7.5,11.6,81.9,15.1,2.9,0,2.8,0.1,15,MIZORAM,287,Lawngtlai,00000,Lawngtlai,000000,0000,District - Lawngtlai,Urban,100,63.8,34.6,1.6,98.1,62.7,33.9,1.5,1.9,1.1,0.7,0.1,8.2,0.3,0,0.2,0.2,1.2,76.4,13.4,0.1,9.7,0.8,0.2,1.7,0.2,0.1,64.8,12.7,9.9,0,4.5,68.7,0.2,0.1,26.2,0.3,0.1,1.9,10,38.8,26.6,13,5.5,4.3,4.6,7.8,11.8,16.5,19.5,31.4,8.4,50.5,47.2,2.4,19.8,69.1,9.9,1.2,0.1,0,1,33.8,0.1,0.1,2.2,0.8,53.4,4.8,1.7,2.1,18.2,26,55.7,97.8,1.4,0.2,0.2,0.4,0.1,98.3,8.9,48,12.7,10.9,17.8,0.1,0,0,1.7,0.2,1.4,77.4,10,12.6,3.5,40.3,56.2,12.7,0.3,0,0.1,4.8,81.5,0,0.1,0,0.4,100,99,83.9,15.1,0.6,0.4,0.1,0.4,71.4,12.9,69.3,2.2,15.4,1.5,73.7,6.4,3.1,9.3,8.4,7.5,11.6,81.9,15.1,2.9,0,2.8,0.1
15,MIZORAM,288,Saiha,00000,Saiha,000000,0000,District - Saiha,Rural,100,62.3,32.4,5.2,99.2,61.9,32.1,5.2,0.8,0.4,0.3,0.1,32.2,0.5,0.1,0.2,0,0.1,66.5,0.4,0,46,1.6,0.1,32.3,0,0.1,16.7,0.5,0.7,1.9,3.2,92.4,0,0.1,4.2,0,0.1,1.2,30.3,39.3,19.3,6.9,2.2,0.8,3.4,8.3,12.8,16.4,18.4,34.4,6.2,90.5,8.8,0.7,15.3,76.7,7.5,0.4,0,0,7.7,53.1,5.8,10.4,0.3,2.1,7.9,9.6,3.2,0,1.9,54.2,43.9,45.9,49.7,3.8,0.4,0.2,0.1,87,7.2,9.3,13.4,33.1,23.9,0,0,0,13,4.3,8.7,42.5,18.5,39,1.7,15.4,82.9,87,0.5,0,0,0.2,12.2,0,0,0,0,100,98.5,76.9,21.6,1.5,0.4,1,0,25,20.5,22.8,0.4,4.5,3,26.4,2.8,0.3,1.2,1.5,0.4,50,17.7,48.1,32.2,0.8,31.5,2,15,MIZORAM,288,Saiha,00000,Saiha,000000,0000,District - Saiha,Rural,100,62.3,32.4,5.2,99.2,61.9,32.1,5.2,0.8,0.4,0.3,0.1,32.2,0.5,0.1,0.2,0,0.1,66.5,0.4,0,46,1.6,0.1,32.3,0,0.1,16.7,0.5,0.7,1.9,3.2,92.4,0,0.1,4.2,0,0.1,1.2,30.3,39.3,19.3,6.9,2.2,0.8,3.4,8.3,12.8,16.4,18.4,34.4,6.2,90.5,8.8,0.7,15.3,76.7,7.5,0.4,0,0,7.7,53.1,5.8,10.4,0.3,2.1,7.9,9.6,3.2,0,1.9,54.2,43.9,45.9,49.7,3.8,0.4,0.2,0.1,87,7.2,9.3,13.4,33.1,23.9,0,0,0,13,4.3,8.7,42.5,18.5,39,1.7,15.4,82.9,87,0.5,0,0,0.2,12.2,0,0,0,0,100,98.5,76.9,21.6,1.5,0.4,1,0,25,20.5,22.8,0.4,4.5,3,26.4,2.8,0.3,1.2,1.5,0.4,50,17.7,48.1,32.2,0.8,31.5,2
15,MIZORAM,288,Saiha,00000,Saiha,000000,0000,District - Saiha,Total,100,65.1,30.9,4,98.8,64.5,30.4,3.9,1.2,0.6,0.5,0.1,19.9,0.3,0.1,0.6,0.1,0.3,72.5,6.3,0,29.8,1.1,0.1,25.5,0.1,0.7,31.9,2.8,5.3,2.7,3.3,82.9,0.1,0.1,13.4,0.1,0.1,1.3,22.7,37.7,22.7,9.9,3.8,1.8,3.7,7.7,11.7,15.8,18.2,34.9,7.9,71.2,27.2,1.6,17.1,73.8,8.3,0.7,0.1,0,7.2,57.6,4.5,8.4,0.8,1.2,11.6,5.8,2.1,0.8,21.8,43.1,35.1,67.8,29.3,2.3,0.2,0.1,0.2,91.5,5,25.6,9,25.3,26.4,0.1,0,0,8.5,3.1,5.4,56.2,13.3,30.5,4.3,31.8,63.9,52.5,0.4,0,0,2.2,43.8,0,0.9,0,0.1,100,98.2,65,33.2,1.7,0.4,1.2,0.1,50,21.6,44,1.5,9.4,2.6,45.6,5.4,1.3,3.1,4.6,3,32.6,40,37.8,19.5,0.6,18.9,2.7,15,MIZORAM,288,Saiha,00000,Saiha,000000,0000,District - Saiha,Total,100,65.1,30.9,4,98.8,64.5,30.4,3.9,1.2,0.6,0.5,0.1,19.9,0.3,0.1,0.6,0.1,0.3,72.5,6.3,0,29.8,1.1,0.1,25.5,0.1,0.7,31.9,2.8,5.3,2.7,3.3,82.9,0.1,0.1,13.4,0.1,0.1,1.3,22.7,37.7,22.7,9.9,3.8,1.8,3.7,7.7,11.7,15.8,18.2,34.9,7.9,71.2,27.2,1.6,17.1,73.8,8.3,0.7,0.1,0,7.2,57.6,4.5,8.4,0.8,1.2,11.6,5.8,2.1,0.8,21.8,43.1,35.1,67.8,29.3,2.3,0.2,0.1,0.2,91.5,5,25.6,9,25.3,26.4,0.1,0,0,8.5,3.1,5.4,56.2,13.3,30.5,4.3,31.8,63.9,52.5,0.4,0,0,2.2,43.8,0,0.9,0,0.1,100,98.2,65,33.2,1.7,0.4,1.2,0.1,50,21.6,44,1.5,9.4,2.6,45.6,5.4,1.3,3.1,4.6,3,32.6,40,37.8,19.5,0.6,18.9,2.7
15,MIZORAM,288,Saiha,00000,Saiha,000000,0000,District - Saiha,Urban,100,68.9,28.7,2.3,98.2,68,28,2.3,1.8,0.9,0.8,0.1,3.1,0.1,0,1.1,0.1,0.5,80.8,14.3,0,7.7,0.5,0.1,16.3,0.1,1.5,52.7,5.8,11.6,3.8,3.4,70,0.2,0.2,25.9,0.2,0.1,1.6,12.4,35.4,27.4,14.1,6,3.1,4.1,6.8,10.2,15,18,35.6,10.3,44.7,52.4,2.9,19.5,69.9,9.3,1.2,0.1,0,6.5,63.6,2.8,5.8,1.4,0,16.8,0.7,0.6,1.8,49.1,27.8,23.1,97.7,1.5,0.1,0.1,0.1,0.5,97.6,2,47.8,3.1,14.6,29.9,0.1,0,0.1,2.4,1.5,1,74.9,6.3,18.8,7.8,54.3,37.9,5.4,0.2,0,0,4.9,87.1,0,2.1,0,0.2,100,97.9,48.8,49.1,1.9,0.5,1.5,0.2,84.1,23.1,72.9,3.1,16.1,2.1,71.9,8.9,2.6,5.6,9,6.4,8.9,70.5,23.7,2,0.3,1.7,3.8,15,MIZORAM,288,Saiha,00000,Saiha,000000,0000,District - Saiha,Urban,100,68.9,28.7,2.3,98.2,68,28,2.3,1.8,0.9,0.8,0.1,3.1,0.1,0,1.1,0.1,0.5,80.8,14.3,0,7.7,0.5,0.1,16.3,0.1,1.5,52.7,5.8,11.6,3.8,3.4,70,0.2,0.2,25.9,0.2,0.1,1.6,12.4,35.4,27.4,14.1,6,3.1,4.1,6.8,10.2,15,18,35.6,10.3,44.7,52.4,2.9,19.5,69.9,9.3,1.2,0.1,0,6.5,63.6,2.8,5.8,1.4,0,16.8,0.7,0.6,1.8,49.1,27.8,23.1,97.7,1.5,0.1,0.1,0.1,0.5,97.6,2,47.8,3.1,14.6,29.9,0.1,0,0.1,2.4,1.5,1,74.9,6.3,18.8,7.8,54.3,37.9,5.4,0.2,0,0,4.9,87.1,0,2.1,0,0.2,100,97.9,48.8,49.1,1.9,0.5,1.5,0.2,84.1,23.1,72.9,3.1,16.1,2.1,71.9,8.9,2.6,5.6,9,6.4,8.9,70.5,23.7,2,0.3,1.7,3.8