01,JAMMU & KASHMIR,000,JAMMU & KASHMIR,00000,JAMMU & KASHMIR,000000,0000,State - JAMMU & KASHMIR,Rural,100,48.33,47.43,4.24,94.32,46.85,43.62,3.85,5.68,1.48,3.81,0.39,32.39,0.34,0.94,0.21,0.39,0.89,44.87,18.78,1.18,0.55,0.31,14.7,3.59,20.32,10.67,0.25,47.55,1.29,0.76,60.32,1.66,0.35,1.17,35.7,0.71,0.09,3.68,24.75,29.3,20.99,12.08,3.88,5.31,1.56,5.85,9.8,16.77,19.45,36.05,10.5,98.63,0.7,0.66,9.47,74.61,13.21,2.29,0.35,0.07,22.29,33.38,2.26,6.08,13.06,1.37,8.21,8.68,0.78,3.88,35.54,35.11,29.35,80.68,12.63,1.35,0.26,2.52,2.56,38.65,4.66,10.76,5.31,3.35,2.53,0.69,10.73,0.61,61.35,3.06,58.29,40.72,9.08,50.21,5.61,30.05,64.34,73.81,3.03,5.21,0.04,0.5,16.32,0.11,0.6,0.23,0.15,100,85.52,73.43,12.09,14.32,9.49,4.83,0.15,65.42,44.13,39.39,1,3.84,2.64,56.37,3.51,7.36,7.86,3.61,0.93,22.02,54.25,36.43,7.55,6.9,0.65,1.76,01,JAMMU & KASHMIR,000,JAMMU & KASHMIR,00000,JAMMU & KASHMIR,000000,0000,State - JAMMU & KASHMIR,Rural,100,48.33,47.43,4.24,94.32,46.85,43.62,3.85,5.68,1.48,3.81,0.39,32.39,0.34,0.94,0.21,0.39,0.89,44.87,18.78,1.18,0.55,0.31,14.7,3.59,20.32,10.67,0.25,47.55,1.29,0.76,60.32,1.66,0.35,1.17,35.7,0.71,0.09,3.68,24.75,29.3,20.99,12.08,3.88,5.31,1.56,5.85,9.8,16.77,19.45,36.05,10.5,98.63,0.7,0.66,9.47,74.61,13.21,2.29,0.35,0.07,22.29,33.38,2.26,6.08,13.06,1.37,8.21,8.68,0.78,3.88,35.54,35.11,29.35,80.68,12.63,1.35,0.26,2.52,2.56,38.65,4.66,10.76,5.31,3.35,2.53,0.69,10.73,0.61,61.35,3.06,58.29,40.72,9.08,50.21,5.61,30.05,64.34,73.81,3.03,5.21,0.04,0.5,16.32,0.11,0.6,0.23,0.15,100,85.52,73.43,12.09,14.32,9.49,4.83,0.15,65.42,44.13,39.39,1,3.84,2.64,56.37,3.51,7.36,7.86,3.61,0.93,22.02,54.25,36.43,7.55,6.9,0.65,1.76
01,JAMMU & KASHMIR,000,JAMMU & KASHMIR,00000,JAMMU & KASHMIR,000000,0000,State - JAMMU & KASHMIR,Total,100,54.11,42,3.89,95.39,52.8,39.01,3.58,4.61,1.31,3,0.31,25.33,0.47,0.94,0.21,0.4,0.91,46.61,24.01,1.11,0.51,0.3,13.19,2.92,15.65,8.25,0.3,55.93,2.15,0.8,48.5,1.53,0.41,1.58,46,1.85,0.14,3.48,22.27,27.56,21.54,13,4.66,7.51,1.63,5.56,9.86,18.38,20.23,34.12,10.2,96.73,2.19,1.08,9.88,73.51,13.49,2.62,0.41,0.08,34.7,29.24,1.86,4.65,11.36,1.46,6.21,6.72,0.66,3.14,48.17,28.7,23.13,85.14,9.69,1.03,0.21,1.97,1.95,51.18,9.95,17.73,5.32,3.29,2.19,3.2,8.86,0.65,48.82,2.74,46.08,52.43,8.03,39.53,12.57,35.27,52.16,58.91,2.53,4.19,0.04,1.27,31.56,0.35,0.77,0.18,0.2,100,88.39,78.1,10.3,11.41,7.58,3.83,0.2,70,47.17,51.02,2.88,5.48,3.61,59.3,6.58,10.33,12.92,7.47,3.8,17.33,62.31,29.49,6.47,5.87,0.6,1.74,01,JAMMU & KASHMIR,000,JAMMU & KASHMIR,00000,JAMMU & KASHMIR,000000,0000,State - JAMMU & KASHMIR,Total,100,54.11,42,3.89,95.39,52.8,39.01,3.58,4.61,1.31,3,0.31,25.33,0.47,0.94,0.21,0.4,0.91,46.61,24.01,1.11,0.51,0.3,13.19,2.92,15.65,8.25,0.3,55.93,2.15,0.8,48.5,1.53,0.41,1.58,46,1.85,0.14,3.48,22.27,27.56,21.54,13,4.66,7.51,1.63,5.56,9.86,18.38,20.23,34.12,10.2,96.73,2.19,1.08,9.88,73.51,13.49,2.62,0.41,0.08,34.7,29.24,1.86,4.65,11.36,1.46,6.21,6.72,0.66,3.14,48.17,28.7,23.13,85.14,9.69,1.03,0.21,1.97,1.95,51.18,9.95,17.73,5.32,3.29,2.19,3.2,8.86,0.65,48.82,2.74,46.08,52.43,8.03,39.53,12.57,35.27,52.16,58.91,2.53,4.19,0.04,1.27,31.56,0.35,0.77,0.18,0.2,100,88.39,78.1,10.3,11.41,7.58,3.83,0.2,70,47.17,51.02,2.88,5.48,3.61,59.3,6.58,10.33,12.92,7.47,3.8,17.33,62.31,29.49,6.47,5.87,0.6,1.74
01,JAMMU & KASHMIR,000,JAMMU & KASHMIR,00000,JAMMU & KASHMIR,000000,0000,State - JAMMU & KASHMIR,Urban,100,70.86,26.28,2.86,98.47,70.02,25.65,2.8,1.53,0.84,0.64,0.05,4.87,0.85,0.95,0.23,0.41,0.96,51.64,39.18,0.91,0.4,0.3,8.81,0.96,2.12,1.25,0.43,80.19,4.63,0.9,14.27,1.15,0.59,2.74,75.81,5.14,0.3,2.88,15.08,22.49,23.13,15.65,6.91,13.87,1.83,4.72,10.04,23.05,22.48,28.54,9.33,91.23,6.48,2.28,11.06,70.34,14.31,3.57,0.6,0.12,70.65,17.25,0.69,0.52,6.45,1.71,0.41,1.03,0.32,0.98,84.75,10.15,5.1,98.04,1.19,0.11,0.06,0.4,0.2,87.47,25.28,37.92,5.33,3.1,1.19,10.47,3.42,0.76,12.53,1.79,10.74,86.37,5.02,8.62,32.73,50.39,16.88,15.75,1.11,1.25,0.04,3.53,75.69,1.02,1.26,0.04,0.32,100,96.71,91.62,5.09,2.97,2.06,0.91,0.32,83.27,55.97,84.73,8.33,10.23,6.44,67.76,15.45,18.94,27.56,18.65,12.11,3.72,85.64,9.38,3.33,2.86,0.46,1.65,01,JAMMU & KASHMIR,000,JAMMU & KASHMIR,00000,JAMMU & KASHMIR,000000,0000,State - JAMMU & KASHMIR,Urban,100,70.86,26.28,2.86,98.47,70.02,25.65,2.8,1.53,0.84,0.64,0.05,4.87,0.85,0.95,0.23,0.41,0.96,51.64,39.18,0.91,0.4,0.3,8.81,0.96,2.12,1.25,0.43,80.19,4.63,0.9,14.27,1.15,0.59,2.74,75.81,5.14,0.3,2.88,15.08,22.49,23.13,15.65,6.91,13.87,1.83,4.72,10.04,23.05,22.48,28.54,9.33,91.23,6.48,2.28,11.06,70.34,14.31,3.57,0.6,0.12,70.65,17.25,0.69,0.52,6.45,1.71,0.41,1.03,0.32,0.98,84.75,10.15,5.1,98.04,1.19,0.11,0.06,0.4,0.2,87.47,25.28,37.92,5.33,3.1,1.19,10.47,3.42,0.76,12.53,1.79,10.74,86.37,5.02,8.62,32.73,50.39,16.88,15.75,1.11,1.25,0.04,3.53,75.69,1.02,1.26,0.04,0.32,100,96.71,91.62,5.09,2.97,2.06,0.91,0.32,83.27,55.97,84.73,8.33,10.23,6.44,67.76,15.45,18.94,27.56,18.65,12.11,3.72,85.64,9.38,3.33,2.86,0.46,1.65
01,JAMMU & KASHMIR,001,Kupwara,00000,Kupwara,000000,0000,District - Kupwara,Rural,100,33.6,58.1,8.3,90.9,32.7,51,7.2,9.1,1,7.1,1.1,7.8,0.1,0.3,0.2,0.1,1.1,87.1,0.6,2.6,0.5,0.4,11.1,31.1,7.3,2.2,0.3,44.7,1.4,1,55.9,6.6,0.3,3.6,33.5,0.1,0.1,2.7,21.3,27,25.3,12.8,3.5,7.3,0.8,3.8,5.9,10,13.9,40.3,25.2,98.2,0.4,1.4,8.4,75.6,13.6,2,0.3,0.1,11.8,33.5,5,10.7,2.8,1.7,1.8,24.8,1.6,6.2,19,36,45,76.5,11.1,3,1.2,4.9,3.2,48.9,4.6,4.4,10.2,2.8,6.3,2.2,17.8,0.7,51.1,8.1,43,57.9,3.4,38.7,3.6,25.5,70.9,82.9,2.6,0.9,0,0.7,11.7,0.1,0.9,0.2,0.1,100,97.4,93.7,3.7,2.5,0.9,1.5,0.1,49.1,54.4,23.1,0.6,4,1.2,49.4,1.2,2.7,1.6,2.5,0.4,26.1,52.9,37.7,6,5.6,0.4,3.4,01,JAMMU & KASHMIR,001,Kupwara,00000,Kupwara,000000,0000,District - Kupwara,Rural,100,33.6,58.1,8.3,90.9,32.7,51,7.2,9.1,1,7.1,1.1,7.8,0.1,0.3,0.2,0.1,1.1,87.1,0.6,2.6,0.5,0.4,11.1,31.1,7.3,2.2,0.3,44.7,1.4,1,55.9,6.6,0.3,3.6,33.5,0.1,0.1,2.7,21.3,27,25.3,12.8,3.5,7.3,0.8,3.8,5.9,10,13.9,40.3,25.2,98.2,0.4,1.4,8.4,75.6,13.6,2,0.3,0.1,11.8,33.5,5,10.7,2.8,1.7,1.8,24.8,1.6,6.2,19,36,45,76.5,11.1,3,1.2,4.9,3.2,48.9,4.6,4.4,10.2,2.8,6.3,2.2,17.8,0.7,51.1,8.1,43,57.9,3.4,38.7,3.6,25.5,70.9,82.9,2.6,0.9,0,0.7,11.7,0.1,0.9,0.2,0.1,100,97.4,93.7,3.7,2.5,0.9,1.5,0.1,49.1,54.4,23.1,0.6,4,1.2,49.4,1.2,2.7,1.6,2.5,0.4,26.1,52.9,37.7,6,5.6,0.4,3.4
01,JAMMU & KASHMIR,001,Kupwara,00000,Kupwara,000000,0000,District - Kupwara,Total,100,34.8,57.3,7.9,91,33.8,50.2,6.9,9,0.9,7.1,1,7.3,0.1,0.3,0.2,0.1,1.1,87.5,0.7,2.6,0.5,0.4,11.4,28.6,7.9,2.4,0.3,46.2,1.4,1,53.7,6.3,0.4,3.5,36,0.1,0,2.7,20.6,27,25.7,12.8,3.6,7.6,0.9,3.8,6,10,13.9,40,25.4,98.2,0.6,1.3,8.4,75.5,13.7,2.1,0.3,0.1,13,34.1,5.1,10.4,2.8,1.9,1.8,23.2,1.5,6.2,21.3,35.4,43.2,77.8,10.4,2.8,1.1,4.8,3.1,50.9,4.8,6.2,10.2,3,6.2,2.1,17.6,0.8,49.1,7.8,41.3,58.7,3.4,37.9,3.8,27.1,69.1,79.9,2.4,0.8,0,0.8,14.8,0.1,0.9,0.2,0.1,100,97.6,94,3.5,2.3,0.9,1.4,0.1,50.2,55.7,25.1,0.7,4.2,1.4,50,1.5,2.8,1.7,2.8,0.5,25,55.1,36,5.6,5.2,0.4,3.3,01,JAMMU & KASHMIR,001,Kupwara,00000,Kupwara,000000,0000,District - Kupwara,Total,100,34.8,57.3,7.9,91,33.8,50.2,6.9,9,0.9,7.1,1,7.3,0.1,0.3,0.2,0.1,1.1,87.5,0.7,2.6,0.5,0.4,11.4,28.6,7.9,2.4,0.3,46.2,1.4,1,53.7,6.3,0.4,3.5,36,0.1,0,2.7,20.6,27,25.7,12.8,3.6,7.6,0.9,3.8,6,10,13.9,40,25.4,98.2,0.6,1.3,8.4,75.5,13.7,2.1,0.3,0.1,13,34.1,5.1,10.4,2.8,1.9,1.8,23.2,1.5,6.2,21.3,35.4,43.2,77.8,10.4,2.8,1.1,4.8,3.1,50.9,4.8,6.2,10.2,3,6.2,2.1,17.6,0.8,49.1,7.8,41.3,58.7,3.4,37.9,3.8,27.1,69.1,79.9,2.4,0.8,0,0.8,14.8,0.1,0.9,0.2,0.1,100,97.6,94,3.5,2.3,0.9,1.4,0.1,50.2,55.7,25.1,0.7,4.2,1.4,50,1.5,2.8,1.7,2.8,0.5,25,55.1,36,5.6,5.2,0.4,3.3
01,JAMMU & KASHMIR,001,Kupwara,00000,Kupwara,000000,0000,District - Kupwara,Urban,100,45.7,49.5,4.8,91.8,45,42.2,4.5,8.2,0.7,7.3,0.2,2.9,0.2,0.4,0,0.1,0.8,91.3,2,2.2,0.4,0.2,14,4.8,13.2,4.6,0.2,60.6,0.8,1.2,32.3,3.3,1.1,2.7,60.5,0.1,0,2.1,14,26.2,29.8,12.9,4.6,10.4,1,3.5,6.4,10.2,14.6,37.3,27,97.5,2.2,0.4,8.4,74.1,14.6,2.4,0.4,0.1,25.1,40,5.4,7.7,2.6,3.8,1.1,8,0.3,6,43.9,29.7,26.4,90.2,3.2,0.3,1,3.5,1.7,70.2,6.6,23.5,10.9,5.2,5.1,1.3,16.2,1.4,29.8,4.4,25.4,66.4,3.7,29.9,5.3,42.3,52.4,50.8,0.7,0.1,0,2.1,45.3,0.3,0.6,0,0.1,100,98.7,97,1.7,1.2,0.8,0.4,0.1,61.1,68.4,44.3,1.7,6.3,2.6,56.5,4.1,3.8,2.7,6.1,1.5,13.9,76,19.6,1.3,1.1,0.2,3.1,01,JAMMU & KASHMIR,001,Kupwara,00000,Kupwara,000000,0000,District - Kupwara,Urban,100,45.7,49.5,4.8,91.8,45,42.2,4.5,8.2,0.7,7.3,0.2,2.9,0.2,0.4,0,0.1,0.8,91.3,2,2.2,0.4,0.2,14,4.8,13.2,4.6,0.2,60.6,0.8,1.2,32.3,3.3,1.1,2.7,60.5,0.1,0,2.1,14,26.2,29.8,12.9,4.6,10.4,1,3.5,6.4,10.2,14.6,37.3,27,97.5,2.2,0.4,8.4,74.1,14.6,2.4,0.4,0.1,25.1,40,5.4,7.7,2.6,3.8,1.1,8,0.3,6,43.9,29.7,26.4,90.2,3.2,0.3,1,3.5,1.7,70.2,6.6,23.5,10.9,5.2,5.1,1.3,16.2,1.4,29.8,4.4,25.4,66.4,3.7,29.9,5.3,42.3,52.4,50.8,0.7,0.1,0,2.1,45.3,0.3,0.6,0,0.1,100,98.7,97,1.7,1.2,0.8,0.4,0.1,61.1,68.4,44.3,1.7,6.3,2.6,56.5,4.1,3.8,2.7,6.1,1.5,13.9,76,19.6,1.3,1.1,0.2,3.1
01,JAMMU & KASHMIR,002,Badgam,00000,Badgam,000000,0000,District - Badgam,Rural,100,49.7,46.3,3.9,97.2,49,44.5,3.7,2.8,0.7,1.8,0.2,2.6,0.2,0.4,0,0.1,0.7,92.2,1.8,2.1,0.2,0.2,8.4,1.1,0.9,0.4,0.3,85.7,1.2,1.8,47.2,1.9,0.3,2.4,48,0.1,0.1,2.2,14.8,25.9,23.6,18.2,5.3,10,0.8,2.1,3.4,7.1,11,61.5,14,98.9,0.5,0.6,8.9,72.4,15.4,2.9,0.4,0.1,26.2,45.6,0.7,0.8,8.2,2.1,0.5,14.7,0,1.2,48.3,35.9,15.8,89.8,6.7,1.6,0.1,1.3,0.4,83.3,6.7,12.3,9.8,3.1,4.6,0.6,45.8,0.5,16.7,5.1,11.5,78.7,4.1,17.2,11.2,43.5,45.3,59.3,7.4,20.1,0,0.4,10.2,0.2,1.1,1.1,0.1,100,88.5,84.4,4.2,11.4,8,3.4,0.1,50.3,66.4,50.9,1.5,3.5,2.5,64.4,3.2,9.2,5.2,4.2,1.2,13.2,86,8.9,1.7,1.6,0.2,3.4,01,JAMMU & KASHMIR,002,Badgam,00000,Badgam,000000,0000,District - Badgam,Rural,100,49.7,46.3,3.9,97.2,49,44.5,3.7,2.8,0.7,1.8,0.2,2.6,0.2,0.4,0,0.1,0.7,92.2,1.8,2.1,0.2,0.2,8.4,1.1,0.9,0.4,0.3,85.7,1.2,1.8,47.2,1.9,0.3,2.4,48,0.1,0.1,2.2,14.8,25.9,23.6,18.2,5.3,10,0.8,2.1,3.4,7.1,11,61.5,14,98.9,0.5,0.6,8.9,72.4,15.4,2.9,0.4,0.1,26.2,45.6,0.7,0.8,8.2,2.1,0.5,14.7,0,1.2,48.3,35.9,15.8,89.8,6.7,1.6,0.1,1.3,0.4,83.3,6.7,12.3,9.8,3.1,4.6,0.6,45.8,0.5,16.7,5.1,11.5,78.7,4.1,17.2,11.2,43.5,45.3,59.3,7.4,20.1,0,0.4,10.2,0.2,1.1,1.1,0.1,100,88.5,84.4,4.2,11.4,8,3.4,0.1,50.3,66.4,50.9,1.5,3.5,2.5,64.4,3.2,9.2,5.2,4.2,1.2,13.2,86,8.9,1.7,1.6,0.2,3.4
01,JAMMU & KASHMIR,002,Badgam,00000,Badgam,000000,0000,District - Badgam,Total,100,51.6,44.7,3.8,97.3,50.8,43,3.5,2.7,0.8,1.7,0.2,2.8,0.2,0.4,0,0.1,0.7,91.6,2.2,1.9,0.2,0.2,8.2,1,0.9,0.3,0.3,85.8,1.5,1.6,43.2,1.8,0.5,2.2,52.1,0.1,0.1,2.3,14.2,25.3,24.1,17.9,5.5,10.8,0.9,2.2,3.8,8.1,12,59.6,13.5,98.8,0.6,0.6,9.1,72,15.4,3,0.5,0.1,30.4,43.5,0.7,0.7,7.6,2.3,0.5,13.2,0.1,1.1,51.8,33.8,14.4,90.9,6,1.4,0.1,1.2,0.4,84.3,8.1,15.5,9.3,2.9,4.1,1.8,41.8,0.7,15.7,5,10.7,80.1,4,16,13.6,44,42.5,55.8,7.2,18.4,0,0.6,15.2,0.3,1.2,1,0.1,100,89.5,85.3,4.2,10.4,7.3,3,0.1,53.9,67.3,54.6,2,3.9,2.5,66.3,3.9,10.1,5.9,5.1,1.7,11.8,86.2,8.9,1.8,1.6,0.2,3.1,01,JAMMU & KASHMIR,002,Badgam,00000,Badgam,000000,0000,District - Badgam,Total,100,51.6,44.7,3.8,97.3,50.8,43,3.5,2.7,0.8,1.7,0.2,2.8,0.2,0.4,0,0.1,0.7,91.6,2.2,1.9,0.2,0.2,8.2,1,0.9,0.3,0.3,85.8,1.5,1.6,43.2,1.8,0.5,2.2,52.1,0.1,0.1,2.3,14.2,25.3,24.1,17.9,5.5,10.8,0.9,2.2,3.8,8.1,12,59.6,13.5,98.8,0.6,0.6,9.1,72,15.4,3,0.5,0.1,30.4,43.5,0.7,0.7,7.6,2.3,0.5,13.2,0.1,1.1,51.8,33.8,14.4,90.9,6,1.4,0.1,1.2,0.4,84.3,8.1,15.5,9.3,2.9,4.1,1.8,41.8,0.7,15.7,5,10.7,80.1,4,16,13.6,44,42.5,55.8,7.2,18.4,0,0.6,15.2,0.3,1.2,1,0.1,100,89.5,85.3,4.2,10.4,7.3,3,0.1,53.9,67.3,54.6,2,3.9,2.5,66.3,3.9,10.1,5.9,5.1,1.7,11.8,86.2,8.9,1.8,1.6,0.2,3.1
01,JAMMU & KASHMIR,002,Badgam,00000,Badgam,000000,0000,District - Badgam,Urban,100,63.6,33.8,2.6,98.1,62.5,33.2,2.4,1.9,1.1,0.6,0.2,4.6,0.3,0.5,0,0.2,0.4,88,5,0.9,0.4,0.2,7.1,0.2,1.4,0.2,0.3,86,3.5,0.7,17.1,1,1.6,1,79.1,0.2,0,2.7,10.2,21.4,27.5,15.8,6.7,15.7,1,2.7,6,14.1,18.8,46.9,10.5,98,1.6,0.5,10.7,69.5,15.3,3.7,0.7,0.1,58.1,29.4,0.2,0.1,3.8,4.1,0.1,3.2,0.7,0.4,74.4,20.2,5.4,97.9,1.7,0.1,0.1,0,0.2,90.4,17.9,36.3,6.1,1.9,1,9.8,15.6,1.7,9.6,4.2,5.4,89,3.4,7.6,29,47.1,23.9,33.3,5.9,7.1,0.1,2.1,48,1.4,2,0.2,0.2,100,95.8,91.2,4.7,4,3.3,0.7,0.2,77.2,73.3,79.1,5.3,6.8,2.8,78.6,8.6,15.7,10.5,11.1,5,3,87.9,8.5,2.1,1.7,0.4,1.5,01,JAMMU & KASHMIR,002,Badgam,00000,Badgam,000000,0000,District - Badgam,Urban,100,63.6,33.8,2.6,98.1,62.5,33.2,2.4,1.9,1.1,0.6,0.2,4.6,0.3,0.5,0,0.2,0.4,88,5,0.9,0.4,0.2,7.1,0.2,1.4,0.2,0.3,86,3.5,0.7,17.1,1,1.6,1,79.1,0.2,0,2.7,10.2,21.4,27.5,15.8,6.7,15.7,1,2.7,6,14.1,18.8,46.9,10.5,98,1.6,0.5,10.7,69.5,15.3,3.7,0.7,0.1,58.1,29.4,0.2,0.1,3.8,4.1,0.1,3.2,0.7,0.4,74.4,20.2,5.4,97.9,1.7,0.1,0.1,0,0.2,90.4,17.9,36.3,6.1,1.9,1,9.8,15.6,1.7,9.6,4.2,5.4,89,3.4,7.6,29,47.1,23.9,33.3,5.9,7.1,0.1,2.1,48,1.4,2,0.2,0.2,100,95.8,91.2,4.7,4,3.3,0.7,0.2,77.2,73.3,79.1,5.3,6.8,2.8,78.6,8.6,15.7,10.5,11.1,5,3,87.9,8.5,2.1,1.7,0.4,1.5
01,JAMMU & KASHMIR,003,Leh(Ladakh),00000,Leh(Ladakh),000000,0000,District - Leh(Ladakh),Rural,100,46.4,51.5,2.1,98.6,45.8,50.8,2,1.4,0.6,0.7,0,97.3,0.1,0.1,0,0,0.1,0.6,0.5,1.2,0.2,0.1,59,0.7,25.9,12.7,0,0.1,0.1,1.2,90.2,1.3,0.7,0.2,6.7,0.1,0.7,7.4,19.8,22.6,18.5,13.8,8,9.9,8,6.8,9.8,18.4,17.9,28.9,10.3,95.3,2.3,2.4,17.3,59.3,18.7,4.1,0.5,0.2,3.9,18.5,0.5,0.4,27.5,0.4,4,40.3,0.1,4.3,10.5,55.7,33.8,76.3,4.9,18,0.1,0.3,0.5,88.1,1.7,1.3,4.4,65.8,4.5,0,10.4,0.1,11.9,1,10.9,36,4.5,59.5,3.7,7.7,88.6,31.4,0.4,13.1,0.1,1.1,52.8,0,0.9,0,0.2,100,95.9,82.9,13,3.9,0.9,2.9,0.2,85.2,70.2,55.5,1.5,5.2,14.8,23.3,17.5,3,5.6,16.5,1.8,12.7,0.9,38.1,59.7,59.4,0.3,1.3,01,JAMMU & KASHMIR,003,Leh(Ladakh),00000,Leh(Ladakh),000000,0000,District - Leh(Ladakh),Rural,100,46.4,51.5,2.1,98.6,45.8,50.8,2,1.4,0.6,0.7,0,97.3,0.1,0.1,0,0,0.1,0.6,0.5,1.2,0.2,0.1,59,0.7,25.9,12.7,0,0.1,0.1,1.2,90.2,1.3,0.7,0.2,6.7,0.1,0.7,7.4,19.8,22.6,18.5,13.8,8,9.9,8,6.8,9.8,18.4,17.9,28.9,10.3,95.3,2.3,2.4,17.3,59.3,18.7,4.1,0.5,0.2,3.9,18.5,0.5,0.4,27.5,0.4,4,40.3,0.1,4.3,10.5,55.7,33.8,76.3,4.9,18,0.1,0.3,0.5,88.1,1.7,1.3,4.4,65.8,4.5,0,10.4,0.1,11.9,1,10.9,36,4.5,59.5,3.7,7.7,88.6,31.4,0.4,13.1,0.1,1.1,52.8,0,0.9,0,0.2,100,95.9,82.9,13,3.9,0.9,2.9,0.2,85.2,70.2,55.5,1.5,5.2,14.8,23.3,17.5,3,5.6,16.5,1.8,12.7,0.9,38.1,59.7,59.4,0.3,1.3
01,JAMMU & KASHMIR,003,Leh(Ladakh),00000,Leh(Ladakh),000000,0000,District - Leh(Ladakh),Total,100,45.8,52.4,1.8,98.7,45.1,51.8,1.8,1.3,0.7,0.6,0,95.8,0.2,0.2,0.1,0.1,0.3,0.8,1.5,1.1,0.5,0.2,68.2,0.6,19.6,9.8,0,0.1,0.2,0.8,81.6,1.3,0.6,0.3,15.5,0.2,0.5,7.3,19.3,21.1,17.9,14.5,8.2,11.6,7.8,7.1,11.1,21.3,18.3,25.9,8.5,93.3,4.3,2.4,17.8,61.3,16.8,3.4,0.4,0.2,9.5,20.6,0.5,0.3,28.2,0.6,3,29.4,0.3,7.5,14.6,52.8,32.7,83,3.5,12.7,0.1,0.3,0.4,90.4,2.6,2.1,3.3,67.9,4.2,0.3,9.8,0.1,9.6,1,8.6,45.2,4.4,50.4,8.8,10.2,81,22.5,0.3,9.3,0.1,1.2,65.7,0,0.6,0,0.2,100,96.9,87.1,9.8,2.9,0.8,2.1,0.2,87.3,73.2,65.4,2.8,7.6,12.7,30.5,23.4,2.9,6.2,20.6,4.7,9.5,1.2,30.2,67.5,66.9,0.5,1.1,01,JAMMU & KASHMIR,003,Leh(Ladakh),00000,Leh(Ladakh),000000,0000,District - Leh(Ladakh),Total,100,45.8,52.4,1.8,98.7,45.1,51.8,1.8,1.3,0.7,0.6,0,95.8,0.2,0.2,0.1,0.1,0.3,0.8,1.5,1.1,0.5,0.2,68.2,0.6,19.6,9.8,0,0.1,0.2,0.8,81.6,1.3,0.6,0.3,15.5,0.2,0.5,7.3,19.3,21.1,17.9,14.5,8.2,11.6,7.8,7.1,11.1,21.3,18.3,25.9,8.5,93.3,4.3,2.4,17.8,61.3,16.8,3.4,0.4,0.2,9.5,20.6,0.5,0.3,28.2,0.6,3,29.4,0.3,7.5,14.6,52.8,32.7,83,3.5,12.7,0.1,0.3,0.4,90.4,2.6,2.1,3.3,67.9,4.2,0.3,9.8,0.1,9.6,1,8.6,45.2,4.4,50.4,8.8,10.2,81,22.5,0.3,9.3,0.1,1.2,65.7,0,0.6,0,0.2,100,96.9,87.1,9.8,2.9,0.8,2.1,0.2,87.3,73.2,65.4,2.8,7.6,12.7,30.5,23.4,2.9,6.2,20.6,4.7,9.5,1.2,30.2,67.5,66.9,0.5,1.1
01,JAMMU & KASHMIR,003,Leh(Ladakh),00000,Leh(Ladakh),000000,0000,District - Leh(Ladakh),Urban,100,44.3,54.6,1.1,98.7,43.4,54.2,1.1,1.3,0.9,0.4,0,92.3,0.4,0.3,0.1,0.2,0.9,1.2,3.9,0.8,1.1,0.2,89.7,0.2,4.8,3.1,0,0.2,0.5,0,61.2,1.2,0.4,0.3,36.3,0.6,0.1,7.1,18.2,17.4,16.6,16.3,8.7,15.6,7.5,8,14.1,28,19.4,18.8,4.1,88.6,9,2.4,19.2,66.1,12.4,2,0.3,0.1,22.5,25.7,0.6,0.1,29.8,1.1,0.7,3.7,0.6,15.2,24.2,45.9,29.9,98.9,0.4,0.4,0,0.1,0.2,95.8,4.8,4.2,1,73,3.4,0.8,8.4,0.2,4.2,1.1,3,66.8,4.2,29,20.7,16.1,63.2,1.7,0.1,0.4,0,1.4,96.1,0,0,0,0.2,100,99.2,96.8,2.4,0.6,0.5,0.2,0.2,92.3,80.4,88.8,5.9,13.2,7.9,47.4,37.3,2.8,7.7,30.2,11.4,2,1.7,11.6,85.9,84.8,1.1,0.8,01,JAMMU & KASHMIR,003,Leh(Ladakh),00000,Leh(Ladakh),000000,0000,District - Leh(Ladakh),Urban,100,44.3,54.6,1.1,98.7,43.4,54.2,1.1,1.3,0.9,0.4,0,92.3,0.4,0.3,0.1,0.2,0.9,1.2,3.9,0.8,1.1,0.2,89.7,0.2,4.8,3.1,0,0.2,0.5,0,61.2,1.2,0.4,0.3,36.3,0.6,0.1,7.1,18.2,17.4,16.6,16.3,8.7,15.6,7.5,8,14.1,28,19.4,18.8,4.1,88.6,9,2.4,19.2,66.1,12.4,2,0.3,0.1,22.5,25.7,0.6,0.1,29.8,1.1,0.7,3.7,0.6,15.2,24.2,45.9,29.9,98.9,0.4,0.4,0,0.1,0.2,95.8,4.8,4.2,1,73,3.4,0.8,8.4,0.2,4.2,1.1,3,66.8,4.2,29,20.7,16.1,63.2,1.7,0.1,0.4,0,1.4,96.1,0,0,0,0.2,100,99.2,96.8,2.4,0.6,0.5,0.2,0.2,92.3,80.4,88.8,5.9,13.2,7.9,47.4,37.3,2.8,7.7,30.2,11.4,2,1.7,11.6,85.9,84.8,1.1,0.8
01,JAMMU & KASHMIR,004,Kargil,00000,Kargil,000000,0000,District - Kargil,Rural,100,23.2,73.3,3.5,96.4,22.7,70.5,3.1,3.6,0.5,2.7,0.4,97.2,0,0.1,0,0.1,0.2,2.4,0,0.1,0.1,0,42.1,0.1,45.3,12.2,0,0.1,0,0,95.7,2.6,0,0,1.6,0.1,0,2.1,14.2,30.8,23,14.2,6.7,8.9,2.9,3.5,4.4,8.4,12.6,39.2,29,97.5,1.8,0.7,9.6,57.8,22.8,7.4,1.8,0.5,8.4,52.8,0.5,0,14.2,0.1,2.1,16.8,1.1,4,7.3,53.2,39.5,84.6,3.3,11.7,0.1,0.1,0.2,96.8,1.3,1.4,52.9,1,9.9,0.2,29.7,0.2,3.2,0.5,2.7,59.8,2,38.2,9,19.6,71.4,75.8,0.9,10.5,0,0.3,9.7,0,0.2,2.4,0.1,100,97.6,89,8.6,2.4,0.6,1.8,0.1,75.5,58.6,39,0.9,3.7,5.5,37,10,2.6,3.7,8.8,0.8,22.1,2.5,55.3,42.1,42,0.1,0.1,01,JAMMU & KASHMIR,004,Kargil,00000,Kargil,000000,0000,District - Kargil,Rural,100,23.2,73.3,3.5,96.4,22.7,70.5,3.1,3.6,0.5,2.7,0.4,97.2,0,0.1,0,0.1,0.2,2.4,0,0.1,0.1,0,42.1,0.1,45.3,12.2,0,0.1,0,0,95.7,2.6,0,0,1.6,0.1,0,2.1,14.2,30.8,23,14.2,6.7,8.9,2.9,3.5,4.4,8.4,12.6,39.2,29,97.5,1.8,0.7,9.6,57.8,22.8,7.4,1.8,0.5,8.4,52.8,0.5,0,14.2,0.1,2.1,16.8,1.1,4,7.3,53.2,39.5,84.6,3.3,11.7,0.1,0.1,0.2,96.8,1.3,1.4,52.9,1,9.9,0.2,29.7,0.2,3.2,0.5,2.7,59.8,2,38.2,9,19.6,71.4,75.8,0.9,10.5,0,0.3,9.7,0,0.2,2.4,0.1,100,97.6,89,8.6,2.4,0.6,1.8,0.1,75.5,58.6,39,0.9,3.7,5.5,37,10,2.6,3.7,8.8,0.8,22.1,2.5,55.3,42.1,42,0.1,0.1
01,JAMMU & KASHMIR,004,Kargil,00000,Kargil,000000,0000,District - Kargil,Total,100,24.3,72.6,3.2,96.7,23.8,70.1,2.8,3.3,0.5,2.5,0.3,92.6,0,0.1,0,0.1,0.3,6.5,0.2,0.1,0.2,0,41.7,0.1,45.5,12.1,0,0.2,0.1,0,93.7,2.6,0,0,3.6,0,0,2.4,17.6,28.6,21.3,13.6,6.7,9.8,3.8,4.6,5.4,9.1,12.9,37.5,26.7,91.4,7.8,0.8,13,56.9,21.1,6.9,1.7,0.5,10.6,48.5,0.5,0,18,0.1,1.8,14.5,1.1,5,10.8,50.6,38.6,86.9,2.9,9.9,0.1,0,0.2,96.9,2.8,6,52.8,0.9,8.4,0.2,25.5,0.3,3.1,0.4,2.6,63.5,1.8,34.7,13.8,19.3,66.9,69,0.8,9,0,0.8,18,0,0.2,2.1,0.1,100,97.5,87.5,10,2.5,0.8,1.6,0.1,77.3,59.8,44,1.3,4.2,4.9,42.5,10.6,2.7,3.6,10.1,1.4,19.4,4.7,55.6,39.5,39.4,0.2,0.2,01,JAMMU & KASHMIR,004,Kargil,00000,Kargil,000000,0000,District - Kargil,Total,100,24.3,72.6,3.2,96.7,23.8,70.1,2.8,3.3,0.5,2.5,0.3,92.6,0,0.1,0,0.1,0.3,6.5,0.2,0.1,0.2,0,41.7,0.1,45.5,12.1,0,0.2,0.1,0,93.7,2.6,0,0,3.6,0,0,2.4,17.6,28.6,21.3,13.6,6.7,9.8,3.8,4.6,5.4,9.1,12.9,37.5,26.7,91.4,7.8,0.8,13,56.9,21.1,6.9,1.7,0.5,10.6,48.5,0.5,0,18,0.1,1.8,14.5,1.1,5,10.8,50.6,38.6,86.9,2.9,9.9,0.1,0,0.2,96.9,2.8,6,52.8,0.9,8.4,0.2,25.5,0.3,3.1,0.4,2.6,63.5,1.8,34.7,13.8,19.3,66.9,69,0.8,9,0,0.8,18,0,0.2,2.1,0.1,100,97.5,87.5,10,2.5,0.8,1.6,0.1,77.3,59.8,44,1.3,4.2,4.9,42.5,10.6,2.7,3.6,10.1,1.4,19.4,4.7,55.6,39.5,39.4,0.2,0.2
01,JAMMU & KASHMIR,004,Kargil,00000,Kargil,000000,0000,District - Kargil,Urban,100,30,68.8,1.2,98.7,29.8,67.8,1.2,1.3,0.2,1,0,67.2,0,0.3,0,0.1,1.3,29.7,1,0.4,0.4,0,39.6,0,47.1,11.6,0,0.6,0.4,0.2,82.7,2.6,0,0.1,14.5,0,0,4,36.3,16.1,11.8,10.3,6.9,14.7,8.7,10.5,11,12.7,14.9,28.1,14.1,57.6,41,1.4,31.8,51.7,11.6,3.7,0.9,0.2,22.7,24.7,0.3,0,38.9,0.2,0,1.5,1,10.7,30.1,36,33.9,99.5,0.4,0,0.1,0,0,97.5,10.8,31.7,52.1,0.2,0,0,1.8,0.8,2.5,0.1,2.4,83.8,0.8,15.5,40.9,17.4,41.7,31.2,0.3,0.1,0,3.7,64.4,0,0.1,0,0.2,100,96.9,79.1,17.8,3,2.5,0.5,0.2,87.6,66.7,71.6,3.5,7.3,1.8,73.1,13.8,3.1,3.1,17.6,4.7,4.7,17.3,57.2,25,24.7,0.3,0.5,01,JAMMU & KASHMIR,004,Kargil,00000,Kargil,000000,0000,District - Kargil,Urban,100,30,68.8,1.2,98.7,29.8,67.8,1.2,1.3,0.2,1,0,67.2,0,0.3,0,0.1,1.3,29.7,1,0.4,0.4,0,39.6,0,47.1,11.6,0,0.6,0.4,0.2,82.7,2.6,0,0.1,14.5,0,0,4,36.3,16.1,11.8,10.3,6.9,14.7,8.7,10.5,11,12.7,14.9,28.1,14.1,57.6,41,1.4,31.8,51.7,11.6,3.7,0.9,0.2,22.7,24.7,0.3,0,38.9,0.2,0,1.5,1,10.7,30.1,36,33.9,99.5,0.4,0,0.1,0,0,97.5,10.8,31.7,52.1,0.2,0,0,1.8,0.8,2.5,0.1,2.4,83.8,0.8,15.5,40.9,17.4,41.7,31.2,0.3,0.1,0,3.7,64.4,0,0.1,0,0.2,100,96.9,79.1,17.8,3,2.5,0.5,0.2,87.6,66.7,71.6,3.5,7.3,1.8,73.1,13.8,3.1,3.1,17.6,4.7,4.7,17.3,57.2,25,24.7,0.3,0.5
01,JAMMU & KASHMIR,005,Punch,00000,Punch,000000,0000,District - Punch,Rural,100,38,59.5,2.4,85.2,34.7,48.4,2.1,14.8,3.3,11.1,0.3,74.4,0.1,0.1,0.3,0.1,0.6,9.8,14.3,0.2,0.1,0,2.7,0.2,66.6,23.6,0,5.7,0.9,0.1,81.8,0,0.1,0.1,17.8,0.2,0,1.1,24.1,42.7,20.8,8.2,1.7,1.2,1.6,8.4,11.9,17.3,20.1,36.3,4.6,99,0.6,0.4,8.1,80.1,10.4,1.3,0.1,0,11.8,34.7,4.8,20.6,4.4,0.2,15.1,1.6,0.3,6.5,14.6,39.4,46,68.4,23.5,0.3,0.3,2.1,5.5,13.7,1.1,9.6,1.3,0.5,0.1,0.3,0.1,0.6,86.3,2.2,84.1,13.5,3.9,82.6,2,7.1,90.9,83.2,5.8,0.7,0.1,0.2,9.4,0,0.5,0,0.1,100,87.8,50.3,37.5,12.1,7.4,4.7,0.1,67,41.1,13.3,0.3,3.3,1.8,34.5,2,0.6,1.7,1.4,0.1,39.5,24.7,72.3,2.7,2.6,0.1,0.3,01,JAMMU & KASHMIR,005,Punch,00000,Punch,000000,0000,District - Punch,Rural,100,38,59.5,2.4,85.2,34.7,48.4,2.1,14.8,3.3,11.1,0.3,74.4,0.1,0.1,0.3,0.1,0.6,9.8,14.3,0.2,0.1,0,2.7,0.2,66.6,23.6,0,5.7,0.9,0.1,81.8,0,0.1,0.1,17.8,0.2,0,1.1,24.1,42.7,20.8,8.2,1.7,1.2,1.6,8.4,11.9,17.3,20.1,36.3,4.6,99,0.6,0.4,8.1,80.1,10.4,1.3,0.1,0,11.8,34.7,4.8,20.6,4.4,0.2,15.1,1.6,0.3,6.5,14.6,39.4,46,68.4,23.5,0.3,0.3,2.1,5.5,13.7,1.1,9.6,1.3,0.5,0.1,0.3,0.1,0.6,86.3,2.2,84.1,13.5,3.9,82.6,2,7.1,90.9,83.2,5.8,0.7,0.1,0.2,9.4,0,0.5,0,0.1,100,87.8,50.3,37.5,12.1,7.4,4.7,0.1,67,41.1,13.3,0.3,3.3,1.8,34.5,2,0.6,1.7,1.4,0.1,39.5,24.7,72.3,2.7,2.6,0.1,0.3
01,JAMMU & KASHMIR,005,Punch,00000,Punch,000000,0000,District - Punch,Total,100,40.8,56.9,2.3,86.3,37.7,46.7,2,13.7,3.1,10.3,0.3,69.8,0.1,0.1,0.3,0.1,0.6,9.6,19.1,0.2,0.1,0,3,0.2,62.3,22.4,0,11,0.9,0.2,76.8,0,0.1,0.1,22.4,0.5,0.1,1.1,23.1,42,21.5,8.7,2,1.5,1.7,8.4,12,17.8,20.3,35.4,4.4,98.7,0.9,0.5,8.4,79.9,10.3,1.3,0.1,0,16.1,33,4.5,19.9,4.3,0.3,14,1.5,0.3,6,19.2,37.3,43.5,70.8,21.7,0.3,0.2,1.9,5.2,18.7,2.7,12.9,1.3,0.5,0.1,0.4,0.1,0.6,81.3,2.1,79.3,18.4,3.8,77.7,3.1,11.7,85.2,77.9,5.4,0.7,0.1,0.4,14.8,0,0.5,0,0.1,100,88.4,53.3,35.1,11.5,7,4.5,0.1,69,42.1,18,0.4,3.4,2.1,35.7,3,1,2.7,1.9,0.3,37.1,29.1,67.9,2.7,2.6,0.1,0.3,01,JAMMU & KASHMIR,005,Punch,00000,Punch,000000,0000,District - Punch,Total,100,40.8,56.9,2.3,86.3,37.7,46.7,2,13.7,3.1,10.3,0.3,69.8,0.1,0.1,0.3,0.1,0.6,9.6,19.1,0.2,0.1,0,3,0.2,62.3,22.4,0,11,0.9,0.2,76.8,0,0.1,0.1,22.4,0.5,0.1,1.1,23.1,42,21.5,8.7,2,1.5,1.7,8.4,12,17.8,20.3,35.4,4.4,98.7,0.9,0.5,8.4,79.9,10.3,1.3,0.1,0,16.1,33,4.5,19.9,4.3,0.3,14,1.5,0.3,6,19.2,37.3,43.5,70.8,21.7,0.3,0.2,1.9,5.2,18.7,2.7,12.9,1.3,0.5,0.1,0.4,0.1,0.6,81.3,2.1,79.3,18.4,3.8,77.7,3.1,11.7,85.2,77.9,5.4,0.7,0.1,0.4,14.8,0,0.5,0,0.1,100,88.4,53.3,35.1,11.5,7,4.5,0.1,69,42.1,18,0.4,3.4,2.1,35.7,3,1,2.7,1.9,0.3,37.1,29.1,67.9,2.7,2.6,0.1,0.3
01,JAMMU & KASHMIR,005,Punch,00000,Punch,000000,0000,District - Punch,Urban,100,71.8,27.3,0.8,99.3,71.4,27.1,0.7,0.7,0.4,0.3,0.1,17.2,0.1,0.2,0.2,0.2,0.8,7.9,73.3,0.2,0.2,0.1,5.5,0.2,13.6,8.7,0.1,70.7,0.3,0.6,20.3,0,0.1,0.2,75.2,3.9,0.3,0.9,11.7,34.2,29,14,5.1,5,3.4,8.4,13.2,24.1,22.7,25.3,2.8,95.5,3.7,0.9,11.2,77.5,9.7,1.5,0,0,65.5,14.4,1.4,12,3,0.6,1.2,0.3,0.6,1.1,72,13.5,14.5,97.7,0.6,0,0.1,0,1.5,75.3,20.8,50.7,1.7,0.1,0,1.1,0.2,0.6,24.7,0.4,24.3,74.2,3.3,22.5,16.2,63.8,20,18.4,1.2,0.2,0,2.5,76.6,0,0.7,0,0.2,100,95.1,88.3,6.8,4.6,2.4,2.2,0.2,91.1,52.9,71.1,1.7,4.2,5.8,50.4,14.1,4.9,14.2,8.7,2.3,10.7,78.8,17.6,2.8,2.6,0.2,0.8,01,JAMMU & KASHMIR,005,Punch,00000,Punch,000000,0000,District - Punch,Urban,100,71.8,27.3,0.8,99.3,71.4,27.1,0.7,0.7,0.4,0.3,0.1,17.2,0.1,0.2,0.2,0.2,0.8,7.9,73.3,0.2,0.2,0.1,5.5,0.2,13.6,8.7,0.1,70.7,0.3,0.6,20.3,0,0.1,0.2,75.2,3.9,0.3,0.9,11.7,34.2,29,14,5.1,5,3.4,8.4,13.2,24.1,22.7,25.3,2.8,95.5,3.7,0.9,11.2,77.5,9.7,1.5,0,0,65.5,14.4,1.4,12,3,0.6,1.2,0.3,0.6,1.1,72,13.5,14.5,97.7,0.6,0,0.1,0,1.5,75.3,20.8,50.7,1.7,0.1,0,1.1,0.2,0.6,24.7,0.4,24.3,74.2,3.3,22.5,16.2,63.8,20,18.4,1.2,0.2,0,2.5,76.6,0,0.7,0,0.2,100,95.1,88.3,6.8,4.6,2.4,2.2,0.2,91.1,52.9,71.1,1.7,4.2,5.8,50.4,14.1,4.9,14.2,8.7,2.3,10.7,78.8,17.6,2.8,2.6,0.2,0.8
01,JAMMU & KASHMIR,006,Rajouri,00000,Rajouri,000000,0000,District - Rajouri,Rural,100,44.4,52.9,2.7,90.8,41.5,47,2.3,9.2,3,5.9,0.3,69.7,0.1,0.1,0.1,0.3,0.5,2.3,26.7,0.1,0.3,0,2,0.4,51.7,25.2,0,18.6,1.6,0.2,72,0.1,0.3,0.2,26.9,0.5,0,3.1,33.3,36,16.9,7.8,1.9,1,1.6,10.6,14.7,20.6,20.9,29,2.6,98.7,0.7,0.6,8.9,84.2,6.4,0.5,0,0,12.9,15.9,8.8,15.3,5.2,0.2,31.5,1.7,0.4,8.1,11.5,34.4,54.1,76.2,18.4,0.3,0.3,1,3.8,10.2,0.9,7.5,0.8,0.6,0.1,0.1,0.1,0.1,89.8,1.3,88.5,10.5,3.6,86,1.8,6.5,91.8,80.5,3,0.3,0.1,0.1,15.3,0,0.6,0,0.1,100,70,42.5,27.5,29.9,18.8,11.1,0.1,63.4,38.6,24.5,0.3,4.1,1.9,46.9,1.9,1.3,4.6,1.7,0.4,32,29.5,67.9,2.3,2,0.3,0.3,01,JAMMU & KASHMIR,006,Rajouri,00000,Rajouri,000000,0000,District - Rajouri,Rural,100,44.4,52.9,2.7,90.8,41.5,47,2.3,9.2,3,5.9,0.3,69.7,0.1,0.1,0.1,0.3,0.5,2.3,26.7,0.1,0.3,0,2,0.4,51.7,25.2,0,18.6,1.6,0.2,72,0.1,0.3,0.2,26.9,0.5,0,3.1,33.3,36,16.9,7.8,1.9,1,1.6,10.6,14.7,20.6,20.9,29,2.6,98.7,0.7,0.6,8.9,84.2,6.4,0.5,0,0,12.9,15.9,8.8,15.3,5.2,0.2,31.5,1.7,0.4,8.1,11.5,34.4,54.1,76.2,18.4,0.3,0.3,1,3.8,10.2,0.9,7.5,0.8,0.6,0.1,0.1,0.1,0.1,89.8,1.3,88.5,10.5,3.6,86,1.8,6.5,91.8,80.5,3,0.3,0.1,0.1,15.3,0,0.6,0,0.1,100,70,42.5,27.5,29.9,18.8,11.1,0.1,63.4,38.6,24.5,0.3,4.1,1.9,46.9,1.9,1.3,4.6,1.7,0.4,32,29.5,67.9,2.3,2,0.3,0.3
01,JAMMU & KASHMIR,006,Rajouri,00000,Rajouri,000000,0000,District - Rajouri,Total,100,46.4,51,2.6,91.3,43.5,45.4,2.3,8.7,2.8,5.6,0.3,66.2,0.1,0.1,0.1,0.3,0.5,2.3,30.2,0.1,0.4,0,1.9,0.3,49,24.1,0,22.4,1.6,0.2,68.4,0,0.3,0.3,30.1,0.8,0,3,32.3,35.8,17.4,8.1,2,1.3,1.7,10.3,14.6,20.8,21.1,28.8,2.7,97.9,1.3,0.7,9,83.7,6.6,0.6,0,0,16.5,15.5,8.4,14.5,5.2,0.2,29.9,1.8,0.4,7.7,15.2,33.1,51.7,77.4,17.4,0.3,0.3,1,3.6,14.3,2,9.8,1,0.6,0.1,0.7,0,0.2,85.7,1.4,84.3,14.5,3.6,81.9,2.6,10,87.4,76.5,2.8,0.2,0,0.3,19.3,0,0.6,0,0.1,100,71.5,45.2,26.3,28.4,17.8,10.6,0.1,65,38.7,27.6,0.5,4.5,2.1,48.4,2.4,1.8,5.9,2.5,0.7,30.5,33,64.4,2.2,1.9,0.3,0.3,01,JAMMU & KASHMIR,006,Rajouri,00000,Rajouri,000000,0000,District - Rajouri,Total,100,46.4,51,2.6,91.3,43.5,45.4,2.3,8.7,2.8,5.6,0.3,66.2,0.1,0.1,0.1,0.3,0.5,2.3,30.2,0.1,0.4,0,1.9,0.3,49,24.1,0,22.4,1.6,0.2,68.4,0,0.3,0.3,30.1,0.8,0,3,32.3,35.8,17.4,8.1,2,1.3,1.7,10.3,14.6,20.8,21.1,28.8,2.7,97.9,1.3,0.7,9,83.7,6.6,0.6,0,0,16.5,15.5,8.4,14.5,5.2,0.2,29.9,1.8,0.4,7.7,15.2,33.1,51.7,77.4,17.4,0.3,0.3,1,3.6,14.3,2,9.8,1,0.6,0.1,0.7,0,0.2,85.7,1.4,84.3,14.5,3.6,81.9,2.6,10,87.4,76.5,2.8,0.2,0,0.3,19.3,0,0.6,0,0.1,100,71.5,45.2,26.3,28.4,17.8,10.6,0.1,65,38.7,27.6,0.5,4.5,2.1,48.4,2.4,1.8,5.9,2.5,0.7,30.5,33,64.4,2.2,1.9,0.3,0.3
01,JAMMU & KASHMIR,006,Rajouri,00000,Rajouri,000000,0000,District - Rajouri,Urban,100,79.7,18.6,1.7,98.6,79,17.9,1.7,1.4,0.6,0.7,0,5.6,0.6,0,0.2,0.2,0.3,1.1,91.9,0.1,0.5,0.1,0.9,0.1,3,5.5,0,87.2,2.5,0.1,7,0,0.2,1.7,83.9,7,0.2,2.4,16.4,31.8,24.8,14.1,4.8,5.7,2.8,6.1,12.2,25.2,24,25,4.6,84.8,12.8,2.4,11.9,75,10.3,2.4,0.2,0.1,78.1,8.8,0.3,1,6,0.1,2.3,2.7,0,0.6,78.1,10.4,11.5,98,1.4,0.2,0,0,0.3,85.5,20.3,49.8,4.2,0.2,0.1,10.3,0,0.5,14.5,2,12.5,84,4.7,11.3,16.7,70.3,12.9,7.9,0.8,0.1,0,2.4,88.4,0.1,0.1,0,0.1,100,97.5,92,5.5,2.4,1.1,1.2,0.1,91.8,40.6,80.5,4.2,10.3,5.3,73.9,11.6,9.7,27.5,15.8,7,4.3,93.1,5.5,1.1,0.6,0.6,0.2,01,JAMMU & KASHMIR,006,Rajouri,00000,Rajouri,000000,0000,District - Rajouri,Urban,100,79.7,18.6,1.7,98.6,79,17.9,1.7,1.4,0.6,0.7,0,5.6,0.6,0,0.2,0.2,0.3,1.1,91.9,0.1,0.5,0.1,0.9,0.1,3,5.5,0,87.2,2.5,0.1,7,0,0.2,1.7,83.9,7,0.2,2.4,16.4,31.8,24.8,14.1,4.8,5.7,2.8,6.1,12.2,25.2,24,25,4.6,84.8,12.8,2.4,11.9,75,10.3,2.4,0.2,0.1,78.1,8.8,0.3,1,6,0.1,2.3,2.7,0,0.6,78.1,10.4,11.5,98,1.4,0.2,0,0,0.3,85.5,20.3,49.8,4.2,0.2,0.1,10.3,0,0.5,14.5,2,12.5,84,4.7,11.3,16.7,70.3,12.9,7.9,0.8,0.1,0,2.4,88.4,0.1,0.1,0,0.1,100,97.5,92,5.5,2.4,1.1,1.2,0.1,91.8,40.6,80.5,4.2,10.3,5.3,73.9,11.6,9.7,27.5,15.8,7,4.3,93.1,5.5,1.1,0.6,0.6,0.2
01,JAMMU & KASHMIR,007,Kathua,00000,Kathua,000000,0000,District - Kathua,Rural,100,59.8,36.7,3.5,97.6,59,35.3,3.3,2.4,0.8,1.5,0.1,35.1,0.1,0.3,0.4,0.4,1.3,12.6,49.7,0.2,1,0,20.1,0.1,14.7,9.2,0,54.3,0.4,0.2,61.2,0.1,0.2,1.4,34.7,2.3,0.1,3.2,30.5,29.9,19.4,10.3,4,2.6,2.1,6.5,10.8,21.7,23.2,28.9,6.8,98.6,0.9,0.5,8.5,74.1,13.6,3,0.6,0.1,37.1,12.3,0.6,8.6,22.5,2.8,8.9,0.9,0.8,5.5,36.9,34.5,28.6,91.8,7.2,0.1,0.1,0.1,0.8,14.2,1.3,10.5,0.5,1.5,0.1,0.1,0,0.2,85.8,1.6,84.2,17.1,16,66.9,2.8,27.2,70,77.6,1,0.2,0,0.4,20.4,0,0.1,0,0.2,100,77.5,63.6,13.9,22.2,16.3,6,0.2,75.6,22.2,51.7,0.7,3.2,2.4,66.4,5,12.7,15.7,2.6,1.1,17.3,57.9,27.1,14.6,13.7,0.9,0.4,01,JAMMU & KASHMIR,007,Kathua,00000,Kathua,000000,0000,District - Kathua,Rural,100,59.8,36.7,3.5,97.6,59,35.3,3.3,2.4,0.8,1.5,0.1,35.1,0.1,0.3,0.4,0.4,1.3,12.6,49.7,0.2,1,0,20.1,0.1,14.7,9.2,0,54.3,0.4,0.2,61.2,0.1,0.2,1.4,34.7,2.3,0.1,3.2,30.5,29.9,19.4,10.3,4,2.6,2.1,6.5,10.8,21.7,23.2,28.9,6.8,98.6,0.9,0.5,8.5,74.1,13.6,3,0.6,0.1,37.1,12.3,0.6,8.6,22.5,2.8,8.9,0.9,0.8,5.5,36.9,34.5,28.6,91.8,7.2,0.1,0.1,0.1,0.8,14.2,1.3,10.5,0.5,1.5,0.1,0.1,0,0.2,85.8,1.6,84.2,17.1,16,66.9,2.8,27.2,70,77.6,1,0.2,0,0.4,20.4,0,0.1,0,0.2,100,77.5,63.6,13.9,22.2,16.3,6,0.2,75.6,22.2,51.7,0.7,3.2,2.4,66.4,5,12.7,15.7,2.6,1.1,17.3,57.9,27.1,14.6,13.7,0.9,0.4
01,JAMMU & KASHMIR,007,Kathua,00000,Kathua,000000,0000,District - Kathua,Total,100,61.3,35.3,3.4,97.9,60.6,34,3.3,2.1,0.7,1.3,0.1,31,0.2,0.3,0.4,0.3,1.1,11.3,55.2,0.2,1,0,17.9,0.1,12.6,7.9,0,59.9,0.5,0.2,54.7,0.1,0.2,2,39.9,3,0.2,2.8,29.4,29.7,19.9,10.9,4.3,3,2.1,6.3,10.9,22.6,23.4,28.1,6.6,97.5,1.8,0.6,8.6,74,13.5,3.1,0.6,0.1,40.7,11.2,0.7,7.3,23.4,2.9,7.6,0.7,0.7,4.7,44.1,31.1,24.8,92.9,6.3,0.1,0.1,0.1,0.7,22.1,2.2,16,1.4,1.6,0.1,0.6,0,0.2,77.9,1.4,76.5,24.2,16,59.8,5.2,32.2,62.7,69.7,1,0.2,0,0.8,27.8,0.1,0.1,0,0.2,100,80,65.9,14.1,19.8,14.3,5.5,0.2,77.3,22.2,56.8,1.2,4,2.6,66.4,6.5,15,19.5,4,2.3,15.5,62.7,23.9,13,12.2,0.8,0.4,01,JAMMU & KASHMIR,007,Kathua,00000,Kathua,000000,0000,District - Kathua,Total,100,61.3,35.3,3.4,97.9,60.6,34,3.3,2.1,0.7,1.3,0.1,31,0.2,0.3,0.4,0.3,1.1,11.3,55.2,0.2,1,0,17.9,0.1,12.6,7.9,0,59.9,0.5,0.2,54.7,0.1,0.2,2,39.9,3,0.2,2.8,29.4,29.7,19.9,10.9,4.3,3,2.1,6.3,10.9,22.6,23.4,28.1,6.6,97.5,1.8,0.6,8.6,74,13.5,3.1,0.6,0.1,40.7,11.2,0.7,7.3,23.4,2.9,7.6,0.7,0.7,4.7,44.1,31.1,24.8,92.9,6.3,0.1,0.1,0.1,0.7,22.1,2.2,16,1.4,1.6,0.1,0.6,0,0.2,77.9,1.4,76.5,24.2,16,59.8,5.2,32.2,62.7,69.7,1,0.2,0,0.8,27.8,0.1,0.1,0,0.2,100,80,65.9,14.1,19.8,14.3,5.5,0.2,77.3,22.2,56.8,1.2,4,2.6,66.4,6.5,15,19.5,4,2.3,15.5,62.7,23.9,13,12.2,0.8,0.4
01,JAMMU & KASHMIR,007,Kathua,00000,Kathua,000000,0000,District - Kathua,Urban,100,69.9,27,3.1,99.1,69.3,26.7,3.1,0.9,0.6,0.3,0,7.6,0.4,0.2,0.3,0.3,0.3,3.7,87,0.2,0.5,0,5.2,0,0.5,0.5,0,92.3,0.9,0.1,17.5,0,0.2,5.2,69.4,7.5,0.2,0.8,22.9,28.3,22.6,14.4,5.9,5.1,1.9,5.2,11.5,27.7,24.6,23.3,5.7,91.4,7.5,1.1,9.1,73.5,13.3,3.4,0.7,0.1,61.5,5.1,0.8,0.2,28.5,3.3,0.2,0,0,0.3,85.6,11.3,3.2,99.1,0.7,0,0.2,0,0,67.1,7.3,47.3,6.4,2.2,0.2,3.5,0,0.1,32.9,0.5,32.5,65,15.8,19.2,18.8,60.4,20.8,24.5,0.8,0.1,0.1,3.1,70.3,0.5,0.3,0,0.3,100,94.1,79,15.1,5.6,2.9,2.7,0.3,87.1,22.3,85.8,4.1,8.2,3.6,66,15.3,28.7,41.4,11.8,9.1,5.5,90.2,5.3,4.2,3.7,0.5,0.3,01,JAMMU & KASHMIR,007,Kathua,00000,Kathua,000000,0000,District - Kathua,Urban,100,69.9,27,3.1,99.1,69.3,26.7,3.1,0.9,0.6,0.3,0,7.6,0.4,0.2,0.3,0.3,0.3,3.7,87,0.2,0.5,0,5.2,0,0.5,0.5,0,92.3,0.9,0.1,17.5,0,0.2,5.2,69.4,7.5,0.2,0.8,22.9,28.3,22.6,14.4,5.9,5.1,1.9,5.2,11.5,27.7,24.6,23.3,5.7,91.4,7.5,1.1,9.1,73.5,13.3,3.4,0.7,0.1,61.5,5.1,0.8,0.2,28.5,3.3,0.2,0,0,0.3,85.6,11.3,3.2,99.1,0.7,0,0.2,0,0,67.1,7.3,47.3,6.4,2.2,0.2,3.5,0,0.1,32.9,0.5,32.5,65,15.8,19.2,18.8,60.4,20.8,24.5,0.8,0.1,0.1,3.1,70.3,0.5,0.3,0,0.3,100,94.1,79,15.1,5.6,2.9,2.7,0.3,87.1,22.3,85.8,4.1,8.2,3.6,66,15.3,28.7,41.4,11.8,9.1,5.5,90.2,5.3,4.2,3.7,0.5,0.3
01,JAMMU & KASHMIR,008,Baramula,00000,Baramula,000000,0000,District - Baramula,Rural,100,48.6,46.1,5.3,96.9,47.8,44.1,5,3.1,0.8,2,0.3,4.1,0.2,1,0,0.1,1.3,86,2.7,4.5,0.3,0.1,16,2.7,10.5,4.6,1.5,60.3,1.8,2.3,52.8,2.9,0.4,2.3,41.4,0.1,0.1,1.9,14.2,24.5,27.1,18,5.1,9.2,1.2,4.1,7.1,12.2,16.9,41.9,16.6,99,0.4,0.6,8.3,72.2,15.8,3.1,0.5,0.1,31,44.7,2.4,2,2.5,1.1,1.7,11.9,0.7,2,47.8,30.8,21.4,94,3.4,0.3,0.1,1.3,1,74.3,10.4,10.4,10.2,4.2,5.4,1.6,31.1,0.9,25.7,3.6,22.1,77.3,3.4,19.2,10.5,43.2,46.3,73.1,5.5,5.8,0,1,12.7,0.2,0.8,0.5,0.1,100,94.4,90.3,4.1,5.6,3.3,2.3,0.1,64,59.6,45.3,1.7,3.8,2.9,64.8,2.5,7.7,4.2,5.2,1.3,15.5,74.3,17.1,2.5,2.3,0.2,6,01,JAMMU & KASHMIR,008,Baramula,00000,Baramula,000000,0000,District - Baramula,Rural,100,48.6,46.1,5.3,96.9,47.8,44.1,5,3.1,0.8,2,0.3,4.1,0.2,1,0,0.1,1.3,86,2.7,4.5,0.3,0.1,16,2.7,10.5,4.6,1.5,60.3,1.8,2.3,52.8,2.9,0.4,2.3,41.4,0.1,0.1,1.9,14.2,24.5,27.1,18,5.1,9.2,1.2,4.1,7.1,12.2,16.9,41.9,16.6,99,0.4,0.6,8.3,72.2,15.8,3.1,0.5,0.1,31,44.7,2.4,2,2.5,1.1,1.7,11.9,0.7,2,47.8,30.8,21.4,94,3.4,0.3,0.1,1.3,1,74.3,10.4,10.4,10.2,4.2,5.4,1.6,31.1,0.9,25.7,3.6,22.1,77.3,3.4,19.2,10.5,43.2,46.3,73.1,5.5,5.8,0,1,12.7,0.2,0.8,0.5,0.1,100,94.4,90.3,4.1,5.6,3.3,2.3,0.1,64,59.6,45.3,1.7,3.8,2.9,64.8,2.5,7.7,4.2,5.2,1.3,15.5,74.3,17.1,2.5,2.3,0.2,6
01,JAMMU & KASHMIR,008,Baramula,00000,Baramula,000000,0000,District - Baramula,Total,100,50.8,44,5.2,97.3,50.1,42.2,5,2.7,0.7,1.8,0.3,3.9,0.2,1,0,0.1,1.3,86,3.3,4.2,0.3,0.2,15.8,2.4,9.4,4.2,1.3,62.3,1.8,2.2,47.3,2.6,0.4,2.1,47.5,0.1,0.1,2,13.6,23.3,26.5,18.1,5.5,10.9,1.2,4,7.1,13,17.8,41.2,15.7,98.7,0.8,0.6,8.4,71.9,15.9,3.2,0.5,0.1,37.5,40.5,2.9,1.9,2.2,1.1,1.5,9.8,0.8,1.8,53.6,27.9,18.4,94.7,3.1,0.2,0.1,1.2,0.8,77.6,13.1,14.8,9.5,4,4.6,3.3,27.3,0.9,22.4,3.1,19.3,79.6,3.4,17,13.7,44.5,41.8,63.9,4.8,4.9,0,1.8,22.6,0.2,1.1,0.5,0.1,100,94.8,91.1,3.8,5,3.1,2,0.1,67.1,61.5,51.5,2.5,4.8,3.2,66.6,3.7,9.2,5.6,6.9,2.2,13.4,74.9,17.1,2.2,2,0.2,5.8,01,JAMMU & KASHMIR,008,Baramula,00000,Baramula,000000,0000,District - Baramula,Total,100,50.8,44,5.2,97.3,50.1,42.2,5,2.7,0.7,1.8,0.3,3.9,0.2,1,0,0.1,1.3,86,3.3,4.2,0.3,0.2,15.8,2.4,9.4,4.2,1.3,62.3,1.8,2.2,47.3,2.6,0.4,2.1,47.5,0.1,0.1,2,13.6,23.3,26.5,18.1,5.5,10.9,1.2,4,7.1,13,17.8,41.2,15.7,98.7,0.8,0.6,8.4,71.9,15.9,3.2,0.5,0.1,37.5,40.5,2.9,1.9,2.2,1.1,1.5,9.8,0.8,1.8,53.6,27.9,18.4,94.7,3.1,0.2,0.1,1.2,0.8,77.6,13.1,14.8,9.5,4,4.6,3.3,27.3,0.9,22.4,3.1,19.3,79.6,3.4,17,13.7,44.5,41.8,63.9,4.8,4.9,0,1.8,22.6,0.2,1.1,0.5,0.1,100,94.8,91.1,3.8,5,3.1,2,0.1,67.1,61.5,51.5,2.5,4.8,3.2,66.6,3.7,9.2,5.6,6.9,2.2,13.4,74.9,17.1,2.2,2,0.2,5.8
01,JAMMU & KASHMIR,008,Baramula,00000,Baramula,000000,0000,District - Baramula,Urban,100,61,34,5,98.8,60.4,33.4,5,1.2,0.6,0.6,0.1,2.9,0.2,0.7,0,0.2,1.1,86,6.2,2.7,0.2,0.3,14.7,1,4.7,2.6,0.9,71.4,1.9,2.2,21.9,0.9,0.6,1.1,75.2,0.2,0.1,2.6,11.1,17.7,23.8,18.6,7.6,18.6,0.9,3.3,7.3,16.4,22,38.4,11.8,97.1,2.3,0.6,8.6,70.4,16.4,3.8,0.7,0.1,67.1,21.6,5.4,1.4,0.6,0.7,0.4,0.3,1.4,1.1,80.6,14.8,4.7,97.5,1.7,0.1,0,0.6,0.1,92.5,25.6,34.9,6.5,3,0.8,11,9.9,0.7,7.5,1.2,6.3,90,3,7,28.5,50.4,21.1,21.4,1.3,0.9,0,5.5,67.8,0.2,2.5,0.1,0.2,100,97,94.6,2.4,2.7,2.2,0.6,0.2,81.5,69.7,79.5,6.1,9,4.8,75,9.1,16,12,14.7,6.6,4,77.7,16.9,0.9,0.9,0,4.4,01,JAMMU & KASHMIR,008,Baramula,00000,Baramula,000000,0000,District - Baramula,Urban,100,61,34,5,98.8,60.4,33.4,5,1.2,0.6,0.6,0.1,2.9,0.2,0.7,0,0.2,1.1,86,6.2,2.7,0.2,0.3,14.7,1,4.7,2.6,0.9,71.4,1.9,2.2,21.9,0.9,0.6,1.1,75.2,0.2,0.1,2.6,11.1,17.7,23.8,18.6,7.6,18.6,0.9,3.3,7.3,16.4,22,38.4,11.8,97.1,2.3,0.6,8.6,70.4,16.4,3.8,0.7,0.1,67.1,21.6,5.4,1.4,0.6,0.7,0.4,0.3,1.4,1.1,80.6,14.8,4.7,97.5,1.7,0.1,0,0.6,0.1,92.5,25.6,34.9,6.5,3,0.8,11,9.9,0.7,7.5,1.2,6.3,90,3,7,28.5,50.4,21.1,21.4,1.3,0.9,0,5.5,67.8,0.2,2.5,0.1,0.2,100,97,94.6,2.4,2.7,2.2,0.6,0.2,81.5,69.7,79.5,6.1,9,4.8,75,9.1,16,12,14.7,6.6,4,77.7,16.9,0.9,0.9,0,4.4
01,JAMMU & KASHMIR,009,Bandipore,00000,Bandipore,000000,0000,District - Bandipore,Rural,100,38.9,53.7,7.4,96.2,37.9,51.3,7,3.8,1,2.4,0.4,7.5,0.3,0.8,0,0.1,0.4,87.5,1.6,1.8,0.6,0.3,22,11.1,4.2,1.7,1,56.9,1.3,0.8,60.7,3.1,0.5,4.3,31.2,0.1,0.2,2.5,15.6,26.7,26.3,17.2,4.8,6.8,1,3.6,6.9,11.9,16.3,43.2,17.2,98.6,0.5,0.9,9.1,72,15.4,2.9,0.5,0.1,14.7,39.9,1.9,1.5,2.9,1.3,5.6,23.6,2.5,6.2,26.1,33.6,40.3,77.1,11.5,4.2,0.5,2.4,4.4,70.1,8.3,5.3,8.3,3.8,6.9,1,35,1.6,29.9,2.9,27,71.3,3.5,25.2,9.1,35.7,55.3,71,5.8,8.8,0,1.4,11.2,0.1,1.5,0.1,0.1,100,91.7,85.4,6.3,8.2,5.7,2.6,0.1,43.1,62.4,40.3,1.3,3.6,3,52.4,1.9,9.2,3.4,3.2,0.6,18.1,63.2,27.5,6.8,6.5,0.3,2.5,01,JAMMU & KASHMIR,009,Bandipore,00000,Bandipore,000000,0000,District - Bandipore,Rural,100,38.9,53.7,7.4,96.2,37.9,51.3,7,3.8,1,2.4,0.4,7.5,0.3,0.8,0,0.1,0.4,87.5,1.6,1.8,0.6,0.3,22,11.1,4.2,1.7,1,56.9,1.3,0.8,60.7,3.1,0.5,4.3,31.2,0.1,0.2,2.5,15.6,26.7,26.3,17.2,4.8,6.8,1,3.6,6.9,11.9,16.3,43.2,17.2,98.6,0.5,0.9,9.1,72,15.4,2.9,0.5,0.1,14.7,39.9,1.9,1.5,2.9,1.3,5.6,23.6,2.5,6.2,26.1,33.6,40.3,77.1,11.5,4.2,0.5,2.4,4.4,70.1,8.3,5.3,8.3,3.8,6.9,1,35,1.6,29.9,2.9,27,71.3,3.5,25.2,9.1,35.7,55.3,71,5.8,8.8,0,1.4,11.2,0.1,1.5,0.1,0.1,100,91.7,85.4,6.3,8.2,5.7,2.6,0.1,43.1,62.4,40.3,1.3,3.6,3,52.4,1.9,9.2,3.4,3.2,0.6,18.1,63.2,27.5,6.8,6.5,0.3,2.5
01,JAMMU & KASHMIR,009,Bandipore,00000,Bandipore,000000,0000,District - Bandipore,Total,100,43.1,50,6.9,96.5,42.1,47.9,6.6,3.5,1,2.2,0.3,6.6,0.3,0.9,0,0.1,0.5,87.6,1.9,2,0.6,0.3,21.1,9.4,4.2,1.5,1.1,59.6,1.3,0.9,56.6,2.8,0.5,3.7,36.2,0.1,0.1,3.1,15,25.9,26,17.4,5.1,7.5,1,3.6,6.9,12.2,16.7,42.4,17.3,98.6,0.6,0.8,9,71.3,15.7,3.2,0.7,0.1,16.9,42.9,1.7,1.3,2.9,1.5,4.7,20.6,2.2,5.3,31.9,32.2,35.9,80.1,10.3,3.5,0.4,2,3.7,74,9.2,6.7,8.8,4.4,6,2.9,34.3,1.9,26,2.7,23.3,73.8,3.6,22.7,9.5,39.3,51.2,66.9,5.4,8.2,0,2.1,15.6,0.1,1.4,0.1,0.1,100,92.4,85.8,6.6,7.5,5.2,2.3,0.1,46.9,64.1,44.7,1.7,3.8,3.3,55,2.5,9.9,4,3.9,1,16.5,65.7,25.6,6,5.7,0.2,2.8,01,JAMMU & KASHMIR,009,Bandipore,00000,Bandipore,000000,0000,District - Bandipore,Total,100,43.1,50,6.9,96.5,42.1,47.9,6.6,3.5,1,2.2,0.3,6.6,0.3,0.9,0,0.1,0.5,87.6,1.9,2,0.6,0.3,21.1,9.4,4.2,1.5,1.1,59.6,1.3,0.9,56.6,2.8,0.5,3.7,36.2,0.1,0.1,3.1,15,25.9,26,17.4,5.1,7.5,1,3.6,6.9,12.2,16.7,42.4,17.3,98.6,0.6,0.8,9,71.3,15.7,3.2,0.7,0.1,16.9,42.9,1.7,1.3,2.9,1.5,4.7,20.6,2.2,5.3,31.9,32.2,35.9,80.1,10.3,3.5,0.4,2,3.7,74,9.2,6.7,8.8,4.4,6,2.9,34.3,1.9,26,2.7,23.3,73.8,3.6,22.7,9.5,39.3,51.2,66.9,5.4,8.2,0,2.1,15.6,0.1,1.4,0.1,0.1,100,92.4,85.8,6.6,7.5,5.2,2.3,0.1,46.9,64.1,44.7,1.7,3.8,3.3,55,2.5,9.9,4,3.9,1,16.5,65.7,25.6,6,5.7,0.2,2.8
01,JAMMU & KASHMIR,009,Bandipore,00000,Bandipore,000000,0000,District - Bandipore,Urban,100,64.6,31,4.3,98.3,63.7,30.3,4.3,1.7,0.9,0.7,0,2.2,0.1,1.6,0,0.1,0.9,88.2,3.7,3.2,0.3,0.3,16.5,0.8,3.7,0.9,1.6,73.4,1.2,1.4,35.3,0.8,0.3,1,62.3,0.4,0,6.3,11.6,22.1,24.2,18.4,6.3,11.1,0.9,3.5,6.9,13.5,18.8,38.4,18,98.6,0.9,0.4,8.6,67.5,17.2,4.9,1.5,0.2,28.5,58.5,0.5,0.3,3.1,2.6,0,5.5,0.6,0.5,62.1,24.8,13.1,95.5,3.7,0.1,0.1,0.4,0.2,94.3,13.5,13.8,11.6,7.7,1.1,12.8,30.3,3.5,5.7,1.8,3.9,86.7,4.1,9.2,11.8,58.2,30,45.6,3.4,5.4,0,5.7,38.7,0.1,0.9,0,0.3,100,96,88.1,7.9,3.7,3,0.7,0.3,66.5,72.8,67.8,4,5.1,4.5,68.6,5.6,14,7.3,7.9,3.5,8,78.6,15.4,1.7,1.6,0.1,4.3,01,JAMMU & KASHMIR,009,Bandipore,00000,Bandipore,000000,0000,District - Bandipore,Urban,100,64.6,31,4.3,98.3,63.7,30.3,4.3,1.7,0.9,0.7,0,2.2,0.1,1.6,0,0.1,0.9,88.2,3.7,3.2,0.3,0.3,16.5,0.8,3.7,0.9,1.6,73.4,1.2,1.4,35.3,0.8,0.3,1,62.3,0.4,0,6.3,11.6,22.1,24.2,18.4,6.3,11.1,0.9,3.5,6.9,13.5,18.8,38.4,18,98.6,0.9,0.4,8.6,67.5,17.2,4.9,1.5,0.2,28.5,58.5,0.5,0.3,3.1,2.6,0,5.5,0.6,0.5,62.1,24.8,13.1,95.5,3.7,0.1,0.1,0.4,0.2,94.3,13.5,13.8,11.6,7.7,1.1,12.8,30.3,3.5,5.7,1.8,3.9,86.7,4.1,9.2,11.8,58.2,30,45.6,3.4,5.4,0,5.7,38.7,0.1,0.9,0,0.3,100,96,88.1,7.9,3.7,3,0.7,0.3,66.5,72.8,67.8,4,5.1,4.5,68.6,5.6,14,7.3,7.9,3.5,8,78.6,15.4,1.7,1.6,0.1,4.3
01,JAMMU & KASHMIR,010,Srinagar,00000,Srinagar,000000,0000,District - Srinagar,Rural,100,55.2,38.4,6.3,98.5,55,37.3,6.2,1.5,0.3,1.2,0.1,2.2,0.1,0.2,0,0.1,0.5,93.7,2.5,0.7,0.3,0.1,12.6,1,7.2,1.4,0.4,75.6,0.4,0.8,29,0.8,0.2,0.2,69.8,0,0,4.2,17,24.7,25.7,13,5.1,10.4,0.7,2.9,7.2,14.6,21.3,38.6,14.7,98.8,0.8,0.4,10.1,70.2,15.8,3.4,0.4,0.1,37.3,50.8,0.6,0,0.6,0.2,0.1,8.6,0,1.7,71.4,11.9,16.7,98.6,0.5,0,0,0.1,0.9,88.7,6.7,35.4,12.1,3.8,1,13,16.6,0,11.3,0.9,10.5,81.3,2.8,15.9,17.5,34.9,47.7,42.3,1.4,2.8,0.1,2,47.9,3,0.4,0,0.1,100,93.3,88.5,4.8,6.6,1.5,5.1,0.1,55.6,63.6,68.1,1.5,2.9,1.1,69.5,4.2,24.1,9.4,6.4,2,9.2,83.3,14.2,1,0.8,0.2,1.4,01,JAMMU & KASHMIR,010,Srinagar,00000,Srinagar,000000,0000,District - Srinagar,Rural,100,55.2,38.4,6.3,98.5,55,37.3,6.2,1.5,0.3,1.2,0.1,2.2,0.1,0.2,0,0.1,0.5,93.7,2.5,0.7,0.3,0.1,12.6,1,7.2,1.4,0.4,75.6,0.4,0.8,29,0.8,0.2,0.2,69.8,0,0,4.2,17,24.7,25.7,13,5.1,10.4,0.7,2.9,7.2,14.6,21.3,38.6,14.7,98.8,0.8,0.4,10.1,70.2,15.8,3.4,0.4,0.1,37.3,50.8,0.6,0,0.6,0.2,0.1,8.6,0,1.7,71.4,11.9,16.7,98.6,0.5,0,0,0.1,0.9,88.7,6.7,35.4,12.1,3.8,1,13,16.6,0,11.3,0.9,10.5,81.3,2.8,15.9,17.5,34.9,47.7,42.3,1.4,2.8,0.1,2,47.9,3,0.4,0,0.1,100,93.3,88.5,4.8,6.6,1.5,5.1,0.1,55.6,63.6,68.1,1.5,2.9,1.1,69.5,4.2,24.1,9.4,6.4,2,9.2,83.3,14.2,1,0.8,0.2,1.4
01,JAMMU & KASHMIR,010,Srinagar,00000,Srinagar,000000,0000,District - Srinagar,Total,100,74.3,23.5,2.2,98.5,73.5,22.9,2.2,1.5,0.8,0.6,0,1.7,0.4,1.1,0.1,0.2,1.3,88.9,5,1.4,0.2,0.2,6.4,1.8,1.5,0.6,0.7,81.4,5.8,1.3,9.7,2,0.6,0.8,85.7,1.1,0.2,3.7,9.8,18.1,21.7,16,8,22.6,1.4,4,9.2,22.7,24.8,29.6,8.3,96.1,3.1,0.8,11.3,70.2,13.9,3.8,0.6,0.1,82,16.2,0.2,0,0.5,0.4,0,0.4,0,0.2,93.9,4.5,1.7,98.8,0.3,0.1,0,0.6,0.2,97.9,37.9,29,4.8,1.7,1,20.2,2,1.4,2.1,0.6,1.5,96.7,1.4,1.9,46.9,39.1,14,6,0.5,0.8,0,5,82.5,2.5,2.4,0,0.3,100,98.1,95.9,2.2,1.6,1.4,0.2,0.3,83.7,77.2,91.3,9.8,10.4,7.6,72,14.7,26.6,23.8,20.7,13.2,1.3,87.8,9,0.8,0.7,0.1,2.4,01,JAMMU & KASHMIR,010,Srinagar,00000,Srinagar,000000,0000,District - Srinagar,Total,100,74.3,23.5,2.2,98.5,73.5,22.9,2.2,1.5,0.8,0.6,0,1.7,0.4,1.1,0.1,0.2,1.3,88.9,5,1.4,0.2,0.2,6.4,1.8,1.5,0.6,0.7,81.4,5.8,1.3,9.7,2,0.6,0.8,85.7,1.1,0.2,3.7,9.8,18.1,21.7,16,8,22.6,1.4,4,9.2,22.7,24.8,29.6,8.3,96.1,3.1,0.8,11.3,70.2,13.9,3.8,0.6,0.1,82,16.2,0.2,0,0.5,0.4,0,0.4,0,0.2,93.9,4.5,1.7,98.8,0.3,0.1,0,0.6,0.2,97.9,37.9,29,4.8,1.7,1,20.2,2,1.4,2.1,0.6,1.5,96.7,1.4,1.9,46.9,39.1,14,6,0.5,0.8,0,5,82.5,2.5,2.4,0,0.3,100,98.1,95.9,2.2,1.6,1.4,0.2,0.3,83.7,77.2,91.3,9.8,10.4,7.6,72,14.7,26.6,23.8,20.7,13.2,1.3,87.8,9,0.8,0.7,0.1,2.4
01,JAMMU & KASHMIR,010,Srinagar,00000,Srinagar,000000,0000,District - Srinagar,Urban,100,74.6,23.2,2.2,98.5,73.8,22.7,2.1,1.5,0.8,0.6,0,1.7,0.4,1.1,0.1,0.2,1.3,88.8,5,1.4,0.2,0.2,6.3,1.8,1.4,0.5,0.7,81.5,5.9,1.3,9.4,2,0.6,0.8,85.9,1.1,0.2,3.7,9.7,18,21.6,16.1,8.1,22.8,1.4,4,9.2,22.8,24.8,29.5,8.2,96.1,3.1,0.8,11.4,70.2,13.8,3.8,0.6,0.1,82.8,15.6,0.2,0,0.5,0.4,0,0.3,0,0.2,94.2,4.3,1.4,98.8,0.3,0.1,0,0.6,0.2,98.1,38.4,28.9,4.7,1.6,1,20.3,1.8,1.4,1.9,0.6,1.3,97,1.4,1.7,47.4,39.2,13.4,5.4,0.5,0.7,0,5,83,2.5,2.4,0.1,0.3,100,98.2,96,2.2,1.5,1.4,0.1,0.3,84.1,77.5,91.7,9.9,10.5,7.7,72,14.9,26.6,24,20.9,13.3,1.2,87.9,8.9,0.8,0.7,0.1,2.4,01,JAMMU & KASHMIR,010,Srinagar,00000,Srinagar,000000,0000,District - Srinagar,Urban,100,74.6,23.2,2.2,98.5,73.8,22.7,2.1,1.5,0.8,0.6,0,1.7,0.4,1.1,0.1,0.2,1.3,88.8,5,1.4,0.2,0.2,6.3,1.8,1.4,0.5,0.7,81.5,5.9,1.3,9.4,2,0.6,0.8,85.9,1.1,0.2,3.7,9.7,18,21.6,16.1,8.1,22.8,1.4,4,9.2,22.8,24.8,29.5,8.2,96.1,3.1,0.8,11.4,70.2,13.8,3.8,0.6,0.1,82.8,15.6,0.2,0,0.5,0.4,0,0.3,0,0.2,94.2,4.3,1.4,98.8,0.3,0.1,0,0.6,0.2,98.1,38.4,28.9,4.7,1.6,1,20.3,1.8,1.4,1.9,0.6,1.3,97,1.4,1.7,47.4,39.2,13.4,5.4,0.5,0.7,0,5,83,2.5,2.4,0.1,0.3,100,98.2,96,2.2,1.5,1.4,0.1,0.3,84.1,77.5,91.7,9.9,10.5,7.7,72,14.9,26.6,24,20.9,13.3,1.2,87.9,8.9,0.8,0.7,0.1,2.4
01,JAMMU & KASHMIR,011,Ganderbal,00000,Ganderbal,000000,0000,District - Ganderbal,Rural,100,43.1,47.4,9.5,90.8,41.8,42.4,6.6,9.2,1.3,5,3,7.8,3.6,1.7,0,0.1,1.9,79,2.7,3.2,0.4,3.5,16.1,2.9,13.2,3.4,0.7,55.9,1.4,2.3,47.3,0.4,0.4,1.3,50.3,0.1,0.3,4.3,22.3,28.1,25,11.2,3.5,5.7,0.8,3.4,7.1,13,18.3,48.7,8.7,98,0.7,1.3,7.3,75.2,15.1,2.2,0.2,0,51.3,30.5,0.3,0.3,1.6,1.1,4.9,7.5,1.2,1.3,54.5,29.1,16.4,87.8,4.2,0.4,0.3,4.4,3,69.5,6.9,9.2,9.2,5.1,3.7,0.5,33.3,1.6,30.5,4.3,26.2,69.2,4.6,26.1,11.6,47.5,40.9,75.1,1.1,1.2,0,1.4,18.4,1.3,0.8,0.5,0.1,100,91.5,81.8,9.7,8.4,4.4,4,0.1,57.8,67.2,43.2,1.8,4.2,4.5,54.5,2.3,12.5,5.3,4.4,1.1,14.3,68.5,20,6.9,3.3,3.6,4.6,01,JAMMU & KASHMIR,011,Ganderbal,00000,Ganderbal,000000,0000,District - Ganderbal,Rural,100,43.1,47.4,9.5,90.8,41.8,42.4,6.6,9.2,1.3,5,3,7.8,3.6,1.7,0,0.1,1.9,79,2.7,3.2,0.4,3.5,16.1,2.9,13.2,3.4,0.7,55.9,1.4,2.3,47.3,0.4,0.4,1.3,50.3,0.1,0.3,4.3,22.3,28.1,25,11.2,3.5,5.7,0.8,3.4,7.1,13,18.3,48.7,8.7,98,0.7,1.3,7.3,75.2,15.1,2.2,0.2,0,51.3,30.5,0.3,0.3,1.6,1.1,4.9,7.5,1.2,1.3,54.5,29.1,16.4,87.8,4.2,0.4,0.3,4.4,3,69.5,6.9,9.2,9.2,5.1,3.7,0.5,33.3,1.6,30.5,4.3,26.2,69.2,4.6,26.1,11.6,47.5,40.9,75.1,1.1,1.2,0,1.4,18.4,1.3,0.8,0.5,0.1,100,91.5,81.8,9.7,8.4,4.4,4,0.1,57.8,67.2,43.2,1.8,4.2,4.5,54.5,2.3,12.5,5.3,4.4,1.1,14.3,68.5,20,6.9,3.3,3.6,4.6
01,JAMMU & KASHMIR,011,Ganderbal,00000,Ganderbal,000000,0000,District - Ganderbal,Total,100,47.7,43.5,8.8,91.9,46.5,39.2,6.2,8.1,1.3,4.3,2.5,7.5,3.2,1.7,0.1,0.1,2,79.5,3,3,0.4,3.2,14.8,2.6,11.3,3,0.7,59.3,2.4,2.3,43.1,0.5,0.3,1.2,54.6,0.1,0.2,4.2,20.9,27.4,25.1,11.8,3.8,6.8,0.8,3.2,6.9,12.7,18.1,49.8,8.5,98,0.7,1.3,7.2,75.2,15.1,2.3,0.2,0,54.7,27.4,0.5,0.3,2,1.3,4.1,7.2,1.2,1.1,58.7,26.1,15.2,89,3.7,0.3,0.3,4.1,2.6,72.8,8.6,12.3,8.7,4.7,3.6,0.5,33.1,1.4,27.2,3.8,23.4,72.3,4.3,23.3,13.9,49.1,37,68.8,1.5,1.1,0,1.8,24.1,1.3,0.8,0.4,0.1,100,92.1,83.5,8.6,7.8,4.1,3.7,0.1,60.3,67.2,47.1,2,4.4,4.6,56.6,3,13.9,6.3,5.3,1.5,13.2,70.4,19,6,2.9,3.1,4.5,01,JAMMU & KASHMIR,011,Ganderbal,00000,Ganderbal,000000,0000,District - Ganderbal,Total,100,47.7,43.5,8.8,91.9,46.5,39.2,6.2,8.1,1.3,4.3,2.5,7.5,3.2,1.7,0.1,0.1,2,79.5,3,3,0.4,3.2,14.8,2.6,11.3,3,0.7,59.3,2.4,2.3,43.1,0.5,0.3,1.2,54.6,0.1,0.2,4.2,20.9,27.4,25.1,11.8,3.8,6.8,0.8,3.2,6.9,12.7,18.1,49.8,8.5,98,0.7,1.3,7.2,75.2,15.1,2.3,0.2,0,54.7,27.4,0.5,0.3,2,1.3,4.1,7.2,1.2,1.1,58.7,26.1,15.2,89,3.7,0.3,0.3,4.1,2.6,72.8,8.6,12.3,8.7,4.7,3.6,0.5,33.1,1.4,27.2,3.8,23.4,72.3,4.3,23.3,13.9,49.1,37,68.8,1.5,1.1,0,1.8,24.1,1.3,0.8,0.4,0.1,100,92.1,83.5,8.6,7.8,4.1,3.7,0.1,60.3,67.2,47.1,2,4.4,4.6,56.6,3,13.9,6.3,5.3,1.5,13.2,70.4,19,6,2.9,3.1,4.5
01,JAMMU & KASHMIR,011,Ganderbal,00000,Ganderbal,000000,0000,District - Ganderbal,Urban,100,73.5,22,4.5,98.1,72.3,21.4,4.4,1.9,1.1,0.6,0.2,5.8,1.1,1.4,0.1,0.2,2.3,81.9,5.1,2.1,0.1,1.4,7.1,1.2,0.7,0.3,1,78.1,7.6,2.5,19.7,0.6,0.1,0.7,78.5,0.2,0.2,3.4,13.6,23.5,25.8,15.2,5.6,13,0.5,2.6,5.5,11.2,16.9,55.6,7.7,98.2,0.7,1.2,6.8,75.2,14.9,2.6,0.3,0.1,73.5,9.9,1.7,0.5,4.3,2.8,0.1,5.2,1.6,0.4,81.8,9.7,8.5,95.7,0.9,0.1,0,2.5,0.8,91.3,18,29.5,6,2.4,2.7,0.4,32.2,0,8.7,1.1,7.6,89.5,2.7,7.8,26.3,58.2,15.5,33.9,3.4,0.3,0.1,4,55.2,1.7,0.9,0.1,0.3,100,95.3,92.6,2.7,4.4,2.5,1.9,0.3,74.3,67.2,68.3,3.5,5.3,5.3,68.6,6.6,21.6,11.5,10.6,4.1,7.5,81.1,13.6,1.4,0.6,0.8,3.9,01,JAMMU & KASHMIR,011,Ganderbal,00000,Ganderbal,000000,0000,District - Ganderbal,Urban,100,73.5,22,4.5,98.1,72.3,21.4,4.4,1.9,1.1,0.6,0.2,5.8,1.1,1.4,0.1,0.2,2.3,81.9,5.1,2.1,0.1,1.4,7.1,1.2,0.7,0.3,1,78.1,7.6,2.5,19.7,0.6,0.1,0.7,78.5,0.2,0.2,3.4,13.6,23.5,25.8,15.2,5.6,13,0.5,2.6,5.5,11.2,16.9,55.6,7.7,98.2,0.7,1.2,6.8,75.2,14.9,2.6,0.3,0.1,73.5,9.9,1.7,0.5,4.3,2.8,0.1,5.2,1.6,0.4,81.8,9.7,8.5,95.7,0.9,0.1,0,2.5,0.8,91.3,18,29.5,6,2.4,2.7,0.4,32.2,0,8.7,1.1,7.6,89.5,2.7,7.8,26.3,58.2,15.5,33.9,3.4,0.3,0.1,4,55.2,1.7,0.9,0.1,0.3,100,95.3,92.6,2.7,4.4,2.5,1.9,0.3,74.3,67.2,68.3,3.5,5.3,5.3,68.6,6.6,21.6,11.5,10.6,4.1,7.5,81.1,13.6,1.4,0.6,0.8,3.9
01,JAMMU & KASHMIR,012,Pulwama,00000,Pulwama,000000,0000,District - Pulwama,Rural,100,52.5,43,4.6,98.2,52.1,41.9,4.2,1.8,0.4,1.1,0.4,1.9,0.5,0.4,0,0.1,0.6,90.8,4.1,1.6,0.2,0.5,24.2,0.5,0.9,0.2,0.4,69.3,2.7,1.1,40.2,2.7,0.3,0.4,56.1,0.1,0.3,5.9,14.3,22.7,23.6,17.2,5.7,10.6,0.9,3,7,14.9,19.7,37.9,16.6,99.2,0.4,0.4,9.3,67.8,18.6,3.8,0.5,0.1,25.2,43.1,1.1,0.3,12.9,3.7,0.7,11.2,0.5,1.2,59,26,15,89.6,5.8,0.7,0.1,3.1,0.7,62.7,12.6,21,6.2,3.9,3.4,0.4,13.9,1.4,37.3,2.5,34.8,68.4,5,26.5,11.8,42.3,45.8,66.3,5.7,11,0,0.8,13.8,0.2,1.1,1,0.1,100,87.2,81.7,5.5,12.7,8.5,4.2,0.1,64.4,63.4,53.1,1.5,4.3,2.1,70.6,6.2,6.7,5.5,6.9,1.4,10.8,72.1,23.6,1.8,1.3,0.5,2.5,01,JAMMU & KASHMIR,012,Pulwama,00000,Pulwama,000000,0000,District - Pulwama,Rural,100,52.5,43,4.6,98.2,52.1,41.9,4.2,1.8,0.4,1.1,0.4,1.9,0.5,0.4,0,0.1,0.6,90.8,4.1,1.6,0.2,0.5,24.2,0.5,0.9,0.2,0.4,69.3,2.7,1.1,40.2,2.7,0.3,0.4,56.1,0.1,0.3,5.9,14.3,22.7,23.6,17.2,5.7,10.6,0.9,3,7,14.9,19.7,37.9,16.6,99.2,0.4,0.4,9.3,67.8,18.6,3.8,0.5,0.1,25.2,43.1,1.1,0.3,12.9,3.7,0.7,11.2,0.5,1.2,59,26,15,89.6,5.8,0.7,0.1,3.1,0.7,62.7,12.6,21,6.2,3.9,3.4,0.4,13.9,1.4,37.3,2.5,34.8,68.4,5,26.5,11.8,42.3,45.8,66.3,5.7,11,0,0.8,13.8,0.2,1.1,1,0.1,100,87.2,81.7,5.5,12.7,8.5,4.2,0.1,64.4,63.4,53.1,1.5,4.3,2.1,70.6,6.2,6.7,5.5,6.9,1.4,10.8,72.1,23.6,1.8,1.3,0.5,2.5
01,JAMMU & KASHMIR,012,Pulwama,00000,Pulwama,000000,0000,District - Pulwama,Total,100,52.7,42.9,4.4,98.3,52.3,41.9,4.1,1.7,0.4,1,0.3,1.7,0.5,0.4,0.1,0.1,0.7,90.8,4.1,1.6,0.2,0.5,23.2,0.5,1.3,0.2,0.4,69.8,2.8,1.2,37.3,2.6,0.4,0.5,58.9,0.1,0.3,5.5,13.5,22,23.2,17.8,6,11.8,0.9,2.8,6.7,14.6,19.2,38.7,17.1,99,0.6,0.4,9.3,67.8,18.5,3.8,0.5,0.1,29.9,40,1,0.3,12.2,4.2,0.8,10,0.5,1.1,62.6,23.8,13.6,90.6,5.2,0.6,0.1,2.9,0.6,66.3,15.1,23.7,5.9,3.7,3.5,0.8,12.3,1.2,33.7,2.4,31.4,71.2,4.8,24,13.4,44.4,42.2,60.9,5.2,9.7,0,1.1,20.7,0.3,1,0.8,0.1,100,88.5,83.3,5.3,11.4,7.6,3.8,0.1,66.3,64,56.6,1.9,4.6,2.2,70.8,7.2,6.7,5.6,7.6,1.8,10,73,22.8,1.6,1.2,0.4,2.5,01,JAMMU & KASHMIR,012,Pulwama,00000,Pulwama,000000,0000,District - Pulwama,Total,100,52.7,42.9,4.4,98.3,52.3,41.9,4.1,1.7,0.4,1,0.3,1.7,0.5,0.4,0.1,0.1,0.7,90.8,4.1,1.6,0.2,0.5,23.2,0.5,1.3,0.2,0.4,69.8,2.8,1.2,37.3,2.6,0.4,0.5,58.9,0.1,0.3,5.5,13.5,22,23.2,17.8,6,11.8,0.9,2.8,6.7,14.6,19.2,38.7,17.1,99,0.6,0.4,9.3,67.8,18.5,3.8,0.5,0.1,29.9,40,1,0.3,12.2,4.2,0.8,10,0.5,1.1,62.6,23.8,13.6,90.6,5.2,0.6,0.1,2.9,0.6,66.3,15.1,23.7,5.9,3.7,3.5,0.8,12.3,1.2,33.7,2.4,31.4,71.2,4.8,24,13.4,44.4,42.2,60.9,5.2,9.7,0,1.1,20.7,0.3,1,0.8,0.1,100,88.5,83.3,5.3,11.4,7.6,3.8,0.1,66.3,64,56.6,1.9,4.6,2.2,70.8,7.2,6.7,5.6,7.6,1.8,10,73,22.8,1.6,1.2,0.4,2.5
01,JAMMU & KASHMIR,012,Pulwama,00000,Pulwama,000000,0000,District - Pulwama,Urban,100,54.6,42.4,3,98.8,54,41.9,3,1.2,0.6,0.6,0,0.7,0.1,0.9,0.3,0.4,1.1,90.6,4.4,1.4,0.5,0.3,16.7,0.3,3.7,0.2,0.5,73.5,3,1.4,16.9,1.4,0.8,1.5,78.8,0.6,0,3.1,8.2,17.1,20.7,22.3,8.1,20.4,0.6,1.8,4.7,12.2,16.2,44.5,20,98.1,1.5,0.4,9.3,68,17.9,4.1,0.7,0.1,62.1,18.5,0.2,0.1,7.5,7.4,1.6,1.3,0.5,1,87.8,8.4,3.8,97.7,1,0.1,0,1.2,0,91.1,32,42.8,4.5,2.3,3.9,4,1.5,0.3,8.9,1.6,7.3,90.2,3.5,6.2,24.7,58.4,16.9,23.2,1.3,0.6,0.1,3.7,69.2,1.3,0.4,0,0.1,100,97.6,93.9,3.7,2.2,1.6,0.6,0.1,79.9,68,80.6,4.5,7.1,2.7,72.5,14.4,6.9,6.4,12.5,4.6,4.3,79.7,17,0.7,0.6,0.1,2.6,01,JAMMU & KASHMIR,012,Pulwama,00000,Pulwama,000000,0000,District - Pulwama,Urban,100,54.6,42.4,3,98.8,54,41.9,3,1.2,0.6,0.6,0,0.7,0.1,0.9,0.3,0.4,1.1,90.6,4.4,1.4,0.5,0.3,16.7,0.3,3.7,0.2,0.5,73.5,3,1.4,16.9,1.4,0.8,1.5,78.8,0.6,0,3.1,8.2,17.1,20.7,22.3,8.1,20.4,0.6,1.8,4.7,12.2,16.2,44.5,20,98.1,1.5,0.4,9.3,68,17.9,4.1,0.7,0.1,62.1,18.5,0.2,0.1,7.5,7.4,1.6,1.3,0.5,1,87.8,8.4,3.8,97.7,1,0.1,0,1.2,0,91.1,32,42.8,4.5,2.3,3.9,4,1.5,0.3,8.9,1.6,7.3,90.2,3.5,6.2,24.7,58.4,16.9,23.2,1.3,0.6,0.1,3.7,69.2,1.3,0.4,0,0.1,100,97.6,93.9,3.7,2.2,1.6,0.6,0.1,79.9,68,80.6,4.5,7.1,2.7,72.5,14.4,6.9,6.4,12.5,4.6,4.3,79.7,17,0.7,0.6,0.1,2.6
01,JAMMU & KASHMIR,013,Shupiyan,00000,Shupiyan,000000,0000,District - Shupiyan,Rural,100,61,33.2,5.9,98.1,60.3,32.2,5.6,1.9,0.7,1,0.2,5.1,0.2,2.3,0.1,0.3,1.2,82.5,6.5,1.8,0.5,0.2,23.5,3,1.4,0.1,0.2,66.2,3.2,1.7,44.9,2,1,0.4,51.6,0.1,0,2.4,18.5,22.3,22.9,15.7,5.7,12.4,0.7,3.3,7.8,14.9,18.9,42.2,12.2,99,0.6,0.4,6.3,73.5,16.5,3.2,0.4,0.1,21.4,50.8,1.1,0.5,6.7,2,1,13.7,0.4,2.4,44.5,32.6,23,83.1,12,0.9,0.2,2.7,1.1,59,11.5,14.1,16,8.1,6.6,0.5,1.6,0.7,41,4.8,36.2,75.4,3.4,21.2,12.6,50.9,36.5,73.7,3.1,17.3,0,0.2,5,0,0.4,0,0.1,100,94,91.5,2.5,5.9,3.2,2.7,0.1,52.1,70.9,45.1,1.7,5.8,3.3,71.3,5,3.7,10.9,8,1.4,9.4,69.4,22.9,4.6,4.3,0.3,3.2,01,JAMMU & KASHMIR,013,Shupiyan,00000,Shupiyan,000000,0000,District - Shupiyan,Rural,100,61,33.2,5.9,98.1,60.3,32.2,5.6,1.9,0.7,1,0.2,5.1,0.2,2.3,0.1,0.3,1.2,82.5,6.5,1.8,0.5,0.2,23.5,3,1.4,0.1,0.2,66.2,3.2,1.7,44.9,2,1,0.4,51.6,0.1,0,2.4,18.5,22.3,22.9,15.7,5.7,12.4,0.7,3.3,7.8,14.9,18.9,42.2,12.2,99,0.6,0.4,6.3,73.5,16.5,3.2,0.4,0.1,21.4,50.8,1.1,0.5,6.7,2,1,13.7,0.4,2.4,44.5,32.6,23,83.1,12,0.9,0.2,2.7,1.1,59,11.5,14.1,16,8.1,6.6,0.5,1.6,0.7,41,4.8,36.2,75.4,3.4,21.2,12.6,50.9,36.5,73.7,3.1,17.3,0,0.2,5,0,0.4,0,0.1,100,94,91.5,2.5,5.9,3.2,2.7,0.1,52.1,70.9,45.1,1.7,5.8,3.3,71.3,5,3.7,10.9,8,1.4,9.4,69.4,22.9,4.6,4.3,0.3,3.2
01,JAMMU & KASHMIR,013,Shupiyan,00000,Shupiyan,000000,0000,District - Shupiyan,Total,100,61,33.3,5.7,98.1,60.3,32.3,5.5,1.9,0.7,1,0.2,5,0.2,2.3,0,0.3,1.2,82.4,6.9,1.7,0.5,0.2,23.2,2.8,1.4,0.1,0.2,66.7,3.2,1.6,43.1,2.3,1,0.5,53,0.1,0,2.3,18,22.1,22.8,15.9,6,12.9,0.8,3.2,7.8,15,19.2,42.1,11.9,98.9,0.6,0.4,6.4,73.6,16.4,3.2,0.4,0.1,24.8,49,1,0.5,6.3,1.9,0.9,12.9,0.3,2.3,47.4,31,21.6,84.1,11.3,0.8,0.2,2.5,1,61.1,13.5,15.4,15.3,7.6,6.2,0.6,1.7,0.7,38.9,4.5,34.4,76.7,3.3,20.1,14.1,51.5,34.4,70.2,3,16.3,0,0.2,8.9,0,1.2,0,0.1,100,94.3,91.8,2.5,5.6,3.1,2.5,0.1,54.1,72,47.4,2.1,6.1,3.6,70.9,6.1,3.9,11.1,8.7,1.7,8.9,70,22.6,4.5,4.2,0.3,3,01,JAMMU & KASHMIR,013,Shupiyan,00000,Shupiyan,000000,0000,District - Shupiyan,Total,100,61,33.3,5.7,98.1,60.3,32.3,5.5,1.9,0.7,1,0.2,5,0.2,2.3,0,0.3,1.2,82.4,6.9,1.7,0.5,0.2,23.2,2.8,1.4,0.1,0.2,66.7,3.2,1.6,43.1,2.3,1,0.5,53,0.1,0,2.3,18,22.1,22.8,15.9,6,12.9,0.8,3.2,7.8,15,19.2,42.1,11.9,98.9,0.6,0.4,6.4,73.6,16.4,3.2,0.4,0.1,24.8,49,1,0.5,6.3,1.9,0.9,12.9,0.3,2.3,47.4,31,21.6,84.1,11.3,0.8,0.2,2.5,1,61.1,13.5,15.4,15.3,7.6,6.2,0.6,1.7,0.7,38.9,4.5,34.4,76.7,3.3,20.1,14.1,51.5,34.4,70.2,3,16.3,0,0.2,8.9,0,1.2,0,0.1,100,94.3,91.8,2.5,5.6,3.1,2.5,0.1,54.1,72,47.4,2.1,6.1,3.6,70.9,6.1,3.9,11.1,8.7,1.7,8.9,70,22.6,4.5,4.2,0.3,3
01,JAMMU & KASHMIR,013,Shupiyan,00000,Shupiyan,000000,0000,District - Shupiyan,Urban,100,62.3,34.4,3.3,97.9,61.2,33.4,3.3,2.1,1.1,1,0.1,3.1,0.7,0.9,0,0.4,0.7,80.9,13.3,0,0.1,0,18.9,0.4,0.5,0.1,0.1,75.9,3.7,0.3,14.4,7.2,0.4,2.4,74.8,0.7,0,0.9,9.6,18.3,21.5,19.5,9.9,20.4,1.1,2.9,7.5,17.2,23.9,40.7,6.7,97.9,1.7,0.4,7.6,74.5,14.1,3,0.7,0,79.3,20.6,0.1,0,0,0,0,0,0,0,94.8,5,0.1,99.8,0.1,0,0,0.1,0,94.8,45.6,36.9,4.6,0.7,0.1,3.1,3.1,0.7,5.2,0.4,4.8,96.5,2.4,1.1,37.7,61.3,1,12.8,0,0.3,0,0.9,71.5,0,14.1,0,0.4,100,98.9,96.2,2.7,0.7,0.7,0,0.4,87,88.9,85.1,8.5,10.3,7.8,64.6,23.9,6.7,13.9,19.7,7.3,1.1,79.2,17.8,2.7,2.6,0.1,0.3,01,JAMMU & KASHMIR,013,Shupiyan,00000,Shupiyan,000000,0000,District - Shupiyan,Urban,100,62.3,34.4,3.3,97.9,61.2,33.4,3.3,2.1,1.1,1,0.1,3.1,0.7,0.9,0,0.4,0.7,80.9,13.3,0,0.1,0,18.9,0.4,0.5,0.1,0.1,75.9,3.7,0.3,14.4,7.2,0.4,2.4,74.8,0.7,0,0.9,9.6,18.3,21.5,19.5,9.9,20.4,1.1,2.9,7.5,17.2,23.9,40.7,6.7,97.9,1.7,0.4,7.6,74.5,14.1,3,0.7,0,79.3,20.6,0.1,0,0,0,0,0,0,0,94.8,5,0.1,99.8,0.1,0,0,0.1,0,94.8,45.6,36.9,4.6,0.7,0.1,3.1,3.1,0.7,5.2,0.4,4.8,96.5,2.4,1.1,37.7,61.3,1,12.8,0,0.3,0,0.9,71.5,0,14.1,0,0.4,100,98.9,96.2,2.7,0.7,0.7,0,0.4,87,88.9,85.1,8.5,10.3,7.8,64.6,23.9,6.7,13.9,19.7,7.3,1.1,79.2,17.8,2.7,2.6,0.1,0.3
01,JAMMU & KASHMIR,014,Anantnag,00000,Anantnag,000000,0000,District - Anantnag,Rural,100,51.6,43.3,5.1,96.2,50.8,40.7,4.6,3.8,0.8,2.6,0.5,8,1.1,2.5,0,0.1,0.8,82.5,4.2,0.8,0.2,1.2,20.7,2.8,2.8,0.4,0.2,69.6,1.3,0.7,48.1,2.8,0.2,0.6,48.1,0.1,0.1,4.5,20.4,25,21.5,14.9,4.7,9.1,1.2,4,8.7,14.7,18.9,34,18.3,98.9,0.5,0.6,9,74.3,14.3,2,0.3,0.1,19.5,47.6,0.9,0.9,8,1.5,2.1,16.3,1.1,2.1,41.7,32.6,25.7,75.6,17.1,0.3,0.3,4.4,2.4,50.8,5.9,10.5,8.3,5.7,5.2,0.7,12.6,1.9,49.2,8.1,41.1,59.1,4.4,36.5,7.3,40.9,51.8,81.9,3,3.9,0,0.2,10,0.1,0.8,0.1,0.1,100,95.6,92.6,3,4.2,2.3,2,0.1,57.9,54.1,38.9,1.3,3.4,2.3,61.3,3.2,3.5,3.1,3.9,0.6,20,71.5,20.5,6.7,5.6,1.2,1.3,01,JAMMU & KASHMIR,014,Anantnag,00000,Anantnag,000000,0000,District - Anantnag,Rural,100,51.6,43.3,5.1,96.2,50.8,40.7,4.6,3.8,0.8,2.6,0.5,8,1.1,2.5,0,0.1,0.8,82.5,4.2,0.8,0.2,1.2,20.7,2.8,2.8,0.4,0.2,69.6,1.3,0.7,48.1,2.8,0.2,0.6,48.1,0.1,0.1,4.5,20.4,25,21.5,14.9,4.7,9.1,1.2,4,8.7,14.7,18.9,34,18.3,98.9,0.5,0.6,9,74.3,14.3,2,0.3,0.1,19.5,47.6,0.9,0.9,8,1.5,2.1,16.3,1.1,2.1,41.7,32.6,25.7,75.6,17.1,0.3,0.3,4.4,2.4,50.8,5.9,10.5,8.3,5.7,5.2,0.7,12.6,1.9,49.2,8.1,41.1,59.1,4.4,36.5,7.3,40.9,51.8,81.9,3,3.9,0,0.2,10,0.1,0.8,0.1,0.1,100,95.6,92.6,3,4.2,2.3,2,0.1,57.9,54.1,38.9,1.3,3.4,2.3,61.3,3.2,3.5,3.1,3.9,0.6,20,71.5,20.5,6.7,5.6,1.2,1.3
01,JAMMU & KASHMIR,014,Anantnag,00000,Anantnag,000000,0000,District - Anantnag,Total,100,55.6,39.8,4.7,96.7,54.8,37.7,4.2,3.3,0.8,2.1,0.4,6.8,1,2.9,0,0.1,0.9,82.6,5,0.7,0.2,1,20.6,2.2,2.3,0.4,0.2,69.9,2.3,0.7,41.9,2.7,0.3,0.5,54.4,0.2,0.1,4,18.5,24.1,21.8,15.5,5.2,10.9,1.1,3.6,8,14.3,18.6,33.7,20.7,98.6,0.8,0.6,8.9,73.7,14.7,2.3,0.3,0.1,24,48.1,0.8,0.7,7.3,1.4,1.8,13.3,0.8,1.8,49.8,28.4,21.8,80.4,13.8,0.3,0.3,3.5,1.9,56.6,8.3,13.1,8,6,5,3.8,10.7,1.7,43.4,7.4,36,64.6,4,31.4,9.4,45.7,44.9,71.7,2.7,3.4,0,0.5,20.3,0.2,0.9,0.1,0.3,100,96.1,93.1,3,3.6,2.1,1.6,0.3,62.3,57.1,47,1.9,4.1,2.6,64,5.3,4.4,3.9,5.5,1.4,16.6,72.7,20.3,5.7,4.7,1,1.3,01,JAMMU & KASHMIR,014,Anantnag,00000,Anantnag,000000,0000,District - Anantnag,Total,100,55.6,39.8,4.7,96.7,54.8,37.7,4.2,3.3,0.8,2.1,0.4,6.8,1,2.9,0,0.1,0.9,82.6,5,0.7,0.2,1,20.6,2.2,2.3,0.4,0.2,69.9,2.3,0.7,41.9,2.7,0.3,0.5,54.4,0.2,0.1,4,18.5,24.1,21.8,15.5,5.2,10.9,1.1,3.6,8,14.3,18.6,33.7,20.7,98.6,0.8,0.6,8.9,73.7,14.7,2.3,0.3,0.1,24,48.1,0.8,0.7,7.3,1.4,1.8,13.3,0.8,1.8,49.8,28.4,21.8,80.4,13.8,0.3,0.3,3.5,1.9,56.6,8.3,13.1,8,6,5,3.8,10.7,1.7,43.4,7.4,36,64.6,4,31.4,9.4,45.7,44.9,71.7,2.7,3.4,0,0.5,20.3,0.2,0.9,0.1,0.3,100,96.1,93.1,3,3.6,2.1,1.6,0.3,62.3,57.1,47,1.9,4.1,2.6,64,5.3,4.4,3.9,5.5,1.4,16.6,72.7,20.3,5.7,4.7,1,1.3
01,JAMMU & KASHMIR,014,Anantnag,00000,Anantnag,000000,0000,District - Anantnag,Urban,100,68.4,28.5,3.1,98.6,67.7,27.9,3,1.4,0.8,0.5,0.1,2.7,0.5,4.1,0,0.1,1.3,82.8,7.9,0.7,0.2,0.4,20.3,0.4,0.8,0.3,0.3,71,5.7,0.8,21.5,2.3,0.6,0.2,74.9,0.4,0,2.2,12.3,21.1,22.9,17.5,6.9,17.1,0.7,2.2,5.7,13,17.6,32.5,28.4,97.7,1.7,0.6,8.4,71.8,15.9,3.3,0.5,0.1,38.6,49.6,0.5,0,5,1.2,0.5,3.6,0.1,0.8,76.4,14.4,9.2,95.9,3,0.2,0.1,0.6,0.2,75.5,16.3,21.7,7,7,4.4,14.1,4.2,0.8,24.5,5.1,19.4,82.3,3,14.7,16.3,61.1,22.6,38.5,1.5,1.9,0.1,1.4,54,0.8,1.1,0.1,0.7,100,97.7,94.9,2.8,1.6,1.3,0.3,0.7,76.6,66.9,73.2,3.9,6.5,3.4,72.7,11.8,7.2,6.4,10.8,4.1,5.4,76.6,19.9,2.2,1.8,0.3,1.4,01,JAMMU & KASHMIR,014,Anantnag,00000,Anantnag,000000,0000,District - Anantnag,Urban,100,68.4,28.5,3.1,98.6,67.7,27.9,3,1.4,0.8,0.5,0.1,2.7,0.5,4.1,0,0.1,1.3,82.8,7.9,0.7,0.2,0.4,20.3,0.4,0.8,0.3,0.3,71,5.7,0.8,21.5,2.3,0.6,0.2,74.9,0.4,0,2.2,12.3,21.1,22.9,17.5,6.9,17.1,0.7,2.2,5.7,13,17.6,32.5,28.4,97.7,1.7,0.6,8.4,71.8,15.9,3.3,0.5,0.1,38.6,49.6,0.5,0,5,1.2,0.5,3.6,0.1,0.8,76.4,14.4,9.2,95.9,3,0.2,0.1,0.6,0.2,75.5,16.3,21.7,7,7,4.4,14.1,4.2,0.8,24.5,5.1,19.4,82.3,3,14.7,16.3,61.1,22.6,38.5,1.5,1.9,0.1,1.4,54,0.8,1.1,0.1,0.7,100,97.7,94.9,2.8,1.6,1.3,0.3,0.7,76.6,66.9,73.2,3.9,6.5,3.4,72.7,11.8,7.2,6.4,10.8,4.1,5.4,76.6,19.9,2.2,1.8,0.3,1.4
01,JAMMU & KASHMIR,015,Kulgam,00000,Kulgam,000000,0000,District - Kulgam,Rural,100,46.3,49,4.7,96.9,45.6,47,4.3,3.1,0.7,1.9,0.4,7.4,0.3,2.3,0,0.3,0.8,83.3,4,1.7,0.2,0.3,35.9,1.3,1,0.3,0.1,57.6,2.3,1.1,56.2,4,0.4,1,38.4,0.1,0,4.8,24,26.7,21.7,11.6,4,7.1,1.2,4.7,9.8,16.2,19.6,40.5,8.1,99,0.5,0.5,7.6,77.6,12.8,1.8,0.2,0,7.4,59.1,0.8,0.6,5.1,1,3.1,19.4,0.4,3.2,29.5,39.5,30.9,64.1,31.3,1.8,0.1,1.9,0.8,41.7,6.3,8,7,6,3.8,0.9,9.2,0.6,58.3,4.9,53.4,51.5,3.9,44.6,5.3,37.2,57.5,79.2,4,12.1,0,0.3,4,0,0.2,0.1,0.1,100,96.1,92.7,3.4,3.7,1.5,2.2,0.1,45.2,60.7,33.4,1.1,3.7,2,66.2,1.8,2.3,4.4,3,0.7,16.2,58.9,32.4,6.1,5.8,0.3,2.7,01,JAMMU & KASHMIR,015,Kulgam,00000,Kulgam,000000,0000,District - Kulgam,Rural,100,46.3,49,4.7,96.9,45.6,47,4.3,3.1,0.7,1.9,0.4,7.4,0.3,2.3,0,0.3,0.8,83.3,4,1.7,0.2,0.3,35.9,1.3,1,0.3,0.1,57.6,2.3,1.1,56.2,4,0.4,1,38.4,0.1,0,4.8,24,26.7,21.7,11.6,4,7.1,1.2,4.7,9.8,16.2,19.6,40.5,8.1,99,0.5,0.5,7.6,77.6,12.8,1.8,0.2,0,7.4,59.1,0.8,0.6,5.1,1,3.1,19.4,0.4,3.2,29.5,39.5,30.9,64.1,31.3,1.8,0.1,1.9,0.8,41.7,6.3,8,7,6,3.8,0.9,9.2,0.6,58.3,4.9,53.4,51.5,3.9,44.6,5.3,37.2,57.5,79.2,4,12.1,0,0.3,4,0,0.2,0.1,0.1,100,96.1,92.7,3.4,3.7,1.5,2.2,0.1,45.2,60.7,33.4,1.1,3.7,2,66.2,1.8,2.3,4.4,3,0.7,16.2,58.9,32.4,6.1,5.8,0.3,2.7
01,JAMMU & KASHMIR,015,Kulgam,00000,Kulgam,000000,0000,District - Kulgam,Total,100,47.7,47.7,4.6,97.1,46.9,45.9,4.3,2.9,0.8,1.8,0.4,6.9,0.3,2.3,0,0.3,0.9,82.5,5.3,1.6,0.2,0.3,34.1,1.1,0.9,0.3,0.1,58.6,3.3,1.1,52.4,3.6,0.4,0.9,42.6,0.1,0,4.5,23.2,26.3,22.6,11.6,4.2,7.5,1.1,4.6,9.6,16.5,20,40,8.2,98.9,0.6,0.5,7.3,77.2,13.2,1.9,0.2,0,8.2,62.4,0.7,0.5,4.5,0.9,2.7,17,0.3,2.8,34,38.2,27.8,69.2,26.9,1.5,0.1,1.6,0.7,44.9,7.1,9.8,7.1,6.1,3.8,1,9.3,0.7,55.1,4.9,50.3,55.2,4,40.8,6,39.2,54.8,76.1,4.5,12.2,0,0.4,6.2,0,0.4,0.1,0.1,100,96.3,93.1,3.2,3.6,1.8,1.8,0.1,48.3,60.7,37.3,1.2,3.9,2,67.7,2,2.7,4.8,3.5,0.8,15.3,60.9,30.8,5.7,5.4,0.3,2.6,01,JAMMU & KASHMIR,015,Kulgam,00000,Kulgam,000000,0000,District - Kulgam,Total,100,47.7,47.7,4.6,97.1,46.9,45.9,4.3,2.9,0.8,1.8,0.4,6.9,0.3,2.3,0,0.3,0.9,82.5,5.3,1.6,0.2,0.3,34.1,1.1,0.9,0.3,0.1,58.6,3.3,1.1,52.4,3.6,0.4,0.9,42.6,0.1,0,4.5,23.2,26.3,22.6,11.6,4.2,7.5,1.1,4.6,9.6,16.5,20,40,8.2,98.9,0.6,0.5,7.3,77.2,13.2,1.9,0.2,0,8.2,62.4,0.7,0.5,4.5,0.9,2.7,17,0.3,2.8,34,38.2,27.8,69.2,26.9,1.5,0.1,1.6,0.7,44.9,7.1,9.8,7.1,6.1,3.8,1,9.3,0.7,55.1,4.9,50.3,55.2,4,40.8,6,39.2,54.8,76.1,4.5,12.2,0,0.4,6.2,0,0.4,0.1,0.1,100,96.3,93.1,3.2,3.6,1.8,1.8,0.1,48.3,60.7,37.3,1.2,3.9,2,67.7,2,2.7,4.8,3.5,0.8,15.3,60.9,30.8,5.7,5.4,0.3,2.6
01,JAMMU & KASHMIR,015,Kulgam,00000,Kulgam,000000,0000,District - Kulgam,Urban,100,53.7,42,4.2,97.8,52.5,41.1,4.1,2.2,1.2,0.9,0.1,4.8,0.3,2.1,0,0.3,1.2,79.1,10.7,1.4,0.2,0.2,26,0.6,0.6,0.4,0.4,62.6,7.7,1.2,35.7,2.1,0.6,0.7,60.8,0.1,0,3.2,19.6,24.3,27,11.7,5.4,8.8,1.1,3.9,8.6,17.8,22,38.1,8.6,98.7,0.8,0.5,6.4,75.4,15.2,2.6,0.3,0,11.5,76.8,0.3,0.1,1.9,0.8,0.9,6.3,0.1,1.2,53.3,32.4,14.3,91.8,7.6,0.2,0.1,0.1,0.2,58.5,10.8,17.7,7.4,6.6,3.8,1.3,9.9,0.9,41.5,4.9,36.6,71.4,4.4,24.2,9.2,47.8,43,62.5,6.9,12.7,0,0.8,16,0,1,0,0.1,100,96.8,94.4,2.4,3.1,2.8,0.3,0.1,62,60.8,54.2,1.8,4.8,2,74.1,2.8,4.3,6.4,5.5,1.4,11,69.8,23.9,3.8,3.6,0.2,2.5,01,JAMMU & KASHMIR,015,Kulgam,00000,Kulgam,000000,0000,District - Kulgam,Urban,100,53.7,42,4.2,97.8,52.5,41.1,4.1,2.2,1.2,0.9,0.1,4.8,0.3,2.1,0,0.3,1.2,79.1,10.7,1.4,0.2,0.2,26,0.6,0.6,0.4,0.4,62.6,7.7,1.2,35.7,2.1,0.6,0.7,60.8,0.1,0,3.2,19.6,24.3,27,11.7,5.4,8.8,1.1,3.9,8.6,17.8,22,38.1,8.6,98.7,0.8,0.5,6.4,75.4,15.2,2.6,0.3,0,11.5,76.8,0.3,0.1,1.9,0.8,0.9,6.3,0.1,1.2,53.3,32.4,14.3,91.8,7.6,0.2,0.1,0.1,0.2,58.5,10.8,17.7,7.4,6.6,3.8,1.3,9.9,0.9,41.5,4.9,36.6,71.4,4.4,24.2,9.2,47.8,43,62.5,6.9,12.7,0,0.8,16,0,1,0,0.1,100,96.8,94.4,2.4,3.1,2.8,0.3,0.1,62,60.8,54.2,1.8,4.8,2,74.1,2.8,4.3,6.4,5.5,1.4,11,69.8,23.9,3.8,3.6,0.2,2.5
01,JAMMU & KASHMIR,016,Doda,00000,Doda,000000,0000,District - Doda,Rural,100,38.4,60,1.6,92.4,35.8,55.2,1.4,7.6,2.6,4.8,0.2,83.2,0.1,0.4,0,0.2,0.3,13.5,2.3,0.1,0.3,0,4.4,0.6,55.1,26,0,12.5,0.8,0.1,75.9,0.1,0.1,0.1,23.6,0.1,0,4,34.1,30.8,16,8,2.8,4.2,1.7,8.1,11.7,18.7,21.2,33.1,5.4,99.1,0.5,0.4,9.7,78.4,10.3,1.4,0.2,0,15.3,67.7,2.2,4,0.2,0.1,6.2,1.3,0.4,2.7,27.2,48,24.8,76.9,11.5,0.9,0.3,4.8,5.5,24,6.3,11.5,2.3,1.5,0.5,1.8,0,0.2,76,1.6,74.5,25.9,3.2,70.9,5,13.9,81.2,93.6,1.1,0,0,0.3,4.5,0.1,0.3,0,0,100,97.3,85.1,12.3,2.6,0.6,2,0,76.4,30.3,20.9,0.6,2.8,1.6,54.5,1.2,0.5,1.5,1.6,0.3,33.3,16.2,78.8,4.9,4.6,0.3,0.2,01,JAMMU & KASHMIR,016,Doda,00000,Doda,000000,0000,District - Doda,Rural,100,38.4,60,1.6,92.4,35.8,55.2,1.4,7.6,2.6,4.8,0.2,83.2,0.1,0.4,0,0.2,0.3,13.5,2.3,0.1,0.3,0,4.4,0.6,55.1,26,0,12.5,0.8,0.1,75.9,0.1,0.1,0.1,23.6,0.1,0,4,34.1,30.8,16,8,2.8,4.2,1.7,8.1,11.7,18.7,21.2,33.1,5.4,99.1,0.5,0.4,9.7,78.4,10.3,1.4,0.2,0,15.3,67.7,2.2,4,0.2,0.1,6.2,1.3,0.4,2.7,27.2,48,24.8,76.9,11.5,0.9,0.3,4.8,5.5,24,6.3,11.5,2.3,1.5,0.5,1.8,0,0.2,76,1.6,74.5,25.9,3.2,70.9,5,13.9,81.2,93.6,1.1,0,0,0.3,4.5,0.1,0.3,0,0,100,97.3,85.1,12.3,2.6,0.6,2,0,76.4,30.3,20.9,0.6,2.8,1.6,54.5,1.2,0.5,1.5,1.6,0.3,33.3,16.2,78.8,4.9,4.6,0.3,0.2
01,JAMMU & KASHMIR,016,Doda,00000,Doda,000000,0000,District - Doda,Total,100,41.1,57.2,1.7,92.9,38.7,52.8,1.5,7.1,2.4,4.5,0.2,78.4,0.1,0.4,0,0.2,0.3,15.1,5.3,0.1,0.4,0,4.6,0.6,51.2,24.5,0.1,17.7,1,0.1,70.8,0.1,0.1,0.4,28.1,0.5,0,4,33.8,30.1,16.2,8.1,3,4.8,2.3,8.2,11.7,18.9,21.3,32.2,5.3,96.9,2.5,0.6,10.7,77.4,10.2,1.4,0.2,0,18.6,65.3,2.1,3.7,0.2,0.1,5.8,1.2,0.3,2.6,31.9,44.9,23.2,78.6,10.7,0.8,0.3,4.5,5.1,29.3,9.8,11.4,3.2,1.4,0.5,2.8,0.1,0.2,70.7,1.5,69.2,30.9,3.1,66,7.8,15.9,76.4,87.2,1.1,0,0,1,10.1,0.1,0.3,0,0.1,100,97.4,85.5,12,2.5,0.6,1.9,0.1,77.5,30.7,24.5,0.8,3.2,1.6,56.5,1.7,0.7,2,2.3,0.6,31.2,20.8,74.1,5,4.7,0.3,0.2,01,JAMMU & KASHMIR,016,Doda,00000,Doda,000000,0000,District - Doda,Total,100,41.1,57.2,1.7,92.9,38.7,52.8,1.5,7.1,2.4,4.5,0.2,78.4,0.1,0.4,0,0.2,0.3,15.1,5.3,0.1,0.4,0,4.6,0.6,51.2,24.5,0.1,17.7,1,0.1,70.8,0.1,0.1,0.4,28.1,0.5,0,4,33.8,30.1,16.2,8.1,3,4.8,2.3,8.2,11.7,18.9,21.3,32.2,5.3,96.9,2.5,0.6,10.7,77.4,10.2,1.4,0.2,0,18.6,65.3,2.1,3.7,0.2,0.1,5.8,1.2,0.3,2.6,31.9,44.9,23.2,78.6,10.7,0.8,0.3,4.5,5.1,29.3,9.8,11.4,3.2,1.4,0.5,2.8,0.1,0.2,70.7,1.5,69.2,30.9,3.1,66,7.8,15.9,76.4,87.2,1.1,0,0,1,10.1,0.1,0.3,0,0.1,100,97.4,85.5,12,2.5,0.6,1.9,0.1,77.5,30.7,24.5,0.8,3.2,1.6,56.5,1.7,0.7,2,2.3,0.6,31.2,20.8,74.1,5,4.7,0.3,0.2
01,JAMMU & KASHMIR,016,Doda,00000,Doda,000000,0000,District - Doda,Urban,100,73.4,23.7,2.9,99.1,72.8,23.4,2.9,0.9,0.6,0.3,0,21.4,0.1,0.6,0,0.2,0.5,35,42.1,0.1,0.6,0,7.1,0.1,3.3,5.8,0.5,79.2,3,0.5,9.8,0.1,0.3,3.9,81.8,4.2,0,3.3,30.3,22.6,17.8,9.2,4.9,12,8.8,9.5,11.1,21.7,22.5,22.4,4.2,70.9,27.2,1.9,22.4,66,9.2,2,0.4,0.1,58.2,37.5,0.4,0.1,0.3,0,1.1,0.2,0,2.1,88,7.5,4.5,99.1,0.6,0,0,0,0.2,93.4,52.5,10.3,14.3,0.1,0.5,14.9,0.8,0,6.6,0.4,6.1,90.9,1.9,7.2,41.3,39.9,18.7,11.1,0.5,0.1,0,9.8,77.5,0.1,0.3,0,0.6,100,98.5,90.3,8.2,1,0.6,0.4,0.6,89.9,34.8,67.3,2.7,6.9,2.2,80.2,8.6,2.7,8,11.1,4.2,6.1,76,17.6,5.9,5.2,0.6,0.5,01,JAMMU & KASHMIR,016,Doda,00000,Doda,000000,0000,District - Doda,Urban,100,73.4,23.7,2.9,99.1,72.8,23.4,2.9,0.9,0.6,0.3,0,21.4,0.1,0.6,0,0.2,0.5,35,42.1,0.1,0.6,0,7.1,0.1,3.3,5.8,0.5,79.2,3,0.5,9.8,0.1,0.3,3.9,81.8,4.2,0,3.3,30.3,22.6,17.8,9.2,4.9,12,8.8,9.5,11.1,21.7,22.5,22.4,4.2,70.9,27.2,1.9,22.4,66,9.2,2,0.4,0.1,58.2,37.5,0.4,0.1,0.3,0,1.1,0.2,0,2.1,88,7.5,4.5,99.1,0.6,0,0,0,0.2,93.4,52.5,10.3,14.3,0.1,0.5,14.9,0.8,0,6.6,0.4,6.1,90.9,1.9,7.2,41.3,39.9,18.7,11.1,0.5,0.1,0,9.8,77.5,0.1,0.3,0,0.6,100,98.5,90.3,8.2,1,0.6,0.4,0.6,89.9,34.8,67.3,2.7,6.9,2.2,80.2,8.6,2.7,8,11.1,4.2,6.1,76,17.6,5.9,5.2,0.6,0.5
01,JAMMU & KASHMIR,017,Ramban,00000,Ramban,000000,0000,District - Ramban,Rural,100,46.4,51.5,2.1,81.7,40,40.1,1.6,18.3,6.5,11.4,0.5,60.6,0.3,0.9,0,0.2,1.5,32,3.9,0.6,0.3,0.1,8.5,0.2,62.7,22.3,0.1,5.2,0.4,0.2,83.8,0.5,0.4,0.6,14.5,0.3,0,8.2,37.1,33.5,12.6,5.8,1.3,1.5,1.9,10,13.3,16.7,18,34.2,5.9,98.7,0.6,0.7,11.5,81.5,6.4,0.5,0,0,16.4,43.8,1.9,6.9,0.4,0.1,22.9,3.6,0.9,3.3,22,44.5,33.4,61.8,27.9,0.4,0.4,4.1,5.5,17.8,2.9,11.1,2,0.5,0.3,0.3,0,0.6,82.2,2.8,79.4,18.8,3.3,78,3.5,10.2,86.3,92.1,1.7,0.3,0,0.5,4.8,0.1,0.5,0.1,0,100,94.8,74.1,20.7,5.2,2.3,2.9,0,72,33.6,12.6,0.7,4.1,1.9,45.3,1.5,0.3,0.8,1.3,0.2,37,36.3,55.9,7,6.7,0.3,0.8,01,JAMMU & KASHMIR,017,Ramban,00000,Ramban,000000,0000,District - Ramban,Rural,100,46.4,51.5,2.1,81.7,40,40.1,1.6,18.3,6.5,11.4,0.5,60.6,0.3,0.9,0,0.2,1.5,32,3.9,0.6,0.3,0.1,8.5,0.2,62.7,22.3,0.1,5.2,0.4,0.2,83.8,0.5,0.4,0.6,14.5,0.3,0,8.2,37.1,33.5,12.6,5.8,1.3,1.5,1.9,10,13.3,16.7,18,34.2,5.9,98.7,0.6,0.7,11.5,81.5,6.4,0.5,0,0,16.4,43.8,1.9,6.9,0.4,0.1,22.9,3.6,0.9,3.3,22,44.5,33.4,61.8,27.9,0.4,0.4,4.1,5.5,17.8,2.9,11.1,2,0.5,0.3,0.3,0,0.6,82.2,2.8,79.4,18.8,3.3,78,3.5,10.2,86.3,92.1,1.7,0.3,0,0.5,4.8,0.1,0.5,0.1,0,100,94.8,74.1,20.7,5.2,2.3,2.9,0,72,33.6,12.6,0.7,4.1,1.9,45.3,1.5,0.3,0.8,1.3,0.2,37,36.3,55.9,7,6.7,0.3,0.8
01,JAMMU & KASHMIR,017,Ramban,00000,Ramban,000000,0000,District - Ramban,Total,100,47.6,50.3,2.1,82.3,41.3,39.4,1.6,17.7,6.3,11,0.5,58.9,0.3,0.9,0,0.2,1.4,32.2,5.5,0.6,0.3,0.1,8.5,0.2,60.8,22.4,0.1,7,0.4,0.2,81.3,0.5,0.4,0.6,16.8,0.4,0,8,36.4,33.3,12.9,6.1,1.5,1.8,1.9,9.9,13.3,17.1,18.2,33.9,5.8,98.5,0.8,0.7,11.5,81.3,6.5,0.6,0.1,0,18.2,42.8,1.8,6.6,0.4,0.1,22.5,3.4,0.9,3.2,23.8,43.7,32.5,63.2,26.9,0.4,0.3,3.9,5.3,20.1,3.2,12.9,2.3,0.5,0.3,0.3,0,0.6,79.9,2.8,77.1,21,3.2,75.8,4.2,11.9,83.9,89.5,1.6,0.3,0,0.6,7.3,0.1,0.5,0.1,0,100,95,74.8,20.2,5,2.2,2.8,0,72.7,33.9,15,0.8,4.1,1.9,46.4,1.9,0.4,1.1,1.8,0.3,35.9,38,54.2,7,6.7,0.3,0.8,01,JAMMU & KASHMIR,017,Ramban,00000,Ramban,000000,0000,District - Ramban,Total,100,47.6,50.3,2.1,82.3,41.3,39.4,1.6,17.7,6.3,11,0.5,58.9,0.3,0.9,0,0.2,1.4,32.2,5.5,0.6,0.3,0.1,8.5,0.2,60.8,22.4,0.1,7,0.4,0.2,81.3,0.5,0.4,0.6,16.8,0.4,0,8,36.4,33.3,12.9,6.1,1.5,1.8,1.9,9.9,13.3,17.1,18.2,33.9,5.8,98.5,0.8,0.7,11.5,81.3,6.5,0.6,0.1,0,18.2,42.8,1.8,6.6,0.4,0.1,22.5,3.4,0.9,3.2,23.8,43.7,32.5,63.2,26.9,0.4,0.3,3.9,5.3,20.1,3.2,12.9,2.3,0.5,0.3,0.3,0,0.6,79.9,2.8,77.1,21,3.2,75.8,4.2,11.9,83.9,89.5,1.6,0.3,0,0.6,7.3,0.1,0.5,0.1,0,100,95,74.8,20.2,5,2.2,2.8,0,72.7,33.9,15,0.8,4.1,1.9,46.4,1.9,0.4,1.1,1.8,0.3,35.9,38,54.2,7,6.7,0.3,0.8
01,JAMMU & KASHMIR,017,Ramban,00000,Ramban,000000,0000,District - Ramban,Urban,100,78.3,19.3,2.4,98.8,77.1,19.3,2.4,1.2,1.1,0.1,0,12.5,0.2,0.7,0.2,0.2,0.1,38.1,48,0.1,0.7,0,8.5,0.8,10.2,25,0,54.2,0.5,0.2,14.9,0.1,0.4,0.6,80.4,3.7,0,1.4,17.7,26.9,20.9,14.9,6.2,12,1.8,6.3,12.8,25.6,24.1,25.4,4,91.5,7.2,1.3,10.5,76.9,10,2.2,0.2,0.1,69.1,15.8,0.1,0.2,1.4,0.1,11.8,0.1,0.5,1.1,71.1,20.9,8,98.9,0.9,0,0.1,0,0.1,82.7,11.2,60.5,8.5,0.6,0.3,1.4,0,0.2,17.3,1.7,15.6,80.8,2.2,17,23,58.3,18.7,20.3,0.5,0.2,0,2.4,76.6,0,0,0.1,0.1,100,98.8,93.4,5.4,1.1,0.5,0.7,0.1,91.6,43.2,79.2,2.9,4.2,1.4,76.6,11.8,3.9,10.7,15.1,3.3,4.8,84.1,8.7,7,6.6,0.4,0.2,01,JAMMU & KASHMIR,017,Ramban,00000,Ramban,000000,0000,District - Ramban,Urban,100,78.3,19.3,2.4,98.8,77.1,19.3,2.4,1.2,1.1,0.1,0,12.5,0.2,0.7,0.2,0.2,0.1,38.1,48,0.1,0.7,0,8.5,0.8,10.2,25,0,54.2,0.5,0.2,14.9,0.1,0.4,0.6,80.4,3.7,0,1.4,17.7,26.9,20.9,14.9,6.2,12,1.8,6.3,12.8,25.6,24.1,25.4,4,91.5,7.2,1.3,10.5,76.9,10,2.2,0.2,0.1,69.1,15.8,0.1,0.2,1.4,0.1,11.8,0.1,0.5,1.1,71.1,20.9,8,98.9,0.9,0,0.1,0,0.1,82.7,11.2,60.5,8.5,0.6,0.3,1.4,0,0.2,17.3,1.7,15.6,80.8,2.2,17,23,58.3,18.7,20.3,0.5,0.2,0,2.4,76.6,0,0,0.1,0.1,100,98.8,93.4,5.4,1.1,0.5,0.7,0.1,91.6,43.2,79.2,2.9,4.2,1.4,76.6,11.8,3.9,10.7,15.1,3.3,4.8,84.1,8.7,7,6.6,0.4,0.2
01,JAMMU & KASHMIR,018,Kishtwar,00000,Kishtwar,000000,0000,District - Kishtwar,Rural,100,44.6,52,3.4,94.1,42.8,48.1,3.2,5.9,1.8,3.9,0.3,71.7,0.4,0.2,0.1,0.1,0.5,24,2.3,0.6,0.2,0.1,2.6,14.1,40.1,31.5,0,10.9,0.4,0.1,75,5.1,0.1,0.3,18.9,0.6,0,5.4,38.7,29.9,13.1,6.7,2.5,3.7,2.7,8.9,11.7,17.8,20.2,33.4,5.2,98.7,0.8,0.4,12.6,76.4,9.4,1.4,0.2,0,17.7,58,0.9,2.2,0.5,0.2,5.7,9.3,0.3,5.1,20.2,44.6,35.2,51.3,14.6,10.9,1,10.7,11.5,20,3,6.4,2,1.8,0.9,1.3,4.2,0.5,80,1.7,78.4,21.9,2.5,75.6,3.9,8.4,87.7,92.8,0.8,0.1,0,0.6,5.7,0,0,0,0,100,96.4,84.7,11.7,3.6,0.7,3,0,75.8,36.1,17.3,0.4,2.8,1,34.3,1.7,0.6,2.3,1.2,0.4,42.4,22.9,63.7,12.6,12.4,0.2,0.7,01,JAMMU & KASHMIR,018,Kishtwar,00000,Kishtwar,000000,0000,District - Kishtwar,Rural,100,44.6,52,3.4,94.1,42.8,48.1,3.2,5.9,1.8,3.9,0.3,71.7,0.4,0.2,0.1,0.1,0.5,24,2.3,0.6,0.2,0.1,2.6,14.1,40.1,31.5,0,10.9,0.4,0.1,75,5.1,0.1,0.3,18.9,0.6,0,5.4,38.7,29.9,13.1,6.7,2.5,3.7,2.7,8.9,11.7,17.8,20.2,33.4,5.2,98.7,0.8,0.4,12.6,76.4,9.4,1.4,0.2,0,17.7,58,0.9,2.2,0.5,0.2,5.7,9.3,0.3,5.1,20.2,44.6,35.2,51.3,14.6,10.9,1,10.7,11.5,20,3,6.4,2,1.8,0.9,1.3,4.2,0.5,80,1.7,78.4,21.9,2.5,75.6,3.9,8.4,87.7,92.8,0.8,0.1,0,0.6,5.7,0,0,0,0,100,96.4,84.7,11.7,3.6,0.7,3,0,75.8,36.1,17.3,0.4,2.8,1,34.3,1.7,0.6,2.3,1.2,0.4,42.4,22.9,63.7,12.6,12.4,0.2,0.7
01,JAMMU & KASHMIR,018,Kishtwar,00000,Kishtwar,000000,0000,District - Kishtwar,Total,100,46.9,49.8,3.3,94.4,45.2,46.2,3,5.6,1.7,3.7,0.3,68,0.5,0.2,0.1,0.1,0.4,26.8,3.3,0.6,0.3,0.1,2.8,13.3,38.1,29.8,0,15.2,0.4,0.1,71.2,4.8,0.1,0.3,22,1.7,0,5.3,37.5,29.4,13.8,7,2.7,4.3,2.7,8.7,11.6,17.9,20.5,33.2,5.3,98.5,1,0.5,12.5,76.2,9.5,1.5,0.2,0,21.8,55.2,0.8,2.1,0.5,0.2,5.4,8.8,0.3,4.9,24.4,42.3,33.3,54.1,13.8,10.3,0.9,10.1,10.8,24.2,5.5,7,2.1,1.8,1,2.5,4,0.5,75.8,1.6,74.3,25.8,2.5,71.7,6,10.5,83.6,88.6,0.8,0.1,0,1.3,9.3,0,0,0,0,100,96.5,85.4,11.1,3.4,0.7,2.8,0,76.4,36.6,20.8,0.6,3.1,1.1,36.2,2.5,1,3.4,1.9,0.8,40.4,26.6,60.5,12.1,11.9,0.2,0.7,01,JAMMU & KASHMIR,018,Kishtwar,00000,Kishtwar,000000,0000,District - Kishtwar,Total,100,46.9,49.8,3.3,94.4,45.2,46.2,3,5.6,1.7,3.7,0.3,68,0.5,0.2,0.1,0.1,0.4,26.8,3.3,0.6,0.3,0.1,2.8,13.3,38.1,29.8,0,15.2,0.4,0.1,71.2,4.8,0.1,0.3,22,1.7,0,5.3,37.5,29.4,13.8,7,2.7,4.3,2.7,8.7,11.6,17.9,20.5,33.2,5.3,98.5,1,0.5,12.5,76.2,9.5,1.5,0.2,0,21.8,55.2,0.8,2.1,0.5,0.2,5.4,8.8,0.3,4.9,24.4,42.3,33.3,54.1,13.8,10.3,0.9,10.1,10.8,24.2,5.5,7,2.1,1.8,1,2.5,4,0.5,75.8,1.6,74.3,25.8,2.5,71.7,6,10.5,83.6,88.6,0.8,0.1,0,1.3,9.3,0,0,0,0,100,96.5,85.4,11.1,3.4,0.7,2.8,0,76.4,36.6,20.8,0.6,3.1,1.1,36.2,2.5,1,3.4,1.9,0.8,40.4,26.6,60.5,12.1,11.9,0.2,0.7
01,JAMMU & KASHMIR,018,Kishtwar,00000,Kishtwar,000000,0000,District - Kishtwar,Urban,100,85.8,13.5,0.7,99.6,85.6,13.4,0.7,0.4,0.3,0.1,0,6.7,0.8,0.5,0,0.2,0,72.5,18.9,0.4,0.7,0.1,5.4,0.2,5.3,1.6,0,86,0.1,0.5,8.5,0,0,0.5,71.7,19.3,0,3.7,17.5,21.1,24.9,12,6.4,14.4,2.4,6,9.8,19.7,24,31.1,7.1,94.1,4.6,1.3,10.9,73.8,11.6,2.9,0.6,0.1,89.1,8.9,0.1,0,0,0,0.1,0,0,1.7,93.7,3.2,3.1,99.2,0.8,0,0,0,0,93.4,47,17.4,3.3,1.5,1.7,22.5,0,0,6.6,0.2,6.4,90.3,2.3,7.4,40.6,43.7,15.7,19.4,0,0,0,12.2,68.3,0,0.1,0,0,100,99.5,97,2.4,0.5,0.4,0.1,0,86.4,44.3,79.1,4.2,8,3.1,66.1,16.2,6.8,21.7,13.7,7.3,8.4,88.3,7.6,3.1,2.4,0.8,0.9,01,JAMMU & KASHMIR,018,Kishtwar,00000,Kishtwar,000000,0000,District - Kishtwar,Urban,100,85.8,13.5,0.7,99.6,85.6,13.4,0.7,0.4,0.3,0.1,0,6.7,0.8,0.5,0,0.2,0,72.5,18.9,0.4,0.7,0.1,5.4,0.2,5.3,1.6,0,86,0.1,0.5,8.5,0,0,0.5,71.7,19.3,0,3.7,17.5,21.1,24.9,12,6.4,14.4,2.4,6,9.8,19.7,24,31.1,7.1,94.1,4.6,1.3,10.9,73.8,11.6,2.9,0.6,0.1,89.1,8.9,0.1,0,0,0,0.1,0,0,1.7,93.7,3.2,3.1,99.2,0.8,0,0,0,0,93.4,47,17.4,3.3,1.5,1.7,22.5,0,0,6.6,0.2,6.4,90.3,2.3,7.4,40.6,43.7,15.7,19.4,0,0,0,12.2,68.3,0,0.1,0,0,100,99.5,97,2.4,0.5,0.4,0.1,0,86.4,44.3,79.1,4.2,8,3.1,66.1,16.2,6.8,21.7,13.7,7.3,8.4,88.3,7.6,3.1,2.4,0.8,0.9
01,JAMMU & KASHMIR,019,Udhampur,00000,Udhampur,000000,0000,District - Udhampur,Rural,100,53.3,44.7,2,95.6,52.4,41.4,1.8,4.4,0.8,3.3,0.2,61.3,0.1,0.2,0.1,0.2,0.5,20.7,16.8,0.2,0.5,0.1,25.5,0.3,21.9,33.3,0,17.9,0.4,0.2,81.9,0.1,0.1,0.1,17.4,0.5,0,4.4,28.3,32.1,18,10,4,3.1,1.7,5.2,8.9,17.4,21.5,35.4,9.9,98.9,0.6,0.5,11,67.4,16.9,3.8,0.8,0.2,26.6,17.3,2,11.8,4.9,0.2,27,2.3,0.9,7,12,44.9,43.1,75,18.3,0.2,0.3,3.6,2.8,7.4,0.9,5.3,0.5,0.4,0.1,0.2,0,0,92.6,1.1,91.5,8.1,3,88.9,1.4,10.2,88.4,89.6,0.8,0.3,0,0.1,8.9,0,0.2,0,0.1,100,68.4,56.1,12.2,31.5,27.3,4.2,0.1,69,31.4,30.4,0.4,3.4,1,60.6,3.1,2.1,4.6,1.6,0.4,26.2,29.7,52.4,17.6,17.2,0.4,0.4,01,JAMMU & KASHMIR,019,Udhampur,00000,Udhampur,000000,0000,District - Udhampur,Rural,100,53.3,44.7,2,95.6,52.4,41.4,1.8,4.4,0.8,3.3,0.2,61.3,0.1,0.2,0.1,0.2,0.5,20.7,16.8,0.2,0.5,0.1,25.5,0.3,21.9,33.3,0,17.9,0.4,0.2,81.9,0.1,0.1,0.1,17.4,0.5,0,4.4,28.3,32.1,18,10,4,3.1,1.7,5.2,8.9,17.4,21.5,35.4,9.9,98.9,0.6,0.5,11,67.4,16.9,3.8,0.8,0.2,26.6,17.3,2,11.8,4.9,0.2,27,2.3,0.9,7,12,44.9,43.1,75,18.3,0.2,0.3,3.6,2.8,7.4,0.9,5.3,0.5,0.4,0.1,0.2,0,0,92.6,1.1,91.5,8.1,3,88.9,1.4,10.2,88.4,89.6,0.8,0.3,0,0.1,8.9,0,0.2,0,0.1,100,68.4,56.1,12.2,31.5,27.3,4.2,0.1,69,31.4,30.4,0.4,3.4,1,60.6,3.1,2.1,4.6,1.6,0.4,26.2,29.7,52.4,17.6,17.2,0.4,0.4
01,JAMMU & KASHMIR,019,Udhampur,00000,Udhampur,000000,0000,District - Udhampur,Total,100,58.2,39.9,2,96.2,57.4,37.1,1.8,3.8,0.8,2.8,0.2,51.4,0.1,0.2,0.2,0.2,0.6,18.9,28.3,0.1,0.5,0.1,22.1,0.3,18.3,28.2,0,29.7,0.7,0.2,69.9,0.1,0.2,0.3,27.4,2.1,0,4,26.6,31.1,18.8,11.1,4.5,3.8,1.9,5.3,9.5,19.2,21.6,33.2,9.2,96.5,2.7,0.7,11.7,67.2,16.4,3.8,0.7,0.2,36.2,14.9,1.9,10,4.9,0.2,22.9,2,0.8,6.3,23.1,39.4,37.5,79.1,15.3,0.2,0.2,3,2.3,19.3,3.6,14,0.9,0.4,0.1,0.3,0,0,80.7,1,79.7,19.7,3.3,77,6.9,15.9,77.2,76.8,0.8,0.2,0,0.4,21.4,0,0.2,0,0.2,100,72.5,60.9,11.5,27.3,23.6,3.7,0.2,72.3,32.2,39.9,1.3,4.8,1.6,60.8,7,4.2,9.6,4.1,2.2,22.4,40.3,44.5,14.9,14.5,0.3,0.3,01,JAMMU & KASHMIR,019,Udhampur,00000,Udhampur,000000,0000,District - Udhampur,Total,100,58.2,39.9,2,96.2,57.4,37.1,1.8,3.8,0.8,2.8,0.2,51.4,0.1,0.2,0.2,0.2,0.6,18.9,28.3,0.1,0.5,0.1,22.1,0.3,18.3,28.2,0,29.7,0.7,0.2,69.9,0.1,0.2,0.3,27.4,2.1,0,4,26.6,31.1,18.8,11.1,4.5,3.8,1.9,5.3,9.5,19.2,21.6,33.2,9.2,96.5,2.7,0.7,11.7,67.2,16.4,3.8,0.7,0.2,36.2,14.9,1.9,10,4.9,0.2,22.9,2,0.8,6.3,23.1,39.4,37.5,79.1,15.3,0.2,0.2,3,2.3,19.3,3.6,14,0.9,0.4,0.1,0.3,0,0,80.7,1,79.7,19.7,3.3,77,6.9,15.9,77.2,76.8,0.8,0.2,0,0.4,21.4,0,0.2,0,0.2,100,72.5,60.9,11.5,27.3,23.6,3.7,0.2,72.3,32.2,39.9,1.3,4.8,1.6,60.8,7,4.2,9.6,4.1,2.2,22.4,40.3,44.5,14.9,14.5,0.3,0.3
01,JAMMU & KASHMIR,019,Udhampur,00000,Udhampur,000000,0000,District - Udhampur,Urban,100,81.2,17,1.8,98.8,80.5,16.5,1.8,1.2,0.7,0.5,0,5.3,0.1,0.1,0.4,0.4,1,10.5,82,0.1,0.4,0,6.2,0,1.8,4.4,0,85.1,1.9,0.2,13.6,0,0.7,1.6,74.2,9.7,0.1,2.4,18.8,26.2,22.3,16.2,6.7,7.3,2.9,5.9,12.3,27.8,22.1,22.9,5.9,85.4,12.6,1.9,14.6,66.7,14.3,3.5,0.6,0.1,81.3,3.7,1.2,1.8,4.9,0.1,3.8,0.2,0.4,2.6,74.9,13.7,11.4,98.5,1.2,0.1,0,0.1,0.1,75.1,16.1,54.5,2.5,0.6,0.2,1,0.1,0.1,24.9,0.7,24.2,74,4.9,21.1,33.1,42.2,24.7,16.5,0.5,0.1,0,1.8,80.1,0.1,0.3,0.1,0.5,100,91.6,83.4,8.2,8,6.4,1.6,0.5,87.7,36,84.3,5.7,11.5,4.2,61.5,25.1,14.1,32.7,15.6,10.7,4.2,89.9,7.4,2.3,2.1,0.2,0.3,01,JAMMU & KASHMIR,019,Udhampur,00000,Udhampur,000000,0000,District - Udhampur,Urban,100,81.2,17,1.8,98.8,80.5,16.5,1.8,1.2,0.7,0.5,0,5.3,0.1,0.1,0.4,0.4,1,10.5,82,0.1,0.4,0,6.2,0,1.8,4.4,0,85.1,1.9,0.2,13.6,0,0.7,1.6,74.2,9.7,0.1,2.4,18.8,26.2,22.3,16.2,6.7,7.3,2.9,5.9,12.3,27.8,22.1,22.9,5.9,85.4,12.6,1.9,14.6,66.7,14.3,3.5,0.6,0.1,81.3,3.7,1.2,1.8,4.9,0.1,3.8,0.2,0.4,2.6,74.9,13.7,11.4,98.5,1.2,0.1,0,0.1,0.1,75.1,16.1,54.5,2.5,0.6,0.2,1,0.1,0.1,24.9,0.7,24.2,74,4.9,21.1,33.1,42.2,24.7,16.5,0.5,0.1,0,1.8,80.1,0.1,0.3,0.1,0.5,100,91.6,83.4,8.2,8,6.4,1.6,0.5,87.7,36,84.3,5.7,11.5,4.2,61.5,25.1,14.1,32.7,15.6,10.7,4.2,89.9,7.4,2.3,2.1,0.2,0.3
01,JAMMU & KASHMIR,020,Reasi,00000,Reasi,000000,0000,District - Reasi,Rural,100,43.6,54.9,1.5,85.7,39.6,44.9,1.2,14.3,4,10,0.3,67.9,0.4,0.2,0,0.1,0.3,17,13.9,0.2,0.4,0.3,17.9,0.1,43.5,21.7,0.1,15,0.9,0.1,84.9,0,0.1,0.2,14.2,0.7,0,10,34.5,33.5,14,5.2,1.8,1.1,1.6,6.2,10.6,16.8,19.7,36.8,8.3,97.6,1.5,0.9,9.4,75.5,13,1.8,0.2,0,23.4,35.1,1.6,9.5,2.4,0.1,17.2,1.6,1.6,7.4,18.3,47.2,34.5,53.9,36.7,0.6,0.1,4.2,4.6,9,1.1,6.6,0.8,0.3,0,0.1,0,0.1,91,0.8,90.2,10.5,4,85.5,1.6,8,90.4,91.2,1.3,0.2,0,0.2,6.6,0.2,0.1,0,0.1,100,81.8,58.2,23.7,18,14.4,3.6,0.1,72.8,34.5,19.9,0.6,3.7,1.2,46,2.3,1.6,4.4,2.1,0.5,34.6,20.9,70.9,7.9,7.4,0.5,0.3,01,JAMMU & KASHMIR,020,Reasi,00000,Reasi,000000,0000,District - Reasi,Rural,100,43.6,54.9,1.5,85.7,39.6,44.9,1.2,14.3,4,10,0.3,67.9,0.4,0.2,0,0.1,0.3,17,13.9,0.2,0.4,0.3,17.9,0.1,43.5,21.7,0.1,15,0.9,0.1,84.9,0,0.1,0.2,14.2,0.7,0,10,34.5,33.5,14,5.2,1.8,1.1,1.6,6.2,10.6,16.8,19.7,36.8,8.3,97.6,1.5,0.9,9.4,75.5,13,1.8,0.2,0,23.4,35.1,1.6,9.5,2.4,0.1,17.2,1.6,1.6,7.4,18.3,47.2,34.5,53.9,36.7,0.6,0.1,4.2,4.6,9,1.1,6.6,0.8,0.3,0,0.1,0,0.1,91,0.8,90.2,10.5,4,85.5,1.6,8,90.4,91.2,1.3,0.2,0,0.2,6.6,0.2,0.1,0,0.1,100,81.8,58.2,23.7,18,14.4,3.6,0.1,72.8,34.5,19.9,0.6,3.7,1.2,46,2.3,1.6,4.4,2.1,0.5,34.6,20.9,70.9,7.9,7.4,0.5,0.3
01,JAMMU & KASHMIR,020,Reasi,00000,Reasi,000000,0000,District - Reasi,Total,100,45,53.5,1.4,86.9,41.3,44.4,1.2,13.1,3.7,9.1,0.2,62,0.5,0.2,0,0.1,0.4,17.7,19,0.2,0.3,0.4,16.9,0.1,39.8,19.9,0.1,21.2,1.2,0.2,78.4,0,0.1,0.6,19.4,1.4,0,9.2,33.4,33.4,14.7,5.7,2.1,1.5,1.9,6.2,10.6,17.3,19.9,35.9,8.2,95.3,2.6,2.1,9.7,75.2,12.9,2,0.3,0,28.5,33.3,1.5,8.7,2.3,0,15.8,1.5,1.5,6.9,23.4,44.7,31.8,57.7,33.7,0.5,0.1,3.8,4.2,15.2,4,9.4,1,0.3,0.2,0.3,0,0.1,84.8,0.9,83.8,16.4,4,79.6,5.6,10.3,84.1,85,1.2,0.2,0,1.1,12,0.3,0.1,0,0.1,100,82.9,60.7,22.2,17,13.6,3.4,0.1,74.1,33.7,24.9,1.1,4.1,1.5,47.6,3.4,2.4,6.5,3.4,1.3,32.4,27.1,65.1,7.4,6.9,0.6,0.3,01,JAMMU & KASHMIR,020,Reasi,00000,Reasi,000000,0000,District - Reasi,Total,100,45,53.5,1.4,86.9,41.3,44.4,1.2,13.1,3.7,9.1,0.2,62,0.5,0.2,0,0.1,0.4,17.7,19,0.2,0.3,0.4,16.9,0.1,39.8,19.9,0.1,21.2,1.2,0.2,78.4,0,0.1,0.6,19.4,1.4,0,9.2,33.4,33.4,14.7,5.7,2.1,1.5,1.9,6.2,10.6,17.3,19.9,35.9,8.2,95.3,2.6,2.1,9.7,75.2,12.9,2,0.3,0,28.5,33.3,1.5,8.7,2.3,0,15.8,1.5,1.5,6.9,23.4,44.7,31.8,57.7,33.7,0.5,0.1,3.8,4.2,15.2,4,9.4,1,0.3,0.2,0.3,0,0.1,84.8,0.9,83.8,16.4,4,79.6,5.6,10.3,84.1,85,1.2,0.2,0,1.1,12,0.3,0.1,0,0.1,100,82.9,60.7,22.2,17,13.6,3.4,0.1,74.1,33.7,24.9,1.1,4.1,1.5,47.6,3.4,2.4,6.5,3.4,1.3,32.4,27.1,65.1,7.4,6.9,0.6,0.3
01,JAMMU & KASHMIR,020,Reasi,00000,Reasi,000000,0000,District - Reasi,Urban,100,59.3,39.5,1.1,99,58.8,39.1,1.1,1,0.5,0.5,0,1.6,1.4,0.1,0.1,0,0.6,24.1,71.9,0.2,0.1,1.3,6.5,0,2.1,1.3,0.1,84.2,4,0.4,12,0,0.2,5,73.1,9.6,0.1,1.6,22.3,32.2,21.9,11.6,5.1,5.3,4.5,5.3,11.1,22.9,22.7,27,6.6,71.8,14.2,14.1,12.3,71.4,12.2,3.6,0.5,0,81.3,14,0.1,0.1,1.1,0,1.4,0.2,0.2,1.5,75.6,19.6,4.9,96.2,3.5,0,0,0,0.2,78.8,33.1,38.7,3.2,0.1,1.3,2.3,0,0,21.2,2.1,19.1,76.8,3.7,19.5,46.9,33.4,19.7,22,0.8,0,0,9.8,66.4,0.6,0.1,0,0.2,100,93.7,86.4,7.3,6.1,4.7,1.4,0.2,87.3,25.6,75.8,5.9,8.4,5.3,64.4,14,11.5,27.8,17.1,9.6,9.3,90.9,6.2,2.4,1.1,1.3,0.6,01,JAMMU & KASHMIR,020,Reasi,00000,Reasi,000000,0000,District - Reasi,Urban,100,59.3,39.5,1.1,99,58.8,39.1,1.1,1,0.5,0.5,0,1.6,1.4,0.1,0.1,0,0.6,24.1,71.9,0.2,0.1,1.3,6.5,0,2.1,1.3,0.1,84.2,4,0.4,12,0,0.2,5,73.1,9.6,0.1,1.6,22.3,32.2,21.9,11.6,5.1,5.3,4.5,5.3,11.1,22.9,22.7,27,6.6,71.8,14.2,14.1,12.3,71.4,12.2,3.6,0.5,0,81.3,14,0.1,0.1,1.1,0,1.4,0.2,0.2,1.5,75.6,19.6,4.9,96.2,3.5,0,0,0,0.2,78.8,33.1,38.7,3.2,0.1,1.3,2.3,0,0,21.2,2.1,19.1,76.8,3.7,19.5,46.9,33.4,19.7,22,0.8,0,0,9.8,66.4,0.6,0.1,0,0.2,100,93.7,86.4,7.3,6.1,4.7,1.4,0.2,87.3,25.6,75.8,5.9,8.4,5.3,64.4,14,11.5,27.8,17.1,9.6,9.3,90.9,6.2,2.4,1.1,1.3,0.6
01,JAMMU & KASHMIR,021,Jammu,00000,Jammu,000000,0000,District - Jammu,Rural,100,56.7,38.4,4.9,98.4,56.1,37.5,4.8,1.6,0.6,0.9,0.1,19.6,0.1,2.3,0.9,1.9,1.5,7.1,66.1,0.4,1.8,0.1,10.1,0.2,1.9,3.7,0,80,1.6,0.6,46.5,0.1,0.8,1.2,48.6,2.6,0.1,2.7,28.7,29.8,21.5,11.1,4,2.2,2.1,7.1,13.3,25,24.8,24.2,3.5,98.3,1,0.7,11.9,73.3,12.4,2.1,0.3,0,26.2,3.6,0.8,4.3,58.9,2.4,1.1,0.4,0.7,1.6,64.8,23.4,11.8,96.4,2.8,0.2,0,0.2,0.3,24.6,2.2,17.9,1.1,2.8,0.3,0.2,0,0.2,75.4,0.7,74.7,25.3,36.8,37.9,3.5,51.5,45,41.2,1.4,9.8,0.1,0.5,45.7,0,0.6,0.1,0.5,100,68.3,54.9,13.5,31.2,19.2,12,0.5,80.6,19.2,69.7,1.2,4.5,5.1,58.5,6.9,24.9,27.3,4.8,2.1,13.9,76.5,13.3,9.2,7.5,1.7,1,01,JAMMU & KASHMIR,021,Jammu,00000,Jammu,000000,0000,District - Jammu,Rural,100,56.7,38.4,4.9,98.4,56.1,37.5,4.8,1.6,0.6,0.9,0.1,19.6,0.1,2.3,0.9,1.9,1.5,7.1,66.1,0.4,1.8,0.1,10.1,0.2,1.9,3.7,0,80,1.6,0.6,46.5,0.1,0.8,1.2,48.6,2.6,0.1,2.7,28.7,29.8,21.5,11.1,4,2.2,2.1,7.1,13.3,25,24.8,24.2,3.5,98.3,1,0.7,11.9,73.3,12.4,2.1,0.3,0,26.2,3.6,0.8,4.3,58.9,2.4,1.1,0.4,0.7,1.6,64.8,23.4,11.8,96.4,2.8,0.2,0,0.2,0.3,24.6,2.2,17.9,1.1,2.8,0.3,0.2,0,0.2,75.4,0.7,74.7,25.3,36.8,37.9,3.5,51.5,45,41.2,1.4,9.8,0.1,0.5,45.7,0,0.6,0.1,0.5,100,68.3,54.9,13.5,31.2,19.2,12,0.5,80.6,19.2,69.7,1.2,4.5,5.1,58.5,6.9,24.9,27.3,4.8,2.1,13.9,76.5,13.3,9.2,7.5,1.7,1
01,JAMMU & KASHMIR,021,Jammu,00000,Jammu,000000,0000,District - Jammu,Total,100,65.1,30.8,4.2,98.5,64.3,30.1,4.1,1.5,0.8,0.7,0.1,11.7,1.1,1.4,0.7,1.3,1.1,5.2,77.2,0.3,1.2,0.2,6.6,0.4,1.3,2.2,0.1,83.9,3.5,0.5,28.1,0.1,0.7,3.8,59.4,7.5,0.4,2.5,24.7,28.2,22.7,12.9,5,4,2.1,6.6,13.1,27.1,23.8,22.8,4.5,91,6,2.9,11.6,71.5,13.5,2.9,0.5,0.1,52.4,3.4,0.5,2.3,36.1,2.7,0.6,0.2,0.6,1.2,77.2,15.4,7.4,97.6,1.9,0.1,0,0.1,0.2,53.8,10.9,35.6,2.5,2.1,0.4,2.1,0,0.1,46.2,1.6,44.6,53.4,23.3,23.4,16.8,55.4,27.7,25.8,1.1,5.4,0.1,1.4,65.3,0.1,0.4,0,0.4,100,81.6,70.9,10.7,18,11,7,0.4,83.5,25.2,79.6,6.6,8.9,6.8,59.6,13.5,22.6,37.5,14.6,10.7,8.9,84.6,8.1,6.5,5.1,1.4,0.8,01,JAMMU & KASHMIR,021,Jammu,00000,Jammu,000000,0000,District - Jammu,Total,100,65.1,30.8,4.2,98.5,64.3,30.1,4.1,1.5,0.8,0.7,0.1,11.7,1.1,1.4,0.7,1.3,1.1,5.2,77.2,0.3,1.2,0.2,6.6,0.4,1.3,2.2,0.1,83.9,3.5,0.5,28.1,0.1,0.7,3.8,59.4,7.5,0.4,2.5,24.7,28.2,22.7,12.9,5,4,2.1,6.6,13.1,27.1,23.8,22.8,4.5,91,6,2.9,11.6,71.5,13.5,2.9,0.5,0.1,52.4,3.4,0.5,2.3,36.1,2.7,0.6,0.2,0.6,1.2,77.2,15.4,7.4,97.6,1.9,0.1,0,0.1,0.2,53.8,10.9,35.6,2.5,2.1,0.4,2.1,0,0.1,46.2,1.6,44.6,53.4,23.3,23.4,16.8,55.4,27.7,25.8,1.1,5.4,0.1,1.4,65.3,0.1,0.4,0,0.4,100,81.6,70.9,10.7,18,11,7,0.4,83.5,25.2,79.6,6.6,8.9,6.8,59.6,13.5,22.6,37.5,14.6,10.7,8.9,84.6,8.1,6.5,5.1,1.4,0.8
01,JAMMU & KASHMIR,021,Jammu,00000,Jammu,000000,0000,District - Jammu,Urban,100,74,22.6,3.4,98.6,73,22.2,3.3,1.4,1,0.4,0,3.3,2.1,0.4,0.5,0.7,0.6,3.2,89,0.2,0.7,0.4,3,0.5,0.6,0.6,0.3,88,5.5,0.4,8.5,0.2,0.6,6.5,70.9,12.6,0.7,2.3,20.5,26.4,24,14.8,6.1,5.8,2.1,6.1,12.8,29.4,22.7,21.3,5.6,83.2,11.4,5.4,11.4,69.5,14.6,3.8,0.6,0.1,80.5,3.2,0.2,0.1,11.8,2.9,0,0,0.4,0.8,90.4,6.8,2.8,98.9,0.9,0.1,0,0,0.1,84.9,20.2,54.5,4.1,1.4,0.4,4.2,0,0.1,15.1,2.5,12.6,83.2,8.8,7.9,31.1,59.6,9.3,9.5,0.7,0.7,0,2.3,86.1,0.1,0.2,0,0.3,100,95.8,88,7.7,3.9,2.2,1.7,0.3,86.7,31.6,90.2,12.3,13.5,8.6,60.8,20.5,20.2,48.3,25,19.7,3.4,93.1,2.6,3.7,2.6,1.1,0.6,01,JAMMU & KASHMIR,021,Jammu,00000,Jammu,000000,0000,District - Jammu,Urban,100,74,22.6,3.4,98.6,73,22.2,3.3,1.4,1,0.4,0,3.3,2.1,0.4,0.5,0.7,0.6,3.2,89,0.2,0.7,0.4,3,0.5,0.6,0.6,0.3,88,5.5,0.4,8.5,0.2,0.6,6.5,70.9,12.6,0.7,2.3,20.5,26.4,24,14.8,6.1,5.8,2.1,6.1,12.8,29.4,22.7,21.3,5.6,83.2,11.4,5.4,11.4,69.5,14.6,3.8,0.6,0.1,80.5,3.2,0.2,0.1,11.8,2.9,0,0,0.4,0.8,90.4,6.8,2.8,98.9,0.9,0.1,0,0,0.1,84.9,20.2,54.5,4.1,1.4,0.4,4.2,0,0.1,15.1,2.5,12.6,83.2,8.8,7.9,31.1,59.6,9.3,9.5,0.7,0.7,0,2.3,86.1,0.1,0.2,0,0.3,100,95.8,88,7.7,3.9,2.2,1.7,0.3,86.7,31.6,90.2,12.3,13.5,8.6,60.8,20.5,20.2,48.3,25,19.7,3.4,93.1,2.6,3.7,2.6,1.1,0.6
01,JAMMU & KASHMIR,022,Samba,00000,Samba,000000,0000,District - Samba,Rural,100,66.2,30.5,3.3,99.3,65.9,30.1,3.2,0.7,0.3,0.3,0.1,13.6,0.1,1.2,0.7,1.5,0.9,3.7,78.1,0.2,1.2,0.1,7.9,0,1,2.1,0,86.6,0.9,0.2,36.3,0.1,0.4,1.6,58,3.5,0,2.8,23.6,27.1,23.5,14.6,5.5,2.9,1.9,6.5,13.7,25.7,24.6,24,3.6,97.9,1.4,0.7,11.5,72,13.6,2.5,0.4,0.1,38,8.1,0.6,6.6,41,3,0.3,0.4,1.1,1,65.6,22.6,11.8,97.2,2.5,0.1,0,0.1,0.2,26,2.3,20.5,0.8,2.2,0.1,0.1,0,0.1,74,0.5,73.5,30.6,35,34.4,4.4,54.7,40.9,44.4,1.6,3.8,0,0.5,49,0,0.2,0.1,0.4,100,72.8,62.6,10.2,26.8,20.3,6.5,0.4,84.8,20.2,73.4,1.3,4.8,4,69.3,6,22.3,26.6,5.5,2.3,9.9,84.2,7.8,7.6,6.4,1.1,0.4,01,JAMMU & KASHMIR,022,Samba,00000,Samba,000000,0000,District - Samba,Rural,100,66.2,30.5,3.3,99.3,65.9,30.1,3.2,0.7,0.3,0.3,0.1,13.6,0.1,1.2,0.7,1.5,0.9,3.7,78.1,0.2,1.2,0.1,7.9,0,1,2.1,0,86.6,0.9,0.2,36.3,0.1,0.4,1.6,58,3.5,0,2.8,23.6,27.1,23.5,14.6,5.5,2.9,1.9,6.5,13.7,25.7,24.6,24,3.6,97.9,1.4,0.7,11.5,72,13.6,2.5,0.4,0.1,38,8.1,0.6,6.6,41,3,0.3,0.4,1.1,1,65.6,22.6,11.8,97.2,2.5,0.1,0,0.1,0.2,26,2.3,20.5,0.8,2.2,0.1,0.1,0,0.1,74,0.5,73.5,30.6,35,34.4,4.4,54.7,40.9,44.4,1.6,3.8,0,0.5,49,0,0.2,0.1,0.4,100,72.8,62.6,10.2,26.8,20.3,6.5,0.4,84.8,20.2,73.4,1.3,4.8,4,69.3,6,22.3,26.6,5.5,2.3,9.9,84.2,7.8,7.6,6.4,1.1,0.4
01,JAMMU & KASHMIR,022,Samba,00000,Samba,000000,0000,District - Samba,Total,100,68.5,28.5,3,99.3,68.2,28.2,2.9,0.7,0.3,0.3,0,12.2,0.2,1.1,0.7,1.9,0.9,3.7,79.1,0.2,1.1,0.1,7.1,0,0.9,1.8,0,88,0.8,0.2,32.7,0.1,0.5,2,60.2,4.5,0,2.7,23,26.9,23.5,14.8,5.8,3.4,2,6.3,13.5,26.1,24.5,23.7,3.8,96.7,2.6,0.7,11.6,71.8,13.5,2.6,0.4,0.1,41.9,9.1,0.5,5.6,37.3,3.2,0.2,0.3,1,0.8,68,21.3,10.7,97.4,2.3,0.1,0,0.1,0.2,32.9,3.2,25.3,1,2.2,0.1,0.9,0,0.1,67.1,0.4,66.7,36.7,32.6,30.7,5.8,58,36.2,39.4,1.5,3.4,0,0.6,54.2,0,0.3,0.1,0.4,100,75.8,65.7,10.1,23.8,17.9,5.9,0.4,85.2,19.8,75.8,1.6,5.5,4.1,69.9,6.8,21.7,28.1,6.5,3.1,9,85.6,7.2,6.7,5.6,1,0.4,01,JAMMU & KASHMIR,022,Samba,00000,Samba,000000,0000,District - Samba,Total,100,68.5,28.5,3,99.3,68.2,28.2,2.9,0.7,0.3,0.3,0,12.2,0.2,1.1,0.7,1.9,0.9,3.7,79.1,0.2,1.1,0.1,7.1,0,0.9,1.8,0,88,0.8,0.2,32.7,0.1,0.5,2,60.2,4.5,0,2.7,23,26.9,23.5,14.8,5.8,3.4,2,6.3,13.5,26.1,24.5,23.7,3.8,96.7,2.6,0.7,11.6,71.8,13.5,2.6,0.4,0.1,41.9,9.1,0.5,5.6,37.3,3.2,0.2,0.3,1,0.8,68,21.3,10.7,97.4,2.3,0.1,0,0.1,0.2,32.9,3.2,25.3,1,2.2,0.1,0.9,0,0.1,67.1,0.4,66.7,36.7,32.6,30.7,5.8,58,36.2,39.4,1.5,3.4,0,0.6,54.2,0,0.3,0.1,0.4,100,75.8,65.7,10.1,23.8,17.9,5.9,0.4,85.2,19.8,75.8,1.6,5.5,4.1,69.9,6.8,21.7,28.1,6.5,3.1,9,85.6,7.2,6.7,5.6,1,0.4
01,JAMMU & KASHMIR,022,Samba,00000,Samba,000000,0000,District - Samba,Urban,100,81,17.8,1.1,99.3,80.5,17.7,1.1,0.7,0.5,0.2,0,4.5,0.4,0.5,0.9,3.6,0.7,4,85.1,0.2,0.4,0.1,2.3,0.1,0.4,0.2,0.1,95.7,0.3,0.4,12.6,0.2,0.6,4,72,10.5,0.1,1.7,19.2,25.8,23.8,15.9,7.4,6.2,2.6,5.7,12.6,28.7,23.9,21.9,4.7,89.6,9.3,1.1,12.3,70.9,12.9,3.4,0.5,0.1,63.6,14.9,0.2,0,16.8,4,0,0.1,0.1,0.2,81,13.8,5.1,98.5,1.2,0.3,0,0,0,70.7,8.5,51.9,2.2,2.6,0.2,5.4,0,0,29.3,0.3,29,70.9,19.4,9.7,13.5,76.2,10.3,11.4,1.1,1.3,0.1,1.6,83.4,0,0.4,0,0.8,100,92.3,82.8,9.5,6.9,4.3,2.6,0.8,87.8,18.1,89,3.2,9.3,4.7,73,11.2,18.8,36.8,12.4,7.2,3.9,93.5,4.1,1.8,1.4,0.4,0.6,01,JAMMU & KASHMIR,022,Samba,00000,Samba,000000,0000,District - Samba,Urban,100,81,17.8,1.1,99.3,80.5,17.7,1.1,0.7,0.5,0.2,0,4.5,0.4,0.5,0.9,3.6,0.7,4,85.1,0.2,0.4,0.1,2.3,0.1,0.4,0.2,0.1,95.7,0.3,0.4,12.6,0.2,0.6,4,72,10.5,0.1,1.7,19.2,25.8,23.8,15.9,7.4,6.2,2.6,5.7,12.6,28.7,23.9,21.9,4.7,89.6,9.3,1.1,12.3,70.9,12.9,3.4,0.5,0.1,63.6,14.9,0.2,0,16.8,4,0,0.1,0.1,0.2,81,13.8,5.1,98.5,1.2,0.3,0,0,0,70.7,8.5,51.9,2.2,2.6,0.2,5.4,0,0,29.3,0.3,29,70.9,19.4,9.7,13.5,76.2,10.3,11.4,1.1,1.3,0.1,1.6,83.4,0,0.4,0,0.8,100,92.3,82.8,9.5,6.9,4.3,2.6,0.8,87.8,18.1,89,3.2,9.3,4.7,73,11.2,18.8,36.8,12.4,7.2,3.9,93.5,4.1,1.8,1.4,0.4,0.6