03,PUNJAB,000,PUNJAB,00000,PUNJAB,000000,0000,State - PUNJAB,Rural,100,45.17,47.29,7.53,95.04,42.87,44.89,7.28,4.96,2.3,2.4,0.25,9.78,0.2,17.97,2.23,32.37,0.91,1.45,34.63,0.47,0.78,0.13,6.05,0.06,0.91,1,0.04,86.51,4.31,0.22,36.04,0.13,14.45,10.93,36.28,2.02,0.15,0.94,21.58,32.14,21.97,12.97,5.58,4.8,2.23,5.83,10.63,22.09,22.83,29.55,6.83,95.55,2.53,1.91,9.85,64.11,20.35,4.79,0.75,0.15,25.32,9.58,0.29,0.29,33.8,27.97,0.03,0.32,0.12,2.28,81.65,12.65,5.7,95.5,2.9,0.13,0.21,0.34,0.92,70.39,5.92,32.58,4.17,22.47,4.62,0.35,0.08,0.21,29.61,1.5,28.11,61.46,23.74,14.81,9.04,71.96,19,17.03,9.83,30.46,0.13,1.52,38.85,0.03,1.76,0.07,0.32,100,92.89,62.88,30.01,6.79,2.34,4.45,0.32,62.84,15.45,79.35,2.15,4.65,6.59,61.7,11.32,72.25,44.77,9.99,4.59,5.17,85.76,10.22,3.35,2.69,0.66,0.67,000000,100,45.17,47.29,7.53,95.04,42.87,44.89,7.28,4.96,2.3
03,PUNJAB,000,PUNJAB,00000,PUNJAB,000000,0000,State - PUNJAB,Total,100,49.87,43.48,6.65,95.56,47.7,41.42,6.44,4.44,2.18,2.06,0.2,7.9,0.33,12.75,1.74,25.33,0.95,1.45,49.09,0.45,0.66,0.19,4.72,0.06,0.89,0.97,0.05,87.08,5.2,0.19,25.64,0.13,12.49,18.55,39.93,2.99,0.26,1.08,23.01,31.01,21.8,12.95,5.47,4.68,2.56,6.3,11.5,23.69,22.46,27.31,6.18,88.88,8.77,2.36,10.47,65.66,18.78,4.32,0.65,0.12,41.1,9.88,0.24,0.21,24.7,21.87,0.03,0.22,0.09,1.66,85.92,9.95,4.12,96.6,2.17,0.11,0.16,0.27,0.69,79.29,28.3,27.69,3.3,16.03,3.2,0.52,0.06,0.17,20.71,1.24,19.47,71.46,17.46,11.08,27.85,56.98,15.17,13.35,6.52,20.4,0.19,3.21,54.53,0.03,1.39,0.06,0.33,100,94.81,70.35,24.46,4.86,1.69,3.17,0.33,65.21,16.48,82.6,5.4,7.36,6.67,62.27,13.18,66.36,47.45,13.12,10.04,4.4,88.32,8.32,2.74,2.07,0.66,0.63,000000,100,49.87,43.48,6.65,95.56,47.7,41.42,6.44,4.44,2.18
03,PUNJAB,000,PUNJAB,00000,PUNJAB,000000,0000,State - PUNJAB,Urban,100,57.32,37.44,5.24,96.39,55.34,35.93,5.12,3.61,1.98,1.51,0.12,4.92,0.55,4.5,0.98,14.19,1.01,1.45,71.99,0.42,0.47,0.29,2.6,0.06,0.84,0.93,0.06,87.99,6.6,0.15,9.18,0.15,9.38,30.63,45.72,4.51,0.44,1.29,25.27,29.23,21.54,12.91,5.28,4.48,3.07,7.03,12.88,26.22,21.87,23.77,5.15,78.3,18.63,3.06,11.44,68.12,16.29,3.58,0.49,0.08,66.08,10.37,0.16,0.08,10.29,12.2,0.04,0.07,0.04,0.67,92.7,5.67,1.63,98.34,1.01,0.06,0.09,0.17,0.32,93.37,63.75,19.93,1.93,5.84,0.95,0.8,0.04,0.12,6.63,0.84,5.8,87.3,7.52,5.18,57.63,33.27,9.1,7.52,1.29,4.47,0.28,5.88,79.35,0.02,0.8,0.05,0.34,100,97.85,82.18,15.68,1.8,0.66,1.14,0.34,68.97,18.11,87.73,10.55,11.64,6.8,63.17,16.14,57.03,51.68,18.07,18.68,3.2,92.35,5.31,1.77,1.1,0.67,0.56,000000,100,57.32,37.44,5.24,96.39,55.34,35.93,5.12,3.61,1.98
03,PUNJAB,035,Gurdaspur,00000,Gurdaspur,000000,0000,District - Gurdaspur,Rural,100,41.6,49.4,9,96.9,40.4,47.8,8.7,3.1,1.2,1.6,0.2,11.9,0.2,13.1,1.4,10.2,1.5,1.1,60.3,0.3,0.9,0.1,6.9,0.1,0.9,0.9,0,82.4,7.4,0.3,43.3,0.1,3.5,7,43.5,2.4,0.1,1,20.5,30.5,24.1,14,5.8,4.1,1.6,4.7,9.7,22.2,23.9,31,7,97.6,1.3,1.1,8.6,65.7,19.9,4.8,0.8,0.1,14.8,3.7,0.3,0.4,59.9,19.8,0,0.1,0,0.9,90.9,7.2,1.8,94.3,4.1,0.2,0.2,0.2,1,50.1,6.1,32.8,1.8,7.9,0.4,0.4,0.1,0.5,49.9,1.4,48.6,42.2,37.8,19.9,8.3,79.8,11.9,18,3.5,29.3,0.2,0.8,46.4,0,1.5,0,0.2,100,92.7,67.6,25.1,7.1,2.8,4.3,0.2,64.8,11.5,82.4,1.7,4,11.9,54.6,9.3,70.1,43.1,5.4,3.3,5.1,82.9,13,3.5,2.7,0.8,0.6,000000,100,41.6,49.4,9,96.9,40.4,47.8,8.7,3.1,1.2
03,PUNJAB,035,Gurdaspur,00000,Gurdaspur,000000,0000,District - Gurdaspur,Total,100,45,47.1,7.9,96.9,43.7,45.5,7.7,3.1,1.4,1.5,0.2,10.3,0.2,10.1,1.2,8.4,1.3,1,67.2,0.3,0.8,0.1,5.7,0.1,0.9,0.9,0,84.4,6.7,0.3,34.5,0.1,3.3,11.5,46.9,3.5,0.2,1,20.1,30.4,24.3,14,5.8,4.4,1.8,4.9,10.2,23.3,23.8,29.3,6.7,95,3.3,1.7,9.1,66.3,19.2,4.6,0.7,0.1,24.1,4.9,0.5,0.4,48.4,20.8,0.1,0.1,0,0.8,91.2,7.2,1.6,95.4,3.3,0.1,0.2,0.2,0.8,60,18,32,1.6,6.4,0.3,1.1,0.1,0.4,40,1.2,38.8,53.2,30.3,16.5,16.2,73.9,9.9,15.5,2.7,22.1,0.2,1.3,56.7,0,1.2,0,0.2,100,94.1,73.2,20.9,5.7,2.3,3.4,0.2,66.8,11.4,84.8,3.3,5.6,11.8,54.7,11.5,65.1,45.2,7.5,6.2,4.6,85.3,11.2,3,2.3,0.7,0.6,000000,100,45,47.1,7.9,96.9,43.7,45.5,7.7,3.1,1.4
03,PUNJAB,035,Gurdaspur,00000,Gurdaspur,000000,0000,District - Gurdaspur,Urban,100,53.7,41.1,5.2,96.8,52.1,39.7,5.1,3.2,1.7,1.4,0.1,6.5,0.3,2.6,0.4,3.6,0.8,0.8,84.7,0.2,0.5,0.1,2.8,0.1,0.9,1,0,89.5,5,0.1,11.9,0.1,2.8,23,55.8,6.1,0.3,1,19.1,30,24.6,14.1,5.8,5.2,2.3,5.4,11.4,26.4,23.5,24.9,6.1,88.3,8.4,3.3,10.2,67.7,17.3,4,0.6,0.1,47.7,8,1.1,0.3,19,23.2,0.1,0,0,0.5,92,6.9,1.1,98.1,1.3,0.1,0.1,0.1,0.3,85.6,48.4,30,1,2.8,0.2,2.9,0.1,0.1,14.4,0.6,13.8,81.2,11.1,7.8,36.4,58.9,4.7,8.9,0.7,3.8,0.3,2.4,82.9,0,0.5,0,0.3,100,97.6,87.4,10.2,2.1,1,1.1,0.3,72.1,11.4,90.9,7.4,9.7,11.5,55.1,16.9,52.4,50.3,12.9,13.8,3.1,91.3,6.6,1.8,1.3,0.5,0.4,000000,100,53.7,41.1,5.2,96.8,52.1,39.7,5.1,3.2,1.7
03,PUNJAB,036,Kapurthala,00000,Kapurthala,000000,0000,District - Kapurthala,Rural,100,52.5,41.4,6.1,96.8,51,39.9,5.9,3.2,1.5,1.5,0.2,5.4,0.4,17.4,2,35.4,0.4,1,37.7,0.3,0.8,0.2,3.4,0,0.8,0.6,0,89.9,4.3,0.1,20.1,0.1,8.7,16.7,51.4,2.7,0.2,1,20.3,30.9,23.1,13.5,5.9,5.2,2.8,7.1,11.7,23,22.3,27.3,5.7,93,4.6,2.5,11.1,65.8,18.5,3.8,0.6,0.1,27.6,8.9,0.1,0.1,26.4,35.2,0,0.1,0,1.6,85.2,11.1,3.7,96.7,2.1,0.1,0.2,0.2,0.7,77.4,8.9,50.6,2.2,14.6,0.6,0.4,0,0,22.6,0.6,22,69.7,17.2,13,17.1,73,9.8,8.8,6.7,23.1,0.1,2.2,57.6,0,1,0.2,0.3,100,94.9,70.5,24.4,4.8,0.9,3.9,0.3,75.2,21.9,86.5,2.9,5.4,5.3,69.1,12.1,68.9,54,12.1,6.5,3.4,91.3,6.3,1.9,1,0.8,0.5,000000,100,52.5,41.4,6.1,96.8,51,39.9,5.9,3.2,1.5
03,PUNJAB,036,Kapurthala,00000,Kapurthala,000000,0000,District - Kapurthala,Total,100,56.5,38.1,5.4,97.1,55.1,36.8,5.3,2.9,1.4,1.3,0.1,5.1,0.4,13.3,1.5,27.9,0.5,1.2,49.6,0.4,0.6,0.2,2.9,0,0.7,0.6,0,90.1,4.6,0.1,14.8,0.1,8.3,21.2,52.2,2.9,0.4,1.3,20.8,29.7,23.3,13.7,6,5.3,3.3,7.5,12.4,24.4,21.9,25.3,5.3,85.8,11.4,2.8,12.2,66.6,17,3.6,0.6,0.1,43.5,9.4,0.1,0.1,19.7,26,0,0.1,0,1.1,88.1,8.9,3,97.5,1.6,0.1,0.1,0.2,0.5,83.3,30.4,39.2,1.7,11.1,0.4,0.4,0,0,16.7,0.8,16,77,13.1,9.8,31.8,60,8.2,7.7,4.7,15.7,0.1,3.3,66.9,0,1.1,0.2,0.3,100,96.2,75.6,20.6,3.5,0.7,2.8,0.3,76.5,22.6,87.7,5.9,8.1,6.2,66.9,14.6,64.7,54.7,14.3,11.5,3,91.8,5.9,1.7,1,0.7,0.6,000000,100,56.5,38.1,5.4,97.1,55.1,36.8,5.3,2.9,1.4
03,PUNJAB,036,Kapurthala,00000,Kapurthala,000000,0000,District - Kapurthala,Urban,100,63.8,32,4.1,97.6,62.5,31.1,4.1,2.4,1.4,0.9,0.1,4.7,0.4,5.8,0.7,14.2,0.8,1.6,71.3,0.6,0.2,0.3,2.2,0.1,0.4,0.7,0.1,90.5,5.3,0.1,5.2,0.1,7.6,29.3,53.7,3.3,0.8,1.8,21.8,27.3,23.6,14,6.1,5.3,4.1,8.1,13.6,26.9,21.1,21.5,4.7,72.6,24,3.4,14,68,14.4,3.1,0.4,0.1,72.7,10.4,0.1,0,7.3,9.1,0,0,0,0.2,93.3,5,1.6,99,0.7,0,0.1,0.1,0.1,94.1,69.7,18.4,0.9,4.7,0.1,0.3,0,0.1,5.9,1,4.9,90.4,5.6,4,58.6,36.3,5.2,5.5,1.1,2.2,0.2,5.5,83.7,0,1.4,0,0.3,100,98.5,84.9,13.6,1.2,0.4,0.8,0.3,78.8,24,89.8,11.4,13,8.1,62.9,19.2,57.1,56,18.1,20.6,2.3,92.8,5.1,1.4,0.9,0.5,0.7,000000,100,63.8,32,4.1,97.6,62.5,31.1,4.1,2.4,1.4
03,PUNJAB,037,Jalandhar,00000,Jalandhar,000000,0000,District - Jalandhar,Rural,100,47,46.7,6.2,97.3,45.9,45.3,6.1,2.7,1.1,1.4,0.2,6.1,0.1,15.2,1.9,43,0.8,1.2,31.3,0.4,0.5,0.1,3.9,0.1,1,1.4,0,87.9,5,0.1,14.7,0.1,11.9,13.7,56.4,2.9,0.3,1.1,20.7,32.4,22.7,13,5.5,4.7,3.5,8,12.8,22.9,22.2,25.6,5.1,92.3,4.4,3.3,15.3,65.3,16,3,0.4,0.1,21.8,15.4,0.2,0.1,29,31.5,0,0,0,1.9,85.2,11.9,2.9,97.3,1.8,0.1,0.2,0.2,0.5,76,7.8,50.5,2.8,13.6,0.9,0.2,0.1,0.1,24,0.5,23.4,73.4,15.6,11,13.6,76.4,10,10.5,7.2,27.9,0.2,3.5,49.1,0,1,0.1,0.4,100,94,72.3,21.8,5.5,1.7,3.8,0.4,75.6,24.9,86.7,3.4,6.1,7.1,61.8,16.3,71,50.5,12,7.1,3,90.4,7.3,1.7,1.2,0.5,0.5,000000,100,47,46.7,6.2,97.3,45.9,45.3,6.1,2.7,1.1
03,PUNJAB,037,Jalandhar,00000,Jalandhar,000000,0000,District - Jalandhar,Total,100,52.4,42.1,5.5,97.1,50.9,40.8,5.3,2.9,1.4,1.4,0.1,5,0.3,9.6,1.5,27.1,0.9,1.4,53.7,0.5,0.4,0.1,3.3,0.1,0.9,1.3,0,87.6,6.2,0.1,9.1,0.1,10.2,22.5,53.5,4.1,0.5,1.2,24,30.5,21.5,12.8,5.4,4.6,3.5,8,13.4,24.8,21.9,23.6,4.7,83.4,13.6,3,14.6,66.9,15.1,3,0.4,0.1,49.2,16.2,0.1,0.1,15.5,17.8,0,0,0,1,90.1,7.8,2,98.3,1.1,0.1,0.1,0.1,0.3,86.5,43.7,32.5,1.8,7.6,0.5,0.3,0.1,0.1,13.5,0.6,12.9,83.2,10,6.9,44.7,47.1,8.1,8,3.8,14.2,0.3,6.5,65.9,0,0.8,0.1,0.4,100,96.2,78.9,17.3,3.4,1.1,2.3,0.4,75.4,29.2,88.4,8.6,8.8,7.2,62.4,17.4,63.1,52.5,15.9,14.5,2.6,91.7,6.2,1.5,1,0.4,0.6,000000,100,52.4,42.1,5.5,97.1,50.9,40.8,5.3,2.9,1.4
03,PUNJAB,037,Jalandhar,00000,Jalandhar,000000,0000,District - Jalandhar,Urban,100,57.1,38.1,4.8,96.8,55.4,36.8,4.7,3.2,1.7,1.3,0.1,4.1,0.4,4.7,1.1,13,0.9,1.6,73.6,0.6,0.3,0.2,2.7,0.1,0.9,1.1,0.1,87.2,7.3,0.1,4.1,0.1,8.6,30.3,50.9,5.3,0.7,1.4,27,28.7,20.4,12.7,5.3,4.5,3.6,8,13.9,26.5,21.7,21.9,4.4,75.6,21.7,2.8,13.9,68.3,14.4,2.9,0.4,0.1,73.5,17,0,0,3.5,5.6,0,0,0,0.3,94.4,4.3,1.3,99.1,0.5,0,0.1,0,0.1,95.8,75.5,16.6,0.9,2.2,0.2,0.4,0.1,0,4.2,0.7,3.5,91.8,5,3.2,72.4,21.1,6.5,5.9,0.7,2.1,0.3,9.1,80.9,0,0.6,0.1,0.4,100,98.1,84.8,13.3,1.5,0.5,1,0.4,75.3,33,89.8,13.3,11.2,7.2,63,18.4,56,54.2,19.4,21,2.2,92.9,5.2,1.3,0.9,0.4,0.7,000000,100,57.1,38.1,4.8,96.8,55.4,36.8,4.7,3.2,1.7
03,PUNJAB,038,Hoshiarpur,00000,Hoshiarpur,000000,0000,District - Hoshiarpur,Rural,100,52.5,41,6.5,97.6,51.3,40,6.3,2.4,1.2,1,0.1,5.2,0.3,11.1,1.6,28.8,1.8,2.4,48.2,0.6,0.7,0.1,5,0,0.7,0.9,0,89.3,3.2,0.1,20.5,0.1,5.8,8.9,61.7,3,0.2,0.7,18.3,30.1,24.3,15,6.6,4.9,3.5,8,13.5,24,22.3,24.5,4.2,95.5,2.3,2.2,14.8,65.6,16.2,2.9,0.4,0.1,42.4,4.2,0.3,0.6,33.1,17.9,0,0,0,1.4,82.7,13,4.4,96.8,2.5,0.1,0.2,0.1,0.4,57,3.9,42.1,1.4,9,0.2,0.1,0,0.3,43,0.6,42.4,59.5,25.4,15.1,6.9,77.3,15.8,32,3.5,7,0.1,1,55.2,0,0.8,0,0.3,100,93.4,76.6,16.8,6.3,2.5,3.8,0.3,83.7,19,86,2.4,4.8,7.1,59.7,16.9,71.8,49.3,8.1,5.3,3.7,90.1,7.3,2,1.3,0.6,0.7,000000,100,52.5,41,6.5,97.6,51.3,40,6.3,2.4,1.2
03,PUNJAB,038,Hoshiarpur,00000,Hoshiarpur,000000,0000,District - Hoshiarpur,Total,100,54.3,39.6,6.1,97.8,53.1,38.6,6,2.2,1.2,1,0.1,4.9,0.4,9.8,1.5,24.8,1.6,2.4,54.1,0.6,0.7,0.2,4.5,0,0.7,0.9,0,89.6,3.3,0.1,17.4,0.1,5.7,12,60.9,3.6,0.3,0.8,18.9,29.9,23.8,14.9,6.6,5.1,3.6,8,13.5,24.6,22.1,23.8,4.3,91.9,5.4,2.7,14.7,66.1,15.9,2.9,0.4,0.1,48.8,5,0.3,0.5,28,16,0,0,0,1.2,84.6,11.4,4,97,2.3,0.1,0.1,0.1,0.4,63.9,15.1,39.2,1.2,7.6,0.2,0.2,0.1,0.3,36.1,0.7,35.4,65.2,21.5,13.3,15.1,70.5,14.5,27.5,3,5.6,0.1,1.4,61.2,0,0.8,0,0.3,100,94.3,78.6,15.6,5.4,2.1,3.4,0.3,83,18.9,86.7,4.2,6.2,7.4,59.1,18,68.9,50.6,10.2,8.3,3.5,90.7,6.7,1.9,1.2,0.7,0.7,000000,100,54.3,39.6,6.1,97.8,53.1,38.6,6,2.2,1.2
03,PUNJAB,038,Hoshiarpur,00000,Hoshiarpur,000000,0000,District - Hoshiarpur,Urban,100,60.8,34.3,4.9,98.3,59.9,33.6,4.8,1.7,0.9,0.7,0.1,3.7,0.9,5.1,1,10.4,0.7,2.2,75.6,0.5,0.6,0.4,2.4,0,0.8,0.8,0,91,3.7,0.1,6.4,0.2,5.5,23.3,58,5.7,0.9,1.1,20.8,29,22.2,14.5,6.7,5.7,4.1,8,13.7,26.5,21.6,21.5,4.6,78.9,16.6,4.5,14,67.6,14.7,3.1,0.5,0.1,72.3,7.8,0.4,0.1,9.5,9.2,0.1,0,0,0.5,91.6,5.9,2.5,98.1,1.5,0,0.1,0.1,0.2,88.9,55.9,28.8,0.7,2.7,0.2,0.4,0.1,0.1,11.1,0.9,10.2,85.9,7.3,6.8,44.7,45.6,9.7,10.9,1,0.8,0.2,3,82.9,0,0.7,0,0.3,100,97.4,86,11.4,2.2,0.6,1.6,0.3,80.7,18.4,89.4,10.5,11.5,8.6,56.9,21.9,58.5,55.3,17.8,18.9,3,93,4.7,1.7,0.7,1,0.7,000000,100,60.8,34.3,4.9,98.3,59.9,33.6,4.8,1.7,0.9
03,PUNJAB,039,Shahid Bhagat Singh Nagar,00000,Shahid Bhagat Singh Nagar,000000,0000,District - Shahid Bhagat Singh Nagar,Rural,100,54.5,40.1,5.4,95.2,52.2,37.9,5.1,4.8,2.3,2.2,0.3,4.4,0.1,9.1,0.4,50.4,0.7,1.5,32.8,0.8,0.6,0.1,2.4,0.1,0.8,1,0,91.3,3.6,0.1,13.3,0.1,12.5,8.9,62.4,2.6,0.1,1,17.2,31,23.6,14.5,6.7,6,3.8,8.1,13.4,23.6,21.7,25.1,4.4,94.3,2.9,2.8,15.4,64.9,16.7,2.7,0.3,0.1,35.7,8.2,0.2,0.1,29.9,23.7,0,0.1,0.1,2,86.3,9.9,3.9,97.1,2,0.2,0.2,0.1,0.5,66.8,5.3,49.8,2.1,8.8,0.2,0.2,0,0.2,33.2,0.9,32.3,70.5,18.8,10.6,10.5,81,8.5,20,3.4,27.4,0.1,2.5,44.9,0,1.2,0,0.5,100,95.1,79.3,15.8,4.5,1.4,3.1,0.5,81.5,20.8,84.4,3,5.8,10.1,56.3,19.4,74.6,50.2,10.1,6.2,3.3,92.9,4.9,1.3,0.7,0.6,0.9,000000,100,54.5,40.1,5.4,95.2,52.2,37.9,5.1,4.8,2.3
03,PUNJAB,039,Shahid Bhagat Singh Nagar,00000,Shahid Bhagat Singh Nagar,000000,0000,District - Shahid Bhagat Singh Nagar,Total,100,55.1,39.2,5.6,95.7,53,37.3,5.4,4.3,2.2,1.9,0.3,4.5,0.2,8.5,0.5,45.5,0.8,1.6,37.5,0.9,0.5,0.2,2.5,0,1,0.9,0,90.9,3.7,0.1,12.4,0.1,11.9,12.1,60.4,2.9,0.2,1,18.4,30.5,23.1,14.3,6.7,5.9,3.9,8.2,13.4,23.9,21.7,24.8,4.3,91.8,5.2,2.9,15.1,65.4,16.4,2.7,0.4,0.1,39.5,8.9,0.2,0.1,27.4,21.9,0,0.1,0.1,1.8,87.2,9,3.9,97.2,1.9,0.1,0.1,0.1,0.5,70.5,12.8,46.9,2,8.2,0.3,0.2,0,0.2,29.5,0.8,28.6,73.2,16.9,9.9,15.2,76.6,8.2,18,3.2,23.4,0.1,3.2,50.5,0,1.1,0,0.5,100,95.6,79.6,16.1,3.9,1.2,2.7,0.5,80.9,21.4,84.9,4.1,6.7,9.4,56.6,19.7,71.3,49.9,11.2,8,3.2,92.5,5.1,1.5,0.8,0.7,1,000000,100,55.1,39.2,5.6,95.7,53,37.3,5.4,4.3,2.2
03,PUNJAB,039,Shahid Bhagat Singh Nagar,00000,Shahid Bhagat Singh Nagar,000000,0000,District - Shahid Bhagat Singh Nagar,Urban,100,57.6,36,6.5,97.5,56,35.1,6.3,2.5,1.6,0.8,0.1,5,0.8,6.4,1,26.5,1.1,2.2,55.8,1.2,0.4,0.7,2.9,0,1.7,0.7,0,89.2,4.2,0.1,8.6,0.2,9.9,24.3,52.8,3.9,0.3,1.2,23.4,28.8,21.4,13.4,6.3,5.5,4.2,8.2,13.5,25,21.7,23.4,4,82.5,14.2,3.3,14.2,67.6,15.1,2.7,0.4,0.1,54.4,11.9,0.1,0.1,17.6,14.9,0,0,0,1,90.6,5.5,3.9,97.7,1.6,0.1,0.1,0.1,0.5,85.1,41.5,35.5,1.7,5.6,0.4,0.2,0,0,14.9,0.5,14.4,83.6,9.3,7.1,33.3,59.5,7.1,10.6,2.1,7.8,0.2,5.7,72.3,0,0.9,0.1,0.5,100,97.7,80.7,17,1.8,0.5,1.4,0.5,78.5,23.8,87.2,8.5,10.3,7,57.7,21,58.8,48.7,15.7,15.1,2.9,91.1,5.5,2.1,1.1,1,1.3,000000,100,57.6,36,6.5,97.5,56,35.1,6.3,2.5,1.6
03,PUNJAB,040,Fatehgarh Sahib,00000,Fatehgarh Sahib,000000,0000,District - Fatehgarh Sahib,Rural,100,54.5,39.1,6.4,89.4,48.7,34.9,5.9,10.6,5.8,4.2,0.5,7.1,0.1,5.4,1,27.3,0.8,1.8,55.4,1.1,0.3,0.1,2.9,0,0.7,0.7,0,90.7,4.4,0.1,25.3,0.1,7.6,16.5,47.8,2.7,0.1,0.9,19.2,30.9,22.4,14.2,6.6,5.9,2.3,5.4,10.3,22.1,22.4,29.1,8.3,95.1,3.2,1.7,9.1,60.5,22.9,6.1,1,0.3,23,5.3,0.1,0.1,22.2,46.2,0,0.1,0,3,89.7,7.7,2.6,97.9,1.4,0.1,0.1,0.1,0.4,82.5,6.1,52.3,4.4,18.5,0.9,0.3,0.1,0.1,17.5,0.9,16.6,73.8,14,12.2,11.1,78.6,10.4,4.1,2.2,42.3,0.1,3.2,45.2,0,2.4,0,0.5,100,93.3,70.1,23.2,6.2,2,4.2,0.5,71.4,11.4,85,2.4,5.9,6.3,64,13.9,80.1,56.4,14.5,6.4,2.8,89.7,7.6,1.5,1.2,0.3,1.2,000000,100,54.5,39.1,6.4,89.4,48.7,34.9,5.9,10.6,5.8
03,PUNJAB,040,Fatehgarh Sahib,00000,Fatehgarh Sahib,000000,0000,District - Fatehgarh Sahib,Total,100,56.4,37.8,5.8,91,51.5,34.1,5.4,9,4.9,3.7,0.4,5.5,0.2,4.2,0.9,22.7,0.9,1.9,62.8,0.8,0.3,0.1,2.6,0,0.7,0.6,0,90.9,4.5,0.1,19.2,0.1,7.1,20.9,49.6,3.1,0.1,1.1,22.6,29.5,21.7,13.5,6.2,5.4,2.9,6.2,11.2,23.2,22,27.1,7.3,87.6,9.9,2.4,11.1,61.9,20.6,5.3,0.9,0.2,32.5,5.7,0.2,0.1,18.2,40.9,0,0.1,0,2.3,90.7,7.3,2.1,98.2,1.2,0,0.1,0.1,0.4,86.3,20.1,47.2,3.7,14,0.7,0.5,0,0.1,13.7,0.9,12.9,79.2,11.1,9.8,26.2,64.7,9.1,4.2,1.7,29.7,0.1,6.4,55.3,0,1.9,0,0.5,100,94.7,72.2,22.5,4.8,1.6,3.2,0.5,72.1,12,84.7,4.4,7.9,5.9,65.2,14,73.3,55,15.8,10,3,91.6,6.2,1.3,1,0.4,0.9,000000,100,56.4,37.8,5.8,91,51.5,34.1,5.4,9,4.9
03,PUNJAB,040,Fatehgarh Sahib,00000,Fatehgarh Sahib,000000,0000,District - Fatehgarh Sahib,Urban,100,60.2,35.3,4.5,94.1,57.2,32.7,4.3,5.9,3,2.6,0.2,2.3,0.5,1.8,0.7,13.2,1.1,2.2,78,0.3,0.4,0.3,2,0,0.6,0.3,0.1,91.3,4.9,0.1,6.7,0.1,6,29.9,53.3,3.8,0.2,1.3,29.5,26.8,20.2,12.3,5.6,4.4,4.1,7.8,13,25.5,21.3,23.1,5.2,72.4,23.8,3.9,15.2,64.7,15.8,3.7,0.6,0.1,52,6.3,0.3,0,10.1,30.2,0,0.1,0,0.9,92.6,6.5,0.9,98.9,0.6,0,0.1,0.1,0.3,93.9,48.8,36.7,2.3,4.7,0.3,1,0,0,6.1,0.8,5.3,90.1,5,4.8,57.1,36.4,6.5,4.3,0.9,4.2,0.2,12.9,76.1,0,0.9,0.1,0.5,100,97.6,76.5,21.1,1.9,0.9,1,0.5,73.4,13.1,84.2,8.6,12.1,4.9,67.7,14.1,59.3,52.3,18.4,17.2,3.3,95.3,3.3,1.1,0.6,0.5,0.4,000000,100,60.2,35.3,4.5,94.1,57.2,32.7,4.3,5.9,3
03,PUNJAB,041,Ludhiana,00000,Ludhiana,000000,0000,District - Ludhiana,Rural,100,47.9,45.1,7.1,94.6,45.3,42.5,6.7,5.4,2.6,2.6,0.3,4.4,0.2,11,1.3,39.8,1,1.6,40.2,0.5,0.5,0.1,3.9,0.1,1.1,1.3,0,87.5,5.5,0.1,20.7,0.2,19,14.9,42.6,2.5,0.1,0.9,22.3,32.2,22.6,12.7,5.2,4,2.7,6.3,11,22,22.8,28.7,6.5,92.7,5.4,1.9,10.1,64.5,20.2,4.4,0.6,0.1,19.5,8,0.2,0.1,37.2,33.4,0,0.1,0,1.6,88.5,8.7,2.8,97.6,1.5,0.1,0.1,0.2,0.5,87.5,7.2,45.4,4.9,26.2,3.2,0.4,0.1,0.1,12.5,0.8,11.7,75.6,14.7,9.7,13.3,73.3,13.4,5.6,3.8,36.2,0.1,2.4,49.6,0,1.9,0.1,0.4,100,93.8,68.2,25.6,5.8,1.8,4,0.4,65.4,15,83.4,3.6,6.4,9.6,54.3,18.7,77.2,50.8,14,7.6,3.4,92,5.6,1.8,1.3,0.4,0.6,000000,100,47.9,45.1,7.1,94.6,45.3,42.5,6.7,5.4,2.6
03,PUNJAB,041,Ludhiana,00000,Ludhiana,000000,0000,District - Ludhiana,Total,100,51.7,42.5,5.8,94.8,49,40.2,5.5,5.2,2.7,2.3,0.2,3.4,0.6,5.6,0.9,22.8,1.1,1.6,63.5,0.4,0.5,0.3,2.9,0.1,1.1,1.3,0,86.3,7.4,0.2,11.3,0.2,13.9,22.8,47.5,4.1,0.3,1.3,28.1,29.5,20.7,11.6,4.7,4.1,3.5,7.2,12.3,24.1,21.9,25.4,5.5,79.7,17.7,2.6,12,66.5,17.1,3.8,0.5,0.1,51.4,9.8,0.1,0.1,19.9,17.8,0,0,0,0.8,92.2,6.1,1.7,98.3,1,0.1,0.1,0.2,0.3,93.3,47.6,26.4,3.4,13.7,1.6,0.4,0.1,0.2,6.7,0.9,5.8,84.5,9,6.5,48.7,39.3,12.1,5.2,2,15.7,0.3,6.9,68.3,0,1.2,0.1,0.4,100,96.4,74.7,21.6,3.3,1,2.3,0.4,65,16.9,84.5,8.2,9.1,8,60.6,16.2,64.4,50.4,16.8,14.2,3.5,93.4,4.3,1.7,1,0.7,0.6,000000,100,51.7,42.5,5.8,94.8,49,40.2,5.5,5.2,2.7
03,PUNJAB,041,Ludhiana,00000,Ludhiana,000000,0000,District - Ludhiana,Urban,100,54.2,40.9,4.9,94.9,51.4,38.8,4.8,5.1,2.8,2.1,0.2,2.8,0.8,2.2,0.7,11.9,1.2,1.6,78.4,0.4,0.5,0.4,2.3,0.1,1.1,1.3,0.1,85.5,8.7,0.2,5.3,0.2,10.7,27.8,50.6,5.1,0.4,1.6,31.8,27.7,19.5,10.8,4.4,4.1,4,7.8,13.1,25.5,21.4,23.3,4.9,71.4,25.6,3,13.2,67.8,15.1,3.4,0.5,0.1,71.7,11,0.1,0.1,8.9,7.8,0,0,0,0.3,94.6,4.4,0.9,98.7,0.7,0,0.1,0.2,0.2,96.9,73.2,14.3,2.4,5.9,0.6,0.3,0.1,0.2,3.1,1,2,90.1,5.4,4.5,71.1,17.6,11.2,4.9,0.9,2.8,0.4,9.8,80.1,0,0.7,0.1,0.4,100,98,78.9,19.1,1.7,0.5,1.1,0.4,64.8,18.2,85.1,11.1,10.8,6.9,64.6,14.6,56.3,50.1,18.5,18.3,3.6,94.3,3.5,1.7,0.8,0.9,0.5,000000,100,54.2,40.9,4.9,94.9,51.4,38.8,4.8,5.1,2.8
03,PUNJAB,042,Moga,00000,Moga,000000,0000,District - Moga,Rural,100,47.3,45.2,7.4,95.9,45.1,43.6,7.3,4.1,2.3,1.7,0.2,12.2,0.2,32.2,2.8,28.9,1,0.8,21.8,0.1,0.6,0.1,5.1,0,1.1,1.4,0,88.4,2.9,0.4,40.6,0.2,25.4,15.9,15.7,2,0.2,1.5,23.5,31.9,21.5,12.3,5,4.4,2,5.5,10.2,21.2,22.9,30.8,7.3,96.8,1.7,1.5,9.4,64.1,20.8,4.7,0.8,0.2,22.2,17.3,0.3,0.1,12.1,43.5,0,0.1,0.1,4.3,76.6,15.1,8.3,95.6,2.2,0.1,0.2,0.5,1.4,85.4,10.1,27.8,8.8,29.6,8.6,0.4,0.1,0.2,14.6,0.9,13.6,65.9,22.2,11.9,8.5,72.1,19.4,5.9,11.1,42,0.1,0.7,37.5,0,2.2,0.1,0.4,100,91.6,56,35.5,8.1,2.7,5.4,0.4,54.9,16.8,78.2,2.6,5.4,5.1,64.7,10.3,77.3,42.9,12.4,5.3,5.1,83.9,13.2,2.5,2,0.5,0.5,000000,100,47.3,45.2,7.4,95.9,45.1,43.6,7.3,4.1,2.3
03,PUNJAB,042,Moga,00000,Moga,000000,0000,District - Moga,Total,100,50,42.7,7.3,96.3,48,41.2,7.1,3.7,2,1.5,0.2,10.5,0.3,27.2,2.5,26.1,1.1,0.9,31.3,0.2,0.7,0.2,4.6,0,1,1.2,0,88.5,3.5,0.3,34.8,0.2,22.9,21.3,18.5,2.2,0.2,1.6,23.9,31.6,21.5,12.2,5,4.2,2.1,5.7,10.8,22.2,22.7,29.6,6.9,93.2,4.8,2,9.8,64.9,20,4.4,0.7,0.2,30.6,17.3,0.2,0.1,10.4,37.6,0,0.1,0.1,3.6,79.4,13.3,7.3,95.9,2,0.1,0.2,0.5,1.3,87.6,21.2,26.5,7.7,24.6,6.9,0.4,0.1,0.2,12.4,0.8,11.5,70.3,19.4,10.3,17.2,64.8,17.9,6.1,9.1,34.5,0.1,1.1,46.8,0,1.8,0.1,0.4,100,92.8,61.6,31.3,6.8,2.2,4.6,0.4,57.3,16.3,79.8,4.1,7.2,5.3,64.4,11.9,73.3,44.5,13.7,8.3,4.9,85.7,11.5,2.4,1.7,0.7,0.5,000000,100,50,42.7,7.3,96.3,48,41.2,7.1,3.7,2
03,PUNJAB,042,Moga,00000,Moga,000000,0000,District - Moga,Urban,100,58.5,34.8,6.7,97.5,57.2,33.8,6.5,2.5,1.3,1,0.1,5.1,0.9,11.2,1.6,16.9,1.3,1.2,61.4,0.3,0.9,0.5,3,0,0.8,0.6,0,88.6,5.5,0.1,16.1,0.2,14.7,38.7,27.3,2.9,0.2,1.8,25.3,30.7,21.6,12,4.9,3.7,2.3,6.5,12.4,25.3,22.2,25.8,5.6,81.7,14.5,3.8,10.8,67.4,17.5,3.7,0.5,0.1,57.3,17.6,0.2,0,4.6,18.6,0,0.1,0.1,1.5,88.4,7.5,4,96.9,1.4,0.1,0.1,0.4,1.1,94.7,56.7,22.6,4.5,8.6,1.7,0.3,0.2,0.1,5.3,0.4,4.9,84,10.6,5.4,45.1,41.8,13.1,6.8,2.7,10.5,0.3,2.6,76.2,0,0.4,0.1,0.4,100,97,79.1,17.8,2.7,0.8,1.9,0.4,65.2,14.8,85,9.1,13,5.9,63.1,16.9,60.4,49.8,18,17.9,4.3,91.4,6,2.2,1,1.2,0.4,000000,100,58.5,34.8,6.7,97.5,57.2,33.8,6.5,2.5,1.3
03,PUNJAB,043,Firozpur,00000,Firozpur,000000,0000,District - Firozpur,Rural,100,38.3,50.9,10.8,96.6,37,49,10.5,3.4,1.3,1.9,0.2,16.9,0.2,23.4,3.4,33.5,0.7,1,20.4,0.5,1.5,0.2,16.5,0,0.6,0.7,0,78.3,1.9,0.3,60.2,0.1,14,7.8,16.9,1,0.1,0.9,28.2,33.7,17.8,10.1,4.6,4.8,1.4,5.5,9.8,21.3,23.6,31.6,6.9,95.7,1.4,2.9,7.5,66.5,20.2,4.9,0.8,0.1,19.7,11.2,0.7,0.2,48.3,15.3,0,1.4,0.4,2.8,71.8,17.2,11,91.9,5,0.2,0.3,0.9,1.6,66.6,4,20.8,5.6,28.9,6.6,0.4,0.2,0.2,33.4,1.2,32.1,49,28.2,22.8,3.9,54.6,41.4,32,16.9,24.7,0.1,0.8,24,0,1.3,0.1,0.2,100,93.5,43.3,50.2,6.3,1.9,4.4,0.2,49.4,13.5,69.7,1.3,3.7,3.6,65,7.3,67.5,37.2,8.9,2.9,7.6,76,11.2,12,10.8,1.2,0.8,000000,100,38.3,50.9,10.8,96.6,37,49,10.5,3.4,1.3
03,PUNJAB,043,Firozpur,00000,Firozpur,000000,0000,District - Firozpur,Total,100,42,48.2,9.7,96.5,40.6,46.4,9.5,3.5,1.5,1.8,0.2,14.5,0.3,20.4,3,31.1,0.8,1,28.6,0.5,1.2,0.2,13.3,0,0.7,0.7,0,80.8,2.9,0.2,48.2,0.1,14.4,13.6,22.1,1.5,0.1,1,27.5,32.9,18.9,10.5,4.6,4.5,1.6,5.6,10.3,22.4,23.4,30.1,6.6,92.1,4.7,3.2,8,67.1,19.3,4.7,0.7,0.1,30,13.2,0.6,0.2,39.7,12.7,0,1.1,0.3,2.3,76.6,14.7,8.7,93.5,4,0.2,0.3,0.8,1.4,73.2,19.5,19.8,4.9,22.6,5.1,1.1,0.1,0.1,26.8,1.2,25.6,57.2,24,18.8,15,51.6,33.3,26.9,12.8,19.7,0.1,1.1,37.9,0,1.2,0.1,0.2,100,94.8,52.2,42.6,5,1.5,3.5,0.2,52.7,13,74.2,2.7,5.6,3.8,64.5,9.4,63.6,39.7,9.9,5.9,6.8,79.6,10.2,9.6,8.6,1,0.7,000000,100,42,48.2,9.7,96.5,40.6,46.4,9.5,3.5,1.5
03,PUNJAB,043,Firozpur,00000,Firozpur,000000,0000,District - Firozpur,Urban,100,51.8,41.1,7.1,96.3,49.9,39.5,6.9,3.7,1.9,1.6,0.1,8.1,0.4,12.5,2,24.8,0.9,1.1,50,0.3,0.4,0.2,4.9,0,0.8,0.7,0,87.3,5.4,0.1,16.7,0.1,15.5,29,35.8,2.7,0.2,1.4,25.9,30.9,22,11.7,4.7,3.5,2.1,5.8,11.4,25.4,23,26.3,6,82.5,13.5,4,9.3,68.9,17.1,4.1,0.6,0.1,57.1,18.5,0.1,0,17.2,5.9,0,0.1,0,1,89.5,8,2.5,97.5,1.5,0.1,0.1,0.3,0.6,90.7,60.4,17.1,2.9,6,1.2,3,0,0,9.3,1.1,8.2,78.9,12.8,8.3,44.4,43.7,11.9,13.3,2,6.5,0.1,2,74.9,0,0.9,0,0.3,100,98.2,75.8,22.4,1.6,0.4,1.2,0.3,61.6,11.8,86.1,6.2,10.8,4.3,63.3,14.8,53.2,46.4,12.6,13.8,4.7,88.8,7.5,3.3,2.8,0.5,0.4,000000,100,51.8,41.1,7.1,96.3,49.9,39.5,6.9,3.7,1.9
03,PUNJAB,044,Muktsar,00000,Muktsar,000000,0000,District - Muktsar,Rural,100,36.5,52.8,10.7,96.7,35.2,50.9,10.5,3.3,1.3,1.8,0.2,17,0.2,13.8,4,49.8,0.7,1,13.2,0.3,1.1,0.2,8.4,0,0.9,0.9,0.1,86.7,1.4,0.4,52.4,0.1,23.2,7.8,15.3,1,0.1,0.7,24.7,32,18.8,11.9,5.8,6.2,1.7,5.5,10.5,22,22.9,30.5,7,96.2,1.7,2.1,7.4,63.8,22.3,5.6,0.7,0.1,34.5,18.6,0.2,0.1,41.8,1.2,0,1.1,0.1,2.3,66.6,19.3,14.1,96,2.4,0.1,0.3,0.3,0.8,72.3,4,17.9,3.4,33.1,13.6,0.2,0.1,0,27.7,0.8,26.9,54.3,32.2,13.6,6.4,54.2,39.4,35,25.8,5.6,0,0.8,31.9,0,0.6,0.1,0.2,100,94.8,47.1,47.7,5,1.1,3.8,0.2,53,18,72.1,1.4,3.4,3.3,63.4,9.7,66.4,34.7,13.1,3.2,8.1,77.9,16.2,5.2,4.4,0.8,0.6,000000,100,36.5,52.8,10.7,96.7,35.2,50.9,10.5,3.3,1.3
03,PUNJAB,044,Muktsar,00000,Muktsar,000000,0000,District - Muktsar,Total,100,40.6,49.2,10.2,96.7,39.2,47.5,10.1,3.3,1.4,1.7,0.2,13.8,0.2,12.9,3.5,46.4,0.9,1.1,20.9,0.3,1,0.2,7,0,1,1.1,0.1,87,2.4,0.3,43.1,0.1,22.1,13,20.2,1.3,0.1,0.7,25.5,32.2,19.4,11.6,5.3,5.3,1.8,5.5,10.9,23,22.7,29.2,6.7,92.4,5.3,2.3,7.8,65,21.2,5.3,0.6,0.1,39,15.7,0.2,0.1,40.3,1.7,0,0.9,0.1,1.9,72.8,15.9,11.3,96.4,2.1,0.1,0.3,0.3,0.8,77.3,21.4,16.4,2.9,25.8,10.5,0.2,0,0,22.7,0.8,21.9,60.4,27.6,11.9,18.1,49.3,32.6,30,19,4.7,0.1,1.1,44.2,0,0.5,0.1,0.3,100,95.7,54.5,41.2,4,0.9,3.1,0.3,53.8,15.9,75.5,2.6,5.5,3.4,64,10.8,63.5,36,13.4,5.9,7.4,81.7,13.3,4.4,3.6,0.8,0.6,000000,100,40.6,49.2,10.2,96.7,39.2,47.5,10.1,3.3,1.4
03,PUNJAB,044,Muktsar,00000,Muktsar,000000,0000,District - Muktsar,Urban,100,50.6,40.3,9.1,96.8,49,38.9,8.9,3.2,1.6,1.4,0.2,5.9,0.3,10.4,2.4,38.2,1.5,1.1,39.9,0.2,0.8,0.3,3.5,0.1,1.3,1.5,0,87.6,4.8,0.2,20.3,0.1,19.3,25.8,32.3,1.9,0.2,0.8,27.3,32.8,20.9,10.9,4.3,3,2.1,5.6,12.1,25.5,22.3,26.3,6.1,82.8,14.2,3,8.7,68.1,18.3,4.3,0.5,0.1,50.3,8.6,0.2,0.1,36.5,3,0,0.5,0.1,0.9,88.2,7.5,4.3,97.5,1.4,0.1,0.2,0.2,0.6,89.8,64.3,12.8,1.7,7.7,2.9,0.2,0,0,10.2,0.6,9.6,75.6,16.5,7.9,47.2,37.2,15.7,17.8,2.3,2.4,0.1,1.8,74.8,0,0.3,0,0.4,100,97.8,72.8,25.1,1.7,0.3,1.4,0.4,55.7,10.5,84,5.6,10.8,3.7,65.2,13.6,56.1,39.2,14.1,12.6,5.6,91.1,6.2,2.3,1.5,0.8,0.4,000000,100,50.6,40.3,9.1,96.8,49,38.9,8.9,3.2,1.6
03,PUNJAB,045,Faridkot,00000,Faridkot,000000,0000,District - Faridkot,Rural,100,43.3,49,7.7,96.6,41.9,47.1,7.6,3.4,1.4,1.8,0.1,6.8,0.1,34.2,6,29.3,0.6,1.1,21.2,0.6,0.8,0.1,5.4,0,0.6,0.4,0,90.9,1.2,0.5,44.4,0.1,28.1,8.8,16.7,1.8,0.1,0.6,20.3,30.9,21.4,14,6.5,6.3,1.8,5.6,10.7,21.8,22.8,30.3,7.1,96.7,1.4,1.9,7.1,63.1,23.1,5.6,0.8,0.1,23.9,10,0.4,0.1,50.4,12.2,0,0.9,0,2.2,75.1,11.8,13.1,95.4,2.5,0.2,0.3,0.6,1.1,80.1,4.8,26.4,4.2,36.3,8,0.2,0.1,0.1,19.9,0.9,19,62.8,26.1,11.1,6.6,59.9,33.5,22.4,14.9,21.9,0.1,0.6,38.6,0,1.1,0.1,0.3,100,94,54.8,39.2,5.7,1.4,4.3,0.3,57.9,15.2,75.4,1.6,4,3.9,64.4,11.1,75.6,42.3,12.2,4,5.4,88.3,8.1,2.5,2,0.6,1.1,000000,100,43.3,49,7.7,96.6,41.9,47.1,7.6,3.4,1.4
03,PUNJAB,045,Faridkot,00000,Faridkot,000000,0000,District - Faridkot,Total,100,46.2,45.9,7.9,96.6,44.6,44.3,7.7,3.4,1.6,1.7,0.1,6.1,0.2,26.3,4.6,25.2,0.6,1,35.5,0.6,0.7,0.2,4.5,0,0.6,0.5,0,91.4,1.8,0.4,35.1,0.2,24,16.7,21.9,1.9,0.2,0.7,21.8,31.1,21.2,13.4,6.2,5.5,1.9,5.7,11.1,23.3,22.8,28.8,6.4,92.3,5.2,2.5,7.8,64.9,21.4,5,0.7,0.1,32.3,9.1,0.3,0.1,45.5,9.9,0,1,0,1.8,80.6,9.6,9.8,96.1,2.2,0.1,0.3,0.5,0.8,84.6,17.4,31.1,3.5,25.9,6,0.7,0.1,0.1,15.4,0.8,14.6,69,21.5,9.4,13.9,60.9,25.3,19.7,10.2,15.1,0.2,0.9,52.5,0,1,0.1,0.3,100,95.4,62.9,32.4,4.4,1,3.3,0.3,59.5,13.9,78.7,3.7,6.7,4.3,62.7,14,70,43.7,13.1,8.2,5.2,89.8,7.1,2.2,1.6,0.6,0.9,000000,100,46.2,45.9,7.9,96.6,44.6,44.3,7.7,3.4,1.6
03,PUNJAB,045,Faridkot,00000,Faridkot,000000,0000,District - Faridkot,Urban,100,51.5,40.4,8.1,96.7,49.7,39,8,3.3,1.9,1.4,0.1,4.8,0.4,11.9,1.9,17.7,0.6,1,61.3,0.4,0.6,0.2,2.8,0,0.7,0.6,0,92.3,2.7,0.2,18.2,0.2,16.6,31.1,31.5,2,0.4,1,24.6,31.5,20.9,12.4,5.5,4.1,2.2,6,12,25.9,22.8,25.9,5.3,84.2,12.1,3.7,9.1,68.3,18.2,3.9,0.5,0.1,47.5,7.5,0.3,0.1,36.6,5.7,0,1.2,0,1.2,90.7,5.7,3.7,97.3,1.7,0,0.2,0.3,0.4,92.8,40.2,39.6,2.2,7,2.2,1.6,0,0,7.2,0.5,6.7,80.4,13.1,6.5,27.1,62.6,10.2,14.7,1.7,2.9,0.4,1.3,77.8,0,0.8,0.1,0.3,100,97.8,77.7,20.1,1.9,0.4,1.5,0.3,62.6,11.6,84.7,7.5,11.6,4.9,59.7,19.3,59.9,46.2,14.9,16,4.9,92.5,5.2,1.7,1.1,0.6,0.6,000000,100,51.5,40.4,8.1,96.7,49.7,39,8,3.3,1.9
03,PUNJAB,046,Bathinda,00000,Bathinda,000000,0000,District - Bathinda,Rural,100,41.6,51.1,7.4,94.1,39,48,7.1,5.9,2.6,3,0.3,6.6,0.2,10.1,2.2,61.4,0.8,4.1,14.4,0.2,0.6,0.2,5.1,0.1,0.9,0.6,0.2,89.4,2.6,0.2,39.8,0.2,35.8,8.2,14.7,1.3,0.1,1.1,20.4,29.7,20.6,14.3,6.9,7,2.6,5.6,10.4,22.3,22.2,29.4,7.4,93.9,3.4,2.7,10.4,60.4,22.4,5.8,0.8,0.2,29.8,17.6,0.3,0.1,27.2,21.1,0,0.8,0.7,2.4,74.5,18.2,7.2,95.3,2.9,0.1,0.2,0.5,0.9,84.3,4.4,8.4,4.4,44.6,22.2,0.2,0,0.1,15.7,3.4,12.3,62.6,26.1,11.3,6.9,58.8,34.3,25.5,33.8,9,0.2,3,26.5,0,1.6,0.1,0.3,100,95.7,55.8,39.9,4,1.2,2.9,0.3,52.1,16.3,70.5,1.4,4.2,3.8,65.9,7.7,67,34.2,10.8,3.1,8.2,89.3,7.8,2.4,2,0.5,0.4,000000,100,41.6,51.1,7.4,94.1,39,48,7.1,5.9,2.6
03,PUNJAB,046,Bathinda,00000,Bathinda,000000,0000,District - Bathinda,Total,100,49,44.4,6.7,94.9,46.5,42,6.4,5.1,2.5,2.4,0.2,5.6,0.3,7.1,1.6,50.1,0.8,3.2,31,0.2,0.6,0.2,4.3,0.1,0.9,0.8,0.2,89.2,3.6,0.2,30.4,0.2,28.5,16.6,22.4,1.8,0.2,1.1,20.9,29.9,21,14.2,6.6,6.3,2.5,5.8,11.2,24.1,22.1,27.7,6.5,88.7,8,3.3,9.8,63.3,20.9,5.1,0.7,0.1,40.4,16.6,0.2,0.1,23.2,16.4,0,0.6,0.5,1.9,79.5,14.8,5.6,96.1,2.5,0.1,0.2,0.4,0.7,87.4,22.8,11.3,3.8,33.2,16,0.2,0,0.1,12.6,2.7,9.8,69.8,21,9.2,21.7,52.3,26,21.2,22.9,6.8,0.3,2.5,44.5,0,1.4,0.1,0.3,100,96.5,64.3,32.2,3.3,1,2.3,0.3,58.5,16.3,76.7,4.2,7.9,4.3,65.6,11,66.3,39.8,13.6,9.1,6.3,90.8,6.4,2.3,1.8,0.5,0.4,000000,100,49,44.4,6.7,94.9,46.5,42,6.4,5.1,2.5
03,PUNJAB,046,Bathinda,00000,Bathinda,000000,0000,District - Bathinda,Urban,100,62.2,32.4,5.4,96.3,59.9,31.1,5.3,3.7,2.3,1.3,0.1,3.8,0.6,1.8,0.7,29.7,0.9,1.6,60.7,0.3,0.6,0.2,3,0.1,0.8,1.1,0,88.9,5.2,0.2,13.6,0.2,15.3,31.8,36.2,2.7,0.2,1.2,21.8,30.2,21.6,14,6.1,5,2.3,6.1,12.7,27.3,21.8,24.7,5,79.3,16.2,4.5,8.8,68.5,18.2,4,0.5,0.1,59.4,14.8,0.2,0.1,16,8.1,0,0.1,0.1,1.1,88.5,8.7,2.8,97.5,1.7,0.2,0.1,0.2,0.3,93.1,55.8,16.6,2.7,12.7,4.9,0.2,0,0.2,6.9,1.5,5.4,82.6,11.8,5.6,48.3,40.6,11.1,13.4,3.2,2.8,0.6,1.8,76.9,0,1,0,0.3,100,97.8,79.6,18.3,1.9,0.8,1.1,0.3,69.9,16.3,87.7,9.4,14.5,5.2,65.2,17,65,50,18.6,19.9,3,93.6,3.9,2.1,1.5,0.7,0.5,000000,100,62.2,32.4,5.4,96.3,59.9,31.1,5.3,3.7,2.3
03,PUNJAB,047,Mansa,00000,Mansa,000000,0000,District - Mansa,Rural,100,46.3,46.5,7.2,97,45,44.9,7.1,3,1.3,1.5,0.2,14.1,0.1,18.7,2.1,45.6,0.7,1.1,17.5,0.1,0.5,0.1,4.2,0,0.7,0.8,0,91.5,2.1,0.2,49.5,0.2,27,9,13.5,0.8,0.1,1.1,22.9,34,20.6,11.9,5,4.4,1.9,5.3,10.5,22.7,22.8,30.1,6.8,97.9,1.1,0.9,8.6,64.6,21,5,0.7,0.2,34.5,14.8,0.3,0.1,31.4,14.8,0,1,0.1,3,70,17.8,12.2,94.7,3.4,0.1,0.3,0.3,1.1,62.9,3.2,10.6,5.5,29.6,13.2,0.3,0.3,0.2,37.1,5.4,31.7,59.5,26,14.4,4.2,67.3,28.5,26,40.9,16.4,0.1,0.2,14.8,0,1.2,0,0.3,100,81.4,45.2,36.2,18.3,8.2,10.1,0.3,47.8,9,65.5,0.9,3.2,3.2,64.7,5.9,61.2,29.5,7.5,2,10.9,83.2,14,2.5,2.1,0.3,0.3,000000,100,46.3,46.5,7.2,97,45,44.9,7.1,3,1.3
03,PUNJAB,047,Mansa,00000,Mansa,000000,0000,District - Mansa,Total,100,49.2,43.8,7,96.9,47.7,42.3,6.8,3.1,1.5,1.5,0.1,12.4,0.1,15.4,1.8,44.1,0.8,1.2,24,0.2,0.5,0.2,3.8,0,0.7,0.9,0,90.9,2.8,0.2,43,0.2,25.3,13.5,16.7,1.3,0.1,1.2,22.4,33.8,21,12.3,5,4.2,1.9,5.3,10.5,23.4,22.8,29.4,6.7,95.4,3.3,1.2,8.4,65.1,20.8,4.9,0.7,0.1,35.7,13.1,0.3,0.1,30.2,17.1,0,0.8,0.1,2.7,73.6,15.6,10.8,95.2,3.1,0.1,0.3,0.3,1,67.7,9.5,15.5,5,25.6,11.4,0.3,0.2,0.2,32.3,4.4,28,63.8,23.2,13,9.6,65.1,25.4,23.6,33.5,14.4,0.1,0.3,26.8,0,1,0,0.3,100,84.2,51.7,32.5,15.5,7,8.5,0.3,50.1,8.9,69.5,1.8,5,3.4,65.6,7,61.7,32.7,8.7,4.3,9.7,85,12.5,2.2,1.8,0.4,0.3,000000,100,49.2,43.8,7,96.9,47.7,42.3,6.8,3.1,1.5
03,PUNJAB,047,Mansa,00000,Mansa,000000,0000,District - Mansa,Urban,100,59.9,34.1,5.9,96.5,57.8,32.8,5.9,3.5,2.2,1.3,0.1,6,0.3,3.7,0.7,38.8,1.1,1.5,47.5,0.3,0.4,0.4,2.4,0.1,1,1.4,0,88.8,5.4,0.1,19.2,0.2,19.2,30,28.2,3.1,0.1,1.6,20.5,33,22.7,13.7,5,3.6,1.8,5.3,10.7,26.2,22.6,26.8,6.5,86.4,11.3,2.3,8,66.9,20,4.5,0.6,0.1,40.1,6.9,0.1,0.1,25.5,25.1,0,0.2,0.1,1.9,86.7,7.8,5.5,97,1.7,0.1,0.1,0.3,0.8,85,32.1,33,3.2,10.9,4.9,0.6,0,0.4,15,0.7,14.3,79.5,12.8,7.7,29.1,56.9,13.9,14.9,6.6,6.8,0.1,0.5,70.3,0,0.3,0,0.3,100,94.1,75.2,18.9,5.6,2.6,2.9,0.3,58.4,8.3,84.1,5.1,11.7,4.3,68.6,11.3,63.8,44.1,13,12.9,5.2,91.4,6.7,1.4,0.8,0.6,0.5,000000,100,59.9,34.1,5.9,96.5,57.8,32.8,5.9,3.5,2.2
03,PUNJAB,048,Patiala,00000,Patiala,000000,0000,District - Patiala,Rural,100,44.9,48,7.1,92.6,41.5,44.4,6.7,7.4,3.4,3.6,0.3,13,0.2,19.3,2.8,27.3,0.7,1.1,35.2,0.5,0.6,0.1,4.8,0.1,1,1.3,0,85.5,6.4,0.2,35.2,0.1,8.7,15.6,38.1,2.1,0.1,0.7,21.5,34.2,21.6,12.3,5.2,4.4,1.7,5,9.7,22.6,23.3,30.1,7.6,96.8,1.7,1.5,7.3,62.9,22.7,5.8,1,0.2,31.6,11.6,0.2,0.1,9.8,43,0,0.1,0.1,3.5,77.5,15.6,6.8,96.5,2.1,0.1,0.1,0.3,0.9,77.3,5.7,35.3,6.9,26.6,1.9,0.5,0.1,0.3,22.7,1.4,21.3,72,14,14,12,76.1,11.9,8.7,2.7,47,0.1,0.9,38.1,0,2,0,0.4,100,92,66.7,25.3,7.6,2.5,5.1,0.4,61.5,14.7,81.1,1.8,4.3,4.4,67.8,7.4,74.4,48.4,11,4.3,4.2,83.4,13.2,2.7,2.2,0.5,0.7,000000,100,44.9,48,7.1,92.6,41.5,44.4,6.7,7.4,3.4
03,PUNJAB,048,Patiala,00000,Patiala,000000,0000,District - Patiala,Total,100,52.7,41.4,5.9,94.4,50,38.8,5.6,5.6,2.7,2.6,0.2,9.5,0.4,12.1,1.9,19.8,0.9,1.1,53.9,0.5,0.5,0.2,3.6,0.1,0.8,1.2,0,86.8,6.6,0.1,23.1,0.1,7.3,25.3,40.9,2.8,0.4,0.9,20.7,31.5,21.9,13.8,6.2,5,2.1,5.9,11.2,24.9,22.5,26.9,6.5,90,7.9,2.1,8.5,65.1,20.5,5,0.8,0.2,46.6,10.8,0.1,0.1,7,32.9,0,0.1,0,2.3,84.9,10.8,4.3,97.6,1.5,0.1,0.1,0.2,0.6,85.6,32.2,29.1,4.9,17.2,1.3,0.6,0.1,0.2,14.4,1,13.4,80.8,9.6,9.6,33.7,54.8,11.5,7.4,1.8,29.1,0.1,1.8,57.8,0,1.5,0,0.4,100,94.7,75.9,18.8,4.9,1.6,3.2,0.4,68.1,16.4,85.3,6.7,8.5,5.5,66.8,11.6,70,53.6,15.8,12.7,3.3,87.4,9.7,2.2,1.7,0.6,0.7,000000,100,52.7,41.4,5.9,94.4,50,38.8,5.6,5.6,2.7
03,PUNJAB,048,Patiala,00000,Patiala,000000,0000,District - Patiala,Urban,100,63.5,32.2,4.2,96.9,61.8,30.9,4.2,3.1,1.7,1.3,0.1,4.6,0.6,2.1,0.6,9.3,1.2,1.1,79.9,0.5,0.4,0.4,2,0.1,0.6,0.9,0.1,88.6,6.8,0.1,6.5,0.1,5.4,38.7,44.7,3.7,0.8,1.1,19.6,27.8,22.3,15.8,7.5,5.8,2.7,7,13.4,28.1,21.4,22.4,5.1,80.7,16.4,2.9,10.2,68.1,17.3,3.8,0.5,0.1,67.3,9.8,0,0.1,3.1,19,0,0,0,0.6,94.9,4.1,0.9,99.1,0.6,0,0.1,0.1,0.2,96.9,68.7,20.5,2.1,4.3,0.5,0.7,0,0.1,3.1,0.5,2.5,92.9,3.6,3.5,63.7,25.4,10.9,5.6,0.7,4.4,0.1,3,85.1,0,0.8,0.1,0.3,100,98.5,88.6,9.9,1.2,0.4,0.8,0.3,77.1,18.6,91,13.5,14.3,7,65.3,17.5,63.8,60.9,22.4,24.4,2,92.9,4.9,1.6,0.9,0.7,0.6,000000,100,63.5,32.2,4.2,96.9,61.8,30.9,4.2,3.1,1.7
03,PUNJAB,049,Amritsar,00000,Amritsar,000000,0000,District - Amritsar,Rural,100,37,55.2,7.8,95.8,35.2,53,7.7,4.2,1.8,2.2,0.2,13.7,0.3,25.7,2.1,19.5,0.7,1,36.6,0.5,1.1,0.1,6.6,0.1,1.3,1.1,0,82.5,6.7,0.4,48.5,0.2,7.8,8.9,32.6,1.7,0.3,1.1,24.6,33.7,21.3,11.3,4.5,3.5,1.4,5,9.3,20.4,23.3,33.2,7.4,96.7,1.5,1.8,8.5,65.6,20.2,4.8,0.8,0.1,10.7,2.8,0.2,0.1,48.8,35,0,0.1,0,2.3,92.4,5.8,1.8,93.1,4.5,0.2,0.2,0.5,1.4,60.8,8.6,33.5,2.7,14.3,0.8,0.6,0.1,0.3,39.2,1.3,37.9,45.1,37.3,17.6,10.3,77.4,12.3,6.4,5.3,50.4,0.2,1.9,33.9,0,1.6,0,0.3,100,92,57,35,7.8,2.8,5,0.3,52.6,15.6,80.6,2,4,4.5,66.6,3.2,71.9,42.7,7.4,3.4,5.4,80.9,14.7,3.5,2.6,0.9,0.9,000000,100,37,55.2,7.8,95.8,35.2,53,7.7,4.2,1.8
03,PUNJAB,049,Amritsar,00000,Amritsar,000000,0000,District - Amritsar,Total,100,45.4,48.1,6.5,96,43.6,46.2,6.3,4,1.9,1.9,0.1,10.6,0.3,13.8,1.4,13.8,0.7,0.9,58,0.5,0.8,0.2,4.1,0.1,1,0.8,0.1,85.3,7.4,0.3,27.3,0.2,7.5,24.4,37.8,2.4,0.4,1.1,25.7,32.4,20.9,11.7,4.5,3.6,1.9,5.8,11.1,23.5,23,28.7,6,89.5,8.7,1.8,9.4,67.6,18.3,4,0.6,0.1,41.9,3.6,0.1,0.1,26.1,26.6,0,0.1,0,1.5,93.2,5.4,1.4,96,2.6,0.2,0.1,0.3,0.8,79,44.2,22.3,2.2,8.6,0.4,1,0,0.2,21,0.9,20.2,68.4,21.3,10.3,42.9,48.2,8.8,5.8,2.9,25.7,0.3,5.6,58.3,0,1.2,0,0.3,100,95.4,72.8,22.6,4.3,1.6,2.7,0.3,57.8,14.8,86.1,6.2,7.1,5.5,65.3,8.2,59.6,46.9,11.7,10.3,4.1,85.8,10.8,2.6,1.8,0.7,0.8,000000,100,45.4,48.1,6.5,96,43.6,46.2,6.3,4,1.9
03,PUNJAB,049,Amritsar,00000,Amritsar,000000,0000,District - Amritsar,Urban,100,52.1,42.5,5.4,96.2,50.2,40.8,5.3,3.8,2,1.7,0.1,8.1,0.3,4.3,0.8,9.2,0.7,0.9,75,0.6,0.5,0.2,2.1,0.1,0.8,0.6,0.1,87.5,8,0.1,10.5,0.2,7.2,36.7,42,3,0.5,1.2,26.6,31.4,20.6,12,4.5,3.7,2.2,6.4,12.5,26.1,22.7,25.2,4.8,83.8,14.3,1.8,10.2,69.1,16.8,3.4,0.4,0.1,66.7,4.2,0.1,0.1,8.1,19.9,0,0,0,0.9,93.8,5.2,1.1,98.3,1,0.2,0.1,0.1,0.3,93.4,72.6,13.3,1.8,4.1,0.2,1.3,0,0.1,6.6,0.6,6.1,86.9,8.6,4.4,68.9,25.1,6.1,5.3,1,6,0.3,8.5,77.7,0,0.9,0,0.3,100,98.1,85.4,12.7,1.6,0.7,0.9,0.3,61.9,14.2,90.4,9.6,9.5,6.4,64.4,12.1,49.9,50.2,15.1,15.8,3,89.8,7.7,1.8,1.2,0.6,0.7,000000,100,52.1,42.5,5.4,96.2,50.2,40.8,5.3,3.8,2
03,PUNJAB,050,Tarn Taran,00000,Tarn Taran,000000,0000,District - Tarn Taran,Rural,100,36.2,55.7,8.1,96.6,35,53.7,7.9,3.4,1.2,2,0.2,9.3,0.3,42,4.5,18.1,0.8,0.9,23.8,0.4,1.2,0.2,9.4,0.1,1.2,1,0,82.3,4.4,0.3,58.2,0.2,6.7,8.2,25.7,0.9,0.1,1.1,22.4,35.5,21,11.5,4.5,4,1.3,4.4,9,19.8,22.6,34,9,97.3,1.6,1.1,8.9,62.8,21.4,5.6,1,0.2,7.9,3.2,0.3,0.1,49.5,36.1,0,0.1,0,2.8,89.2,7.8,2.9,92.1,4.8,0.2,0.3,0.4,2.1,64.8,7,26.9,5.7,22.3,2,0.5,0,0.4,35.2,0.9,34.3,45.4,32.8,21.8,8.5,72.5,19,7.2,7.1,50.5,0.2,0.7,31.2,0,2.8,0.1,0.3,100,93.2,55.8,37.4,6.6,1.9,4.7,0.3,49.2,17.3,79.7,1.6,3.7,3.7,70.9,2.4,69.4,42.6,7.2,2.9,6.1,83.1,12.1,4.1,3.3,0.8,0.7,000000,100,36.2,55.7,8.1,96.6,35,53.7,7.9,3.4,1.2
03,PUNJAB,050,Tarn Taran,00000,Tarn Taran,000000,0000,District - Tarn Taran,Total,100,37.9,54.1,7.9,96.8,36.7,52.2,7.8,3.2,1.2,1.9,0.2,9.6,0.3,38.8,4.3,17.1,0.8,0.9,27.8,0.4,1.1,0.2,8.8,0.1,1.1,1,0,82.6,4.7,0.3,53.7,0.2,7,10.5,27.5,1.1,0.1,1,22.4,35.1,21.3,11.6,4.5,4,1.4,4.5,9.2,20.2,22.6,33.3,8.8,96.4,2.5,1.1,9,63.1,21.1,5.5,1,0.2,10.1,3.6,0.2,0.1,46.4,36.9,0,0.1,0,2.6,89.9,7.4,2.7,92.8,4.4,0.2,0.3,0.4,2,67.8,13.6,26.2,5.2,20.2,1.8,0.5,0,0.4,32.2,0.8,31.4,49.6,30.3,20.1,14.3,68.2,17.5,7.4,6.4,45.5,0.2,0.9,36.8,0,2.5,0.1,0.3,100,93.7,58.8,35,6,1.7,4.3,0.3,50.2,17.9,80.7,2.1,4.4,3.9,70.5,3.1,67,42.8,7.9,4,6,83.2,12.1,4,3.2,0.8,0.7,000000,100,37.9,54.1,7.9,96.8,36.7,52.2,7.8,3.2,1.2
03,PUNJAB,050,Tarn Taran,00000,Tarn Taran,000000,0000,District - Tarn Taran,Urban,100,49.3,43.6,7.1,97.7,48.2,42.5,7.1,2.3,1.1,1.1,0.1,12.1,0.5,17,3.3,9.9,0.9,1,55.1,0.2,0.7,0.2,5,0.1,1,1.3,0,85,6.5,0.2,23.4,0.1,8.4,26,39.4,2.6,0.1,1,23,32.4,23.1,12.4,4.6,3.5,1.8,5.2,10.5,22.9,22.8,29,7.8,89.9,8.7,1.4,10,65.4,18.9,4.8,0.8,0.2,24.7,6.1,0.1,0.1,26,42,0,0.1,0,1,94.3,4.2,1.5,97.3,1.4,0.1,0.1,0.1,0.9,87.7,58.4,21.4,1.5,5.8,0.3,0.3,0,0,12.3,0.3,12,77.5,13.5,9,53.2,38.9,8,8.4,1.6,12.1,0.3,2.2,74.5,0,0.7,0,0.2,100,97.6,79,18.6,2.2,0.8,1.4,0.2,57.2,21.6,87,5.9,9.3,5.3,67.9,7.7,51.1,44.2,12.4,11.6,5,84.3,12,3.3,2.5,0.7,0.4,000000,100,49.3,43.6,7.1,97.7,48.2,42.5,7.1,2.3,1.1
03,PUNJAB,051,Rupnagar,00000,Rupnagar,000000,0000,District - Rupnagar,Rural,100,58.4,35.6,6,94.8,55.5,33.6,5.8,5.2,2.9,2,0.3,8,0.2,4.5,1,8.7,0.7,1.4,75.2,0.3,0.8,0.2,4.5,0,1,1.4,0,88.2,3.7,0.1,19.7,0.1,3,6.4,67.3,3.4,0.2,1,16.5,30,22.6,15.7,7.4,6.8,2.4,5.4,9.6,22.5,23.1,29.5,7.4,96,2.5,1.5,9.6,63.3,21.1,5,0.8,0.2,49.1,4.6,0.9,3.6,26.4,13.8,0.2,0.2,0.1,1.3,76.5,16.5,7,97.1,2.2,0.1,0.2,0.1,0.3,56.9,6.2,37.7,2.4,9.8,0.3,0.2,0,0.1,43.1,1.3,41.9,64.3,18.6,17.1,8.6,69.5,21.9,40.1,2.2,15,0.2,1.2,39.3,0.1,1.5,0,0.4,100,92.3,79.1,13.2,7.3,3.1,4.3,0.4,76.7,12.5,82.1,2.7,5.3,7.3,65.2,12,76,52.5,9.7,5.4,3.4,89.2,7.1,3.2,2.4,0.8,0.5,000000,100,58.4,35.6,6,94.8,55.5,33.6,5.8,5.2,2.9
03,PUNJAB,051,Rupnagar,00000,Rupnagar,000000,0000,District - Rupnagar,Total,100,60.8,33.4,5.8,95.5,58.3,31.7,5.5,4.5,2.5,1.7,0.2,6.9,0.4,3.9,1.4,8.4,0.7,1.3,76.6,0.4,0.9,0.2,3.9,0,0.8,1.2,0.1,88.8,3.9,0.1,15.9,0.1,3,8.4,67.6,4.8,0.3,1,16.5,30.7,23.2,15.2,7,6.4,2.8,5.7,10.5,24.2,22.8,27.3,6.8,86.5,10.8,2.7,10.2,65,19.4,4.6,0.7,0.1,56.5,4.3,0.7,2.7,21.9,12.4,0.1,0.2,0.1,1.2,81.1,13.4,5.6,97.2,2,0.1,0.2,0.2,0.3,66.5,20.2,36.1,2,7.6,0.3,0.3,0,0.1,33.5,1.3,32.2,71.4,14.7,14,19.9,62.6,17.5,31.5,1.9,11.6,0.3,1.8,51,0.1,1.5,0,0.3,100,93.8,81.8,12,5.9,2.3,3.5,0.3,78.4,13.6,84.3,5,8.2,7,64.4,14.7,71.9,54.4,13,10.3,3.2,90.2,6.1,3.1,2,1,0.5,000000,100,60.8,33.4,5.8,95.5,58.3,31.7,5.5,4.5,2.5
03,PUNJAB,051,Rupnagar,00000,Rupnagar,000000,0000,District - Rupnagar,Urban,100,67.3,27.6,5,97.3,65.7,26.6,4.9,2.7,1.6,1.1,0.1,4.3,0.7,2.2,2.5,7.8,0.5,1.2,80.3,0.6,1.2,0.4,2.3,0,0.3,0.6,0.1,90.4,4.3,0.2,6,0.2,2.8,13.6,68.6,8.5,0.5,0.9,16.5,32.5,24.9,13.6,6,5.6,3.9,6.5,12.7,28.6,21.9,21.4,5.1,61.8,32.4,5.8,11.8,69.4,14.9,3.4,0.5,0.1,75.7,3.7,0.2,0.2,10.1,8.9,0.1,0.2,0.1,0.9,92.9,5.3,1.8,97.4,1.6,0,0.1,0.7,0.2,91.7,56.6,32,0.8,1.8,0.1,0.3,0,0.1,8.3,1.4,6.9,89.7,4.4,5.8,49.3,44.7,6,9.1,0.9,2.7,0.5,3.5,81.6,0,1.3,0,0.3,100,97.6,88.7,8.9,2.1,0.5,1.6,0.3,82.9,16.3,89.9,11,15.8,6,62.5,21.6,61.3,59.5,21.7,23.1,2.6,93,3.5,2.7,1.1,1.6,0.8,000000,100,67.3,27.6,5,97.3,65.7,26.6,4.9,2.7,1.6
03,PUNJAB,052,Sahibzada Ajit Singh Nagar,00000,Sahibzada Ajit Singh Nagar,000000,0000,District - Sahibzada Ajit Singh Nagar,Rural,100,49.6,43.2,7.3,93.5,45.9,40.6,7,6.5,3.7,2.6,0.3,21.5,0.4,7.7,2.9,9,0.7,3.3,54.1,0.4,1.5,0,6.3,0.1,0.9,0.8,0.2,82.3,7.8,0.1,25.8,0.1,4.5,8,59.2,2.1,0.2,1,21.3,27.9,21.7,15,6.8,6.4,2.6,5.4,9.2,22,22.7,29.8,8.4,89.8,7.6,2.6,8.5,62.4,21.8,6,1,0.3,57.9,8.9,0.2,0.8,19.2,11.1,0,0,0,1.8,81,13.9,5.1,96,2.9,0.1,0.2,0.2,0.7,60.7,7.4,34.4,4.3,13.7,0.4,0.4,0,0.2,39.3,2.2,37.1,71.5,15,13.4,11.7,80,8.2,15.4,2.6,35.1,0.4,3.3,41.7,0,1,0.1,0.4,100,92,74.7,17.3,7.5,2.6,4.9,0.4,67.7,12.6,82.2,2.2,6,6,68.3,7,71.4,51.4,11.4,5.4,3.7,74.3,20.7,4.5,3.2,1.4,0.5,000000,100,49.6,43.2,7.3,93.5,45.9,40.6,7,6.5,3.7
03,PUNJAB,052,Sahibzada Ajit Singh Nagar,00000,Sahibzada Ajit Singh Nagar,000000,0000,District - Sahibzada Ajit Singh Nagar,Total,100,62.9,31.9,5.2,96.2,60.8,30.4,5.1,3.8,2.1,1.5,0.2,11.2,0.4,3.9,1.6,5.4,1.2,3.2,72.7,0.4,0.9,0.2,4,0.1,0.7,0.8,0.1,85.7,7.5,0.1,13.6,0.1,3.3,23.5,52.3,6.9,0.3,1.1,20.9,25.9,23.8,16.2,6.1,6.1,3.1,7.5,12.9,26,20.8,23.7,6,77.8,19.1,3.1,9.7,66.9,18.1,4.5,0.7,0.1,73,6.8,0.1,0.4,11.6,6.9,0,0,0,1.1,86.8,10.3,3,97.2,2,0.1,0.1,0.2,0.5,79.1,37.8,27.5,2.9,10.1,0.2,0.3,0,0.3,20.9,1.5,19.4,83.7,8.1,8.2,40.1,52.5,7.4,10.3,1.4,15.9,0.2,3.8,66.8,0,1,0.1,0.4,100,95.4,81.9,13.5,4.2,1.5,2.6,0.4,76.8,20.8,86.7,13.2,12.6,7.1,66.5,14.2,60.3,57.1,24.9,22.3,2.5,85.5,11.3,2.7,1.8,0.9,0.5,000000,100,62.9,31.9,5.2,96.2,60.8,30.4,5.1,3.8,2.1
03,PUNJAB,052,Sahibzada Ajit Singh Nagar,00000,Sahibzada Ajit Singh Nagar,000000,0000,District - Sahibzada Ajit Singh Nagar,Urban,100,72.5,23.7,3.8,98.2,71.5,23,3.7,1.8,1,0.8,0.1,3.8,0.4,1.2,0.7,2.8,1.5,3.1,86,0.4,0.4,0.3,2.4,0,0.5,0.8,0.1,88.2,7.2,0.1,4.9,0.1,2.4,34.6,47.3,10.3,0.4,1.1,20.7,24.4,25.3,17,5.6,5.8,3.5,9,15.6,28.8,19.4,19.4,4.3,69.2,27.3,3.5,10.6,70.2,15.3,3.3,0.4,0.1,83.9,5.3,0.1,0,6.2,3.8,0,0,0,0.6,91,7.6,1.5,98.1,1.3,0,0.1,0.2,0.3,92.4,59.8,22.4,1.8,7.4,0.2,0.3,0,0.5,7.6,1,6.6,92.4,3.1,4.4,60.5,32.7,6.8,6.6,0.6,2,0.1,4.2,84.9,0,1,0.1,0.4,100,97.9,87.2,10.7,1.7,0.7,1,0.4,83.4,26.7,89.9,21.1,17.5,7.8,65.1,19.3,52.3,61.2,34.7,34.5,1.7,93.6,4.5,1.4,0.8,0.6,0.5,000000,100,72.5,23.7,3.8,98.2,71.5,23,3.7,1.8,1
03,PUNJAB,053,Sangrur,00000,Sangrur,000000,0000,District - Sangrur,Rural,100,48.2,45.7,6.1,87.7,42.2,39.9,5.6,12.3,6,5.8,0.5,6.7,0.1,20.2,1.5,44.2,0.7,1.2,24.5,0.7,0.3,0.1,3,0.1,0.9,1.2,0,90.4,3.8,0.1,33.4,0.1,24.4,15,25.3,1.7,0.1,0.7,19.8,33.9,23.5,13,5.1,3.9,2.2,5.3,10.3,22.2,22.5,29.8,7.7,97.3,1.7,1,8.5,61.5,23,5.8,0.9,0.2,19.7,14,0.2,0.1,13.3,49.1,0,0.1,0.2,3.2,76.9,16.2,6.9,96.7,2.1,0.1,0.1,0.4,0.7,78.6,4.1,23.3,6.3,39.1,5.3,0.3,0,0.1,21.4,3.5,18,75.1,13.3,11.6,7.3,78.4,14.3,9.7,6.3,48.9,0.1,1,29.6,0,3.9,0.1,0.4,100,92.6,61.3,31.3,6.9,2.7,4.2,0.4,62.2,9.5,75.5,2,4.5,10.7,49.9,18.5,80.4,45.8,10.2,4.4,4.8,90,8,1.1,0.9,0.2,0.9,000000,100,48.2,45.7,6.1,87.7,42.2,39.9,5.6,12.3,6
03,PUNJAB,053,Sangrur,00000,Sangrur,000000,0000,District - Sangrur,Total,100,52.2,42.2,5.7,90.4,47.4,37.8,5.3,9.6,4.8,4.4,0.4,6.3,0.2,15.6,1.3,37.2,0.8,1.2,36.8,0.6,0.3,0.2,2.9,0.1,0.8,1.1,0,90.4,4.1,0.1,26.6,0.1,20.8,20.7,29.2,2.4,0.2,0.8,20.6,33,23.4,13.2,5.1,3.9,2.2,5.4,10.6,22.9,22.4,29,7.4,93.8,4.8,1.4,8.7,63.2,21.7,5.4,0.8,0.2,34.4,13.5,0.1,0.1,10.5,38.5,0,0.1,0.1,2.6,81.4,13.3,5.3,97.3,1.6,0.1,0.1,0.3,0.6,82.8,17.6,24.4,5.1,31.1,4.2,0.3,0,0.1,17.2,2.7,14.5,78.9,11.2,9.9,15.4,71.7,12.9,9.1,4.7,38,0.1,1.5,43.1,0,3,0.1,0.4,100,94.1,67,27.1,5.5,2.2,3.3,0.4,61.8,9.1,78,3.4,6.4,9.5,53.1,17.9,76.6,46.8,11.2,7.3,4.4,90.7,7.3,1.3,1,0.3,0.7,000000,100,52.2,42.2,5.7,90.4,47.4,37.8,5.3,9.6,4.8
03,PUNJAB,053,Sangrur,00000,Sangrur,000000,0000,District - Sangrur,Urban,100,61,34.4,4.7,96.2,58.7,33,4.6,3.8,2.3,1.3,0.1,5.2,0.4,5.5,1,21.9,1.1,1,63.7,0.2,0.4,0.3,2.6,0.1,0.6,0.7,0,90.4,4.8,0.1,11.8,0.1,13,33.3,37.8,3.8,0.4,0.9,22.2,31,23.1,13.8,5.1,3.9,2.3,5.7,11.3,24.5,22.3,27.1,6.9,86.1,11.5,2.3,9,66.9,18.7,4.6,0.7,0.1,66.4,12.5,0.1,0,4.2,15.5,0,0,0,1.1,91.3,7.1,1.7,98.7,0.7,0,0.1,0.2,0.4,92,47,26.9,2.5,13.6,1.7,0.3,0,0,8,1.1,7,87.4,6.5,6.2,33,57.2,9.8,7.7,1.3,14.3,0.1,2.4,72.5,0,1.1,0.1,0.4,100,97.2,79.2,17.9,2.4,1.1,1.4,0.4,61.1,8.3,83.3,6.4,10.7,6.9,60,16.4,68.3,49,13.4,13.7,3.7,92.4,5.6,1.7,1.1,0.6,0.3,000000,100,61,34.4,4.7,96.2,58.7,33,4.6,3.8,2.3
03,PUNJAB,054,Barnala,00000,Barnala,000000,0000,District - Barnala,Rural,100,43.9,49.7,6.5,88.4,38.5,43.9,6,11.6,5.3,5.8,0.5,4.6,0.1,21.6,0.9,51.6,0.8,1.5,18.4,0.5,0.2,0.1,3.1,0,0.8,0.7,0,92.8,2,0.2,36.6,0.1,32,15,14.5,1.7,0.1,0.8,18.4,32.7,23.9,14.2,5.4,4.6,2.1,5.4,10.5,21.7,22.2,29.7,8.4,97.5,1.2,1.3,8.3,61.3,23.2,6,1,0.2,30,9.5,0.1,0,7.9,49.9,0,0.1,0,2.5,79.5,16.1,4.4,96.6,2.1,0.1,0.2,0.3,0.7,80.2,2.9,23.4,3.5,34.7,15.2,0.3,0.2,0.1,19.8,2.6,17.2,71.7,18.1,10.3,6,71.4,22.6,12.5,14.2,35.7,0.1,0.5,31,0,5.7,0.1,0.3,100,93.1,63.4,29.8,6.5,2.3,4.2,0.3,61.7,11.9,74.5,1.6,4.1,8.4,51.7,18.1,78.1,43.1,10.1,3.9,5.8,92.3,5.8,1.1,1,0.2,0.7,000000,100,43.9,49.7,6.5,88.4,38.5,43.9,6,11.6,5.3
03,PUNJAB,054,Barnala,00000,Barnala,000000,0000,District - Barnala,Total,100,46.9,46.8,6.3,90.6,42.5,42.2,5.9,9.4,4.4,4.6,0.4,4.3,0.2,17.1,0.9,45.5,0.8,1.4,29.3,0.6,0.3,0.1,3,0,0.8,0.7,0,92.2,2.6,0.2,31.2,0.1,27,21.5,18.1,2.1,0.1,0.9,20.4,31.7,23,14.2,5.4,4.4,2.4,5.9,10.9,22.8,22.1,28.2,7.6,93,5.5,1.5,9,62.9,21.6,5.5,0.8,0.2,47.8,9.4,0.1,0,5.6,35.2,0,0,0,2,84,12.7,3.3,97,1.9,0.1,0.1,0.3,0.7,83.5,14.6,24.7,2.9,28.6,12.2,0.3,0.1,0,16.5,2.2,14.3,74.8,16.4,8.8,12.2,67.5,20.3,10.9,11,27.6,0.1,1.1,44.8,0,4.1,0.1,0.3,100,94.4,66.5,27.9,5.2,1.8,3.5,0.3,62.3,11.7,77,3.1,6.3,7.2,54.2,18.1,74.5,44.1,11.5,7.3,5.5,92.6,5.4,1.2,1,0.3,0.7,000000,100,46.9,46.8,6.3,90.6,42.5,42.2,5.9,9.4,4.4
03,PUNJAB,054,Barnala,00000,Barnala,000000,0000,District - Barnala,Urban,100,53,41,5.9,95.1,50.5,38.8,5.8,4.9,2.6,2.2,0.1,3.8,0.3,8,0.9,33.4,0.8,1.1,51.1,0.6,0.4,0.1,2.9,0,1,0.7,0,90.8,3.9,0.1,20.4,0.1,17,34.4,25.2,2.9,0.2,1.2,24.4,29.7,21.3,14.1,5.4,3.9,3.2,6.7,11.8,25.1,22,25.2,6,84.1,14.1,1.9,10.4,66.2,18.4,4.4,0.5,0.1,83.2,9,0,0,0.9,5.8,0,0,0,0.9,93,5.8,1.2,97.8,1.3,0.1,0.1,0.2,0.5,90.2,38.1,27.5,1.7,16.5,6.1,0.3,0,0,9.8,1.3,8.5,81,13,6,24.7,59.8,15.5,7.8,4.7,11.5,0.2,2.4,72.3,0,0.8,0,0.4,100,97,72.9,24,2.7,0.8,1.9,0.4,63.7,11.3,82,6.2,10.6,4.6,59.1,18.1,67.4,46,14.3,14.1,4.9,93.1,4.7,1.5,1,0.4,0.7,000000,100,53,41,5.9,95.1,50.5,38.8,5.8,4.9,2.6
